-- ================================================
-- Categorized Mock Test Seed Data
-- ================================================
-- Creates 4 subject-specific tests (Math, Physics, Chemistry, English)
-- Each test: 45 minutes, 9 questions, 1 section

-- Step 1: Delete existing comprehensive test
DELETE FROM mock_tests WHERE id = '00000000-0000-0000-0000-000000000001';

-- ================================================
-- MATH TEST
-- ================================================

INSERT INTO mock_tests (id, category, title, description, time_limit_minutes, total_questions, passing_score_percentage, is_published)
VALUES (
  '10000000-0000-0000-0000-000000000001',
  'math',
  'ЭЕШ Математик - Тест 1',
  'ЭЕШ-ийн математикийн 9 асуулт бүхий 45 минутын тест',
  45,
  9,
  60,
  true
);

INSERT INTO mock_test_sections (id, mock_test_id, subject, title, order_index)
VALUES (
  '10000000-0000-0000-0001-000000000001',
  '10000000-0000-0000-0000-000000000001',
  'math',
  'Математик',
  1
);

-- Problem 1: Квадрат тэгшитгэл
INSERT INTO mock_test_problems (id, section_id, problem_number, title, context, order_index)
VALUES (
  '10000000-0000-0000-0001-000000000101',
  '10000000-0000-0000-0001-000000000001',
  1,
  'Асуулт 1: Квадрат тэгшитгэл',
  'Дараах квадрат тэгшитгэлүүдийг бод',
  1
);

INSERT INTO mock_test_questions (id, problem_id, question_number, question_text, explanation, points, order_index)
VALUES
  ('10000000-0000-0000-0001-000000000111', '10000000-0000-0000-0001-000000000101', 'a', 'x² - 5x + 6 = 0 тэгшитгэлийг шийд', 'x² - 5x + 6 = (x-2)(x-3) = 0, иймээс x = 2 эсвэл x = 3', 10, 1),
  ('10000000-0000-0000-0001-000000000112', '10000000-0000-0000-0001-000000000101', 'b', '2x² + 7x - 15 = 0 тэгшитгэлийн язгуурыг ол', 'D = 49 + 120 = 169, x = (-7 ± 13)/4, иймээс x = 3/2 эсвэл x = -5', 10, 2),
  ('10000000-0000-0000-0001-000000000113', '10000000-0000-0000-0001-000000000101', 'c', 'x² - 9 = 0 тэгшитгэлийг шийд', 'x² = 9, иймээс x = ±3', 10, 3);

INSERT INTO mock_test_options (id, question_id, option_text, is_correct, order_index)
VALUES
  -- Question a options
  ('10000000-0000-0000-0001-000000001111', '10000000-0000-0000-0001-000000000111', 'x = 2, x = 3', true, 0),
  ('10000000-0000-0000-0001-000000001112', '10000000-0000-0000-0001-000000000111', 'x = 1, x = 6', false, 1),
  ('10000000-0000-0000-0001-000000001113', '10000000-0000-0000-0001-000000000111', 'x = -2, x = -3', false, 2),
  ('10000000-0000-0000-0001-000000001114', '10000000-0000-0000-0001-000000000111', 'x = 5, x = 1', false, 3),
  -- Question b options
  ('10000000-0000-0000-0001-000000001121', '10000000-0000-0000-0001-000000000112', 'x = 3/2, x = -5', true, 0),
  ('10000000-0000-0000-0001-000000001122', '10000000-0000-0000-0001-000000000112', 'x = -3/2, x = 5', false, 1),
  ('10000000-0000-0000-0001-000000001123', '10000000-0000-0000-0001-000000000112', 'x = 2, x = -7', false, 2),
  ('10000000-0000-0000-0001-000000001124', '10000000-0000-0000-0001-000000000112', 'x = 1, x = 3', false, 3),
  -- Question c options
  ('10000000-0000-0000-0001-000000001131', '10000000-0000-0000-0001-000000000113', 'x = ±3', true, 0),
  ('10000000-0000-0000-0001-000000001132', '10000000-0000-0000-0001-000000000113', 'x = 3 зөвхөн', false, 1),
  ('10000000-0000-0000-0001-000000001133', '10000000-0000-0000-0001-000000000113', 'x = ±9', false, 2),
  ('10000000-0000-0000-0001-000000001134', '10000000-0000-0000-0001-000000000113', 'Язгуургүй', false, 3);

-- Problem 2: Функц
INSERT INTO mock_test_problems (id, section_id, problem_number, title, context, order_index)
VALUES (
  '10000000-0000-0000-0001-000000000102',
  '10000000-0000-0000-0001-000000000001',
  2,
  'Асуулт 2: Функц',
  'f(x) = 2x + 3 функц өгөгдсөн',
  2
);

INSERT INTO mock_test_questions (id, problem_id, question_number, question_text, explanation, points, order_index)
VALUES
  ('10000000-0000-0000-0001-000000000121', '10000000-0000-0000-0001-000000000102', 'a', 'f(5)-ийн утгыг ол', 'f(5) = 2(5) + 3 = 10 + 3 = 13', 10, 1),
  ('10000000-0000-0000-0001-000000000122', '10000000-0000-0000-0001-000000000102', 'b', 'f(x) = 15 бол x-ийг ол', '2x + 3 = 15, 2x = 12, x = 6', 10, 2);

INSERT INTO mock_test_options (id, question_id, option_text, is_correct, order_index)
VALUES
  -- Question a
  ('10000000-0000-0000-0001-000000001211', '10000000-0000-0000-0001-000000000121', '13', true, 0),
  ('10000000-0000-0000-0001-000000001212', '10000000-0000-0000-0001-000000000121', '10', false, 1),
  ('10000000-0000-0000-0001-000000001213', '10000000-0000-0000-0001-000000000121', '8', false, 2),
  ('10000000-0000-0000-0001-000000001214', '10000000-0000-0000-0001-000000000121', '16', false, 3),
  -- Question b
  ('10000000-0000-0000-0001-000000001221', '10000000-0000-0000-0001-000000000122', 'x = 6', true, 0),
  ('10000000-0000-0000-0001-000000001222', '10000000-0000-0000-0001-000000000122', 'x = 7', false, 1),
  ('10000000-0000-0000-0001-000000001223', '10000000-0000-0000-0001-000000000122', 'x = 9', false, 2),
  ('10000000-0000-0000-0001-000000001224', '10000000-0000-0000-0001-000000000122', 'x = 5', false, 3);

-- Problem 3: Геометр
INSERT INTO mock_test_problems (id, section_id, problem_number, title, context, order_index)
VALUES (
  '10000000-0000-0000-0001-000000000103',
  '10000000-0000-0000-0001-000000000001',
  3,
  'Асуулт 3: Геометр',
  'Тэгш өнцөгт гурвалжин өгөгдсөн',
  3
);

INSERT INTO mock_test_questions (id, problem_id, question_number, question_text, explanation, points, order_index)
VALUES
  ('10000000-0000-0000-0001-000000000131', '10000000-0000-0000-0001-000000000103', 'a', 'Катетууд a=3, b=4 бол гипотенузыг ол', 'Пифагорын теорем: c² = 3² + 4² = 9 + 16 = 25, c = 5', 10, 1),
  ('10000000-0000-0000-0001-000000000132', '10000000-0000-0000-0001-000000000103', 'b', 'Гадаргуугийн талбай нь 12 см², катет a=3 см бол b=?', 'S = ab/2, 12 = 3b/2, b = 8 см', 10, 2);

INSERT INTO mock_test_options (id, question_id, option_text, is_correct, order_index)
VALUES
  -- Question a
  ('10000000-0000-0000-0001-000000001311', '10000000-0000-0000-0001-000000000131', '5', true, 0),
  ('10000000-0000-0000-0001-000000001312', '10000000-0000-0000-0001-000000000131', '7', false, 1),
  ('10000000-0000-0000-0001-000000001313', '10000000-0000-0000-0001-000000000131', '6', false, 2),
  ('10000000-0000-0000-0001-000000001314', '10000000-0000-0000-0001-000000000131', '4', false, 3),
  -- Question b
  ('10000000-0000-0000-0001-000000001321', '10000000-0000-0000-0001-000000000132', 'b = 8 см', true, 0),
  ('10000000-0000-0000-0001-000000001322', '10000000-0000-0000-0001-000000000132', 'b = 6 см', false, 1),
  ('10000000-0000-0000-0001-000000001323', '10000000-0000-0000-0001-000000000132', 'b = 4 см', false, 2),
  ('10000000-0000-0000-0001-000000001324', '10000000-0000-0000-0001-000000000132', 'b = 9 см', false, 3);

-- Problem 4: Тооны систем
INSERT INTO mock_test_problems (id, section_id, problem_number, title, context, order_index)
VALUES (
  '10000000-0000-0000-0001-000000000104',
  '10000000-0000-0000-0001-000000000001',
  4,
  'Асуулт 4: Тооны систем',
  NULL,
  4
);

INSERT INTO mock_test_questions (id, problem_id, question_number, question_text, explanation, points, order_index)
VALUES
  ('10000000-0000-0000-0001-000000000141', '10000000-0000-0000-0001-000000000104', 'a', '2⁵ × 2³ = ?', 'Ижил үндэстэй зэрэгийг үржихдээ зэрэгийг нэмнэ: 2⁵⁺³ = 2⁸ = 256', 10, 1),
  ('10000000-0000-0000-0001-000000000142', '10000000-0000-0000-0001-000000000104', 'b', '(3²)³ = ?', 'Зэрэгт зэрэг бол зэрэгүүдийг үржинэ: 3²ˣ³ = 3⁶ = 729', 10, 2),
  ('10000000-0000-0000-0001-000000000143', '10000000-0000-0000-0001-000000000104', 'c', '5⁰ = ?', 'Ямар ч тоог 0-т зэрэглэвэл 1 болно', 10, 3);

INSERT INTO mock_test_options (id, question_id, option_text, is_correct, order_index)
VALUES
  -- Question a
  ('10000000-0000-0000-0001-000000001411', '10000000-0000-0000-0001-000000000141', '256', true, 0),
  ('10000000-0000-0000-0001-000000001412', '10000000-0000-0000-0001-000000000141', '128', false, 1),
  ('10000000-0000-0000-0001-000000001413', '10000000-0000-0000-0001-000000000141', '64', false, 2),
  ('10000000-0000-0000-0001-000000001414', '10000000-0000-0000-0001-000000000141', '32', false, 3),
  -- Question b
  ('10000000-0000-0000-0001-000000001421', '10000000-0000-0000-0001-000000000142', '729', true, 0),
  ('10000000-0000-0000-0001-000000001422', '10000000-0000-0000-0001-000000000142', '243', false, 1),
  ('10000000-0000-0000-0001-000000001423', '10000000-0000-0000-0001-000000000142', '81', false, 2),
  ('10000000-0000-0000-0001-000000001424', '10000000-0000-0000-0001-000000000142', '27', false, 3),
  -- Question c
  ('10000000-0000-0000-0001-000000001431', '10000000-0000-0000-0001-000000000143', '1', true, 0),
  ('10000000-0000-0000-0001-000000001432', '10000000-0000-0000-0001-000000000143', '0', false, 1),
  ('10000000-0000-0000-0001-000000001433', '10000000-0000-0000-0001-000000000143', '5', false, 2),
  ('10000000-0000-0000-0001-000000001434', '10000000-0000-0000-0001-000000000143', 'Тодорхойгүй', false, 3);

-- ================================================
-- PHYSICS TEST
-- ================================================

INSERT INTO mock_tests (id, category, title, description, time_limit_minutes, total_questions, passing_score_percentage, is_published)
VALUES (
  '20000000-0000-0000-0000-000000000001',
  'physics',
  'ЭЕШ Физик - Тест 1',
  'ЭЕШ-ийн физикийн 9 асуулт бүхий 45 минутын тест',
  45,
  9,
  60,
  true
);

INSERT INTO mock_test_sections (id, mock_test_id, subject, title, order_index)
VALUES (
  '20000000-0000-0000-0002-000000000001',
  '20000000-0000-0000-0000-000000000001',
  'physics',
  'Физик',
  1
);

-- Problem 1: Механик
INSERT INTO mock_test_problems (id, section_id, problem_number, title, context, order_index)
VALUES (
  '20000000-0000-0000-0002-000000000101',
  '20000000-0000-0000-0002-000000000001',
  1,
  'Асуулт 1: Хөдөлгөөн',
  'Биет 10 м/с хурдтай жигд хөдөлнө',
  1
);

INSERT INTO mock_test_questions (id, problem_id, question_number, question_text, explanation, points, order_index)
VALUES
  ('20000000-0000-0000-0002-000000000111', '20000000-0000-0000-0002-000000000101', 'a', '5 секундэд ямар зам туулах вэ?', 'S = vt = 10 × 5 = 50 м', 10, 1),
  ('20000000-0000-0000-0002-000000000112', '20000000-0000-0000-0002-000000000101', 'b', '100 м зам туулахад ямар хугацаа шаардагдах вэ?', 't = S/v = 100/10 = 10 сек', 10, 2);

INSERT INTO mock_test_options (id, question_id, option_text, is_correct, order_index)
VALUES
  -- Question a
  ('20000000-0000-0000-0002-000000001111', '20000000-0000-0000-0002-000000000111', '50 м', true, 0),
  ('20000000-0000-0000-0002-000000001112', '20000000-0000-0000-0002-000000000111', '100 м', false, 1),
  ('20000000-0000-0000-0002-000000001113', '20000000-0000-0000-0002-000000000111', '25 м', false, 2),
  ('20000000-0000-0000-0002-000000001114', '20000000-0000-0000-0002-000000000111', '15 м', false, 3),
  -- Question b
  ('20000000-0000-0000-0002-000000001121', '20000000-0000-0000-0002-000000000112', '10 сек', true, 0),
  ('20000000-0000-0000-0002-000000001122', '20000000-0000-0000-0002-000000000112', '5 сек', false, 1),
  ('20000000-0000-0000-0002-000000001123', '20000000-0000-0000-0002-000000000112', '20 сек', false, 2),
  ('20000000-0000-0000-0002-000000001124', '20000000-0000-0000-0002-000000000112', '15 сек', false, 3);

-- Problem 2: Хүч
INSERT INTO mock_test_problems (id, section_id, problem_number, title, context, order_index)
VALUES (
  '20000000-0000-0000-0002-000000000102',
  '20000000-0000-0000-0002-000000000001',
  2,
  'Асуулт 2: Ньютоны хоёрдугаар хууль',
  'F = ma (Хүч = Масс × Хурдатгал)',
  2
);

INSERT INTO mock_test_questions (id, problem_id, question_number, question_text, explanation, points, order_index)
VALUES
  ('20000000-0000-0000-0002-000000000121', '20000000-0000-0000-0002-000000000102', 'a', '2 кг массыг 5 м/с² хурдатгалаар хөдөлгөхөд ямар хүч хэрэгтэй вэ?', 'F = ma = 2 × 5 = 10 Н', 10, 1),
  ('20000000-0000-0000-0002-000000000122', '20000000-0000-0000-0002-000000000102', 'b', '20 Н хүчээр 4 м/с² хурдатгал үүсгэвэл биетийн масс хэд вэ?', 'm = F/a = 20/4 = 5 кг', 10, 2),
  ('20000000-0000-0000-0002-000000000123', '20000000-0000-0000-0002-000000000102', 'c', 'Таталцлын хурдатгал g = 10 м/с². 3 кг биетийн жин хэд вэ?', 'P = mg = 3 × 10 = 30 Н', 10, 3);

INSERT INTO mock_test_options (id, question_id, option_text, is_correct, order_index)
VALUES
  -- Question a
  ('20000000-0000-0000-0002-000000001211', '20000000-0000-0000-0002-000000000121', '10 Н', true, 0),
  ('20000000-0000-0000-0002-000000001212', '20000000-0000-0000-0002-000000000121', '7 Н', false, 1),
  ('20000000-0000-0000-0002-000000001213', '20000000-0000-0000-0002-000000000121', '2.5 Н', false, 2),
  ('20000000-0000-0000-0002-000000001214', '20000000-0000-0000-0002-000000000121', '3 Н', false, 3),
  -- Question b
  ('20000000-0000-0000-0002-000000001221', '20000000-0000-0000-0002-000000000122', '5 кг', true, 0),
  ('20000000-0000-0000-0002-000000001222', '20000000-0000-0000-0002-000000000122', '4 кг', false, 1),
  ('20000000-0000-0000-0002-000000001223', '20000000-0000-0000-0002-000000000122', '16 кг', false, 2),
  ('20000000-0000-0000-0002-000000001224', '20000000-0000-0000-0002-000000000122', '80 кг', false, 3),
  -- Question c
  ('20000000-0000-0000-0002-000000001231', '20000000-0000-0000-0002-000000000123', '30 Н', true, 0),
  ('20000000-0000-0000-0002-000000001232', '20000000-0000-0000-0002-000000000123', '13 Н', false, 1),
  ('20000000-0000-0000-0002-000000001233', '20000000-0000-0000-0002-000000000123', '3 Н', false, 2),
  ('20000000-0000-0000-0002-000000001234', '20000000-0000-0000-0002-000000000123', '0.3 Н', false, 3);

-- Problem 3: Энерги
INSERT INTO mock_test_problems (id, section_id, problem_number, title, context, order_index)
VALUES (
  '20000000-0000-0000-0002-000000000103',
  '20000000-0000-0000-0002-000000000001',
  3,
  'Асуулт 3: Кинетик энерги',
  'Eₖ = mv²/2',
  3
);

INSERT INTO mock_test_questions (id, problem_id, question_number, question_text, explanation, points, order_index)
VALUES
  ('20000000-0000-0000-0002-000000000131', '20000000-0000-0000-0002-000000000103', 'a', '4 кг биет 5 м/с хурдтай хөдөлбөл кинетик энерги нь?', 'Eₖ = 4 × 5²/2 = 4 × 25/2 = 50 Ж', 10, 1),
  ('20000000-0000-0000-0002-000000000132', '20000000-0000-0000-0002-000000000103', 'b', 'Хурд 2 дахин ихэсвэл кинетик энерги хэрхэн өөрчлөгдөх вэ?', 'v² байгаа тул хурд 2 дахин ихэсвэл энерги 4 дахин ихэснэ', 10, 2);

INSERT INTO mock_test_options (id, question_id, option_text, is_correct, order_index)
VALUES
  -- Question a
  ('20000000-0000-0000-0002-000000001311', '20000000-0000-0000-0002-000000000131', '50 Ж', true, 0),
  ('20000000-0000-0000-0002-000000001312', '20000000-0000-0000-0002-000000000131', '100 Ж', false, 1),
  ('20000000-0000-0000-0002-000000001313', '20000000-0000-0000-0002-000000000131', '20 Ж', false, 2),
  ('20000000-0000-0000-0002-000000001314', '20000000-0000-0000-0002-000000000131', '10 Ж', false, 3),
  -- Question b
  ('20000000-0000-0000-0002-000000001321', '20000000-0000-0000-0002-000000000132', '4 дахин ихэснэ', true, 0),
  ('20000000-0000-0000-0002-000000001322', '20000000-0000-0000-0002-000000000132', '2 дахин ихэснэ', false, 1),
  ('20000000-0000-0000-0002-000000001323', '20000000-0000-0000-0002-000000000132', 'Өөрчлөгдөхгүй', false, 2),
  ('20000000-0000-0000-0002-000000001324', '20000000-0000-0000-0002-000000000132', '8 дахин ихэснэ', false, 3);

-- Problem 4: Цахилгаан
INSERT INTO mock_test_problems (id, section_id, problem_number, title, context, order_index)
VALUES (
  '20000000-0000-0000-0002-000000000104',
  '20000000-0000-0000-0002-000000000001',
  4,
  'Асуулт 4: Омын хууль',
  'I = U/R',
  4
);

INSERT INTO mock_test_questions (id, problem_id, question_number, question_text, explanation, points, order_index)
VALUES
  ('20000000-0000-0000-0002-000000000141', '20000000-0000-0000-0002-000000000104', 'a', '12 В хүчдэл, 3 Ом эсэргүүцэл. Гүйдэл хэд вэ?', 'I = U/R = 12/3 = 4 А', 10, 1),
  ('20000000-0000-0000-0002-000000000142', '20000000-0000-0000-0002-000000000104', 'b', '2 А гүйдэл, 5 Ом эсэргүүцэл. Хүчдэл хэд вэ?', 'U = IR = 2 × 5 = 10 В', 10, 2),
  ('20000000-0000-0000-0002-000000000143', '20000000-0000-0000-0002-000000000104', 'c', 'Цахилгаан чадал P = UI. U=10В, I=2А бол P=?', 'P = 10 × 2 = 20 Вт', 10, 3);

INSERT INTO mock_test_options (id, question_id, option_text, is_correct, order_index)
VALUES
  -- Question a
  ('20000000-0000-0000-0002-000000001411', '20000000-0000-0000-0002-000000000141', '4 А', true, 0),
  ('20000000-0000-0000-0002-000000001412', '20000000-0000-0000-0002-000000000141', '36 А', false, 1),
  ('20000000-0000-0000-0002-000000001413', '20000000-0000-0000-0002-000000000141', '9 А', false, 2),
  ('20000000-0000-0000-0002-000000001414', '20000000-0000-0000-0002-000000000141', '15 А', false, 3),
  -- Question b
  ('20000000-0000-0000-0002-000000001421', '20000000-0000-0000-0002-000000000142', '10 В', true, 0),
  ('20000000-0000-0000-0002-000000001422', '20000000-0000-0000-0002-000000000142', '7 В', false, 1),
  ('20000000-0000-0000-0002-000000001423', '20000000-0000-0000-0002-000000000142', '3 В', false, 2),
  ('20000000-0000-0000-0002-000000001424', '20000000-0000-0000-0002-000000000142', '2.5 В', false, 3),
  -- Question c
  ('20000000-0000-0000-0002-000000001431', '20000000-0000-0000-0002-000000000143', '20 Вт', true, 0),
  ('20000000-0000-0000-0002-000000001432', '20000000-0000-0000-0002-000000000143', '12 Вт', false, 1),
  ('20000000-0000-0000-0002-000000001433', '20000000-0000-0000-0002-000000000143', '5 Вт', false, 2),
  ('20000000-0000-0000-0002-000000001434', '20000000-0000-0000-0002-000000000143', '8 Вт', false, 3);

-- ================================================
-- CHEMISTRY TEST
-- ================================================

INSERT INTO mock_tests (id, category, title, description, time_limit_minutes, total_questions, passing_score_percentage, is_published)
VALUES (
  '30000000-0000-0000-0000-000000000001',
  'chemistry',
  'ЭЕШ Хими - Тест 1',
  'ЭЕШ-ийн химийн 9 асуулт бүхий 45 минутын тест',
  45,
  9,
  60,
  true
);

INSERT INTO mock_test_sections (id, mock_test_id, subject, title, order_index)
VALUES (
  '30000000-0000-0000-0003-000000000001',
  '30000000-0000-0000-0000-000000000001',
  'chemistry',
  'Хими',
  1
);

-- Problem 1: Атомын бүтэц
INSERT INTO mock_test_problems (id, section_id, problem_number, title, context, order_index)
VALUES (
  '30000000-0000-0000-0003-000000000101',
  '30000000-0000-0000-0003-000000000001',
  1,
  'Асуулт 1: Атомын бүтэц',
  NULL,
  1
);

INSERT INTO mock_test_questions (id, problem_id, question_number, question_text, explanation, points, order_index)
VALUES
  ('30000000-0000-0000-0003-000000000111', '30000000-0000-0000-0003-000000000101', 'a', 'Устөрөгчийн атомд хэдэн протон байдаг вэ?', 'Устөрөгч (H) нь Менделеевийн системд 1-р байр эзэлдэг тул 1 протонтой', 10, 1),
  ('30000000-0000-0000-0003-000000000112', '30000000-0000-0000-0003-000000000101', 'b', 'Нүүрстөрөгчийн атомын масс 12. Нейтроны тоо хэд вэ? (Протон=6)', 'Масс = Протон + Нейтрон, 12 = 6 + n, n = 6', 10, 2);

INSERT INTO mock_test_options (id, question_id, option_text, is_correct, order_index)
VALUES
  -- Question a
  ('30000000-0000-0000-0003-000000001111', '30000000-0000-0000-0003-000000000111', '1', true, 0),
  ('30000000-0000-0000-0003-000000001112', '30000000-0000-0000-0003-000000000111', '2', false, 1),
  ('30000000-0000-0000-0003-000000001113', '30000000-0000-0000-0003-000000000111', '0', false, 2),
  ('30000000-0000-0000-0003-000000001114', '30000000-0000-0000-0003-000000000111', '8', false, 3),
  -- Question b
  ('30000000-0000-0000-0003-000000001121', '30000000-0000-0000-0003-000000000112', '6', true, 0),
  ('30000000-0000-0000-0003-000000001122', '30000000-0000-0000-0003-000000000112', '12', false, 1),
  ('30000000-0000-0000-0003-000000001123', '30000000-0000-0000-0003-000000000112', '18', false, 2),
  ('30000000-0000-0000-0003-000000001124', '30000000-0000-0000-0003-000000000112', '3', false, 3);

-- Problem 2: Химийн тэгшитгэл
INSERT INTO mock_test_problems (id, section_id, problem_number, title, context, order_index)
VALUES (
  '30000000-0000-0000-0003-000000000102',
  '30000000-0000-0000-0003-000000000001',
  2,
  'Асуулт 2: Химийн урвал',
  'Дараах урвалуудыг тэнцүүл',
  2
);

INSERT INTO mock_test_questions (id, problem_id, question_number, question_text, explanation, points, order_index)
VALUES
  ('30000000-0000-0000-0003-000000000121', '30000000-0000-0000-0003-000000000102', 'a', 'H₂ + O₂ → H₂O урвалыг тэнцүүл', '2H₂ + O₂ → 2H₂O (4 H, 2 O тал бүр дээр)', 10, 1),
  ('30000000-0000-0000-0003-000000000122', '30000000-0000-0000-0003-000000000102', 'b', 'CH₄ + O₂ → CO₂ + H₂O урвалд O₂-ийн коэффициент', 'CH₄ + 2O₂ → CO₂ + 2H₂O, иймээс O₂-ийн коэффициент 2', 10, 2),
  ('30000000-0000-0000-0003-000000000123', '30000000-0000-0000-0003-000000000102', 'c', 'Fe + O₂ → Fe₂O₃ урвалд Fe-ийн коэффициент', '4Fe + 3O₂ → 2Fe₂O₃, иймээс Fe-ийн коэффициент 4', 10, 3);

INSERT INTO mock_test_options (id, question_id, option_text, is_correct, order_index)
VALUES
  -- Question a
  ('30000000-0000-0000-0003-000000001211', '30000000-0000-0000-0003-000000000121', '2H₂ + O₂ → 2H₂O', true, 0),
  ('30000000-0000-0000-0003-000000001212', '30000000-0000-0000-0003-000000000121', 'H₂ + O₂ → H₂O', false, 1),
  ('30000000-0000-0000-0003-000000001213', '30000000-0000-0000-0003-000000000121', '3H₂ + O₂ → 3H₂O', false, 2),
  ('30000000-0000-0000-0003-000000001214', '30000000-0000-0000-0003-000000000121', 'H₂ + 2O₂ → H₂O', false, 3),
  -- Question b
  ('30000000-0000-0000-0003-000000001221', '30000000-0000-0000-0003-000000000122', '2', true, 0),
  ('30000000-0000-0000-0003-000000001222', '30000000-0000-0000-0003-000000000122', '1', false, 1),
  ('30000000-0000-0000-0003-000000001223', '30000000-0000-0000-0003-000000000122', '3', false, 2),
  ('30000000-0000-0000-0003-000000001224', '30000000-0000-0000-0003-000000000122', '4', false, 3),
  -- Question c
  ('30000000-0000-0000-0003-000000001231', '30000000-0000-0000-0003-000000000123', '4', true, 0),
  ('30000000-0000-0000-0003-000000001232', '30000000-0000-0000-0003-000000000123', '2', false, 1),
  ('30000000-0000-0000-0003-000000001233', '30000000-0000-0000-0003-000000000123', '3', false, 2),
  ('30000000-0000-0000-0003-000000001234', '30000000-0000-0000-0003-000000000123', '1', false, 3);

-- Problem 3: Молекулын томъёо
INSERT INTO mock_test_problems (id, section_id, problem_number, title, context, order_index)
VALUES (
  '30000000-0000-0000-0003-000000000103',
  '30000000-0000-0000-0003-000000000001',
  3,
  'Асуулт 3: Молекулын томъёо',
  NULL,
  3
);

INSERT INTO mock_test_questions (id, problem_id, question_number, question_text, explanation, points, order_index)
VALUES
  ('30000000-0000-0000-0003-000000000131', '30000000-0000-0000-0003-000000000103', 'a', 'Усны молекулын томъёо юу вэ?', 'Ус нь 2 устөрөгч, 1 хүчилтөрөгчөөс бүрдэнэ: H₂O', 10, 1),
  ('30000000-0000-0000-0003-000000000132', '30000000-0000-0000-0003-000000000103', 'b', 'Давсны хүчлийн молекулын томъёо юу вэ?', 'Давсны хүчил нь устөрөгч ба хлороос бүрдэнэ: HCl', 10, 2);

INSERT INTO mock_test_options (id, question_id, option_text, is_correct, order_index)
VALUES
  -- Question a
  ('30000000-0000-0000-0003-000000001311', '30000000-0000-0000-0003-000000000131', 'H₂O', true, 0),
  ('30000000-0000-0000-0003-000000001312', '30000000-0000-0000-0003-000000000131', 'H₂O₂', false, 1),
  ('30000000-0000-0000-0003-000000001313', '30000000-0000-0000-0003-000000000131', 'HO', false, 2),
  ('30000000-0000-0000-0003-000000001314', '30000000-0000-0000-0003-000000000131', 'H₃O', false, 3),
  -- Question b
  ('30000000-0000-0000-0003-000000001321', '30000000-0000-0000-0003-000000000132', 'HCl', true, 0),
  ('30000000-0000-0000-0003-000000001322', '30000000-0000-0000-0003-000000000132', 'NaCl', false, 1),
  ('30000000-0000-0000-0003-000000001323', '30000000-0000-0000-0003-000000000132', 'H₂Cl', false, 2),
  ('30000000-0000-0000-0003-000000001324', '30000000-0000-0000-0003-000000000132', 'HCl₂', false, 3);

-- Problem 4: рН шинж чанар
INSERT INTO mock_test_problems (id, section_id, problem_number, title, context, order_index)
VALUES (
  '30000000-0000-0000-0003-000000000104',
  '30000000-0000-0000-0003-000000000001',
  4,
  'Асуулт 4: Хүчил ба суурь',
  'рН хэмжүүр: 0-6 хүчиллэг, 7 төвийг сахисан, 8-14 суурьлаг',
  4
);

INSERT INTO mock_test_questions (id, problem_id, question_number, question_text, explanation, points, order_index)
VALUES
  ('30000000-0000-0000-0003-000000000141', '30000000-0000-0000-0003-000000000104', 'a', 'рН = 3 бол энэ нь ямар уусмал вэ?', 'рН < 7 бол хүчиллэг уусмал', 10, 1),
  ('30000000-0000-0000-0003-000000000142', '30000000-0000-0000-0003-000000000104', 'b', 'рН = 10 бол энэ нь ямар уусмал вэ?', 'рН > 7 бол суурьлаг уусмал', 10, 2),
  ('30000000-0000-0000-0003-000000000143', '30000000-0000-0000-0003-000000000104', 'c', 'Цэвэр усны рН утга хэд вэ?', 'Цэвэр ус нь төвийг сахисан, рН = 7', 10, 3);

INSERT INTO mock_test_options (id, question_id, option_text, is_correct, order_index)
VALUES
  -- Question a
  ('30000000-0000-0000-0003-000000001411', '30000000-0000-0000-0003-000000000141', 'Хүчиллэг', true, 0),
  ('30000000-0000-0000-0003-000000001412', '30000000-0000-0000-0003-000000000141', 'Суурьлаг', false, 1),
  ('30000000-0000-0000-0003-000000001413', '30000000-0000-0000-0003-000000000141', 'Төвийг сахисан', false, 2),
  ('30000000-0000-0000-0003-000000001414', '30000000-0000-0000-0003-000000000141', 'Давс', false, 3),
  -- Question b
  ('30000000-0000-0000-0003-000000001421', '30000000-0000-0000-0003-000000000142', 'Суурьлаг', true, 0),
  ('30000000-0000-0000-0003-000000001422', '30000000-0000-0000-0003-000000000142', 'Хүчиллэг', false, 1),
  ('30000000-0000-0000-0003-000000001423', '30000000-0000-0000-0003-000000000142', 'Төвийг сахисан', false, 2),
  ('30000000-0000-0000-0003-000000001424', '30000000-0000-0000-0003-000000000142', 'Давс', false, 3),
  -- Question c
  ('30000000-0000-0000-0003-000000001431', '30000000-0000-0000-0003-000000000143', '7', true, 0),
  ('30000000-0000-0000-0003-000000001432', '30000000-0000-0000-0003-000000000143', '0', false, 1),
  ('30000000-0000-0000-0003-000000001433', '30000000-0000-0000-0003-000000000143', '14', false, 2),
  ('30000000-0000-0000-0003-000000001434', '30000000-0000-0000-0003-000000000143', '5', false, 3);

-- ================================================
-- ENGLISH TEST
-- ================================================

INSERT INTO mock_tests (id, category, title, description, time_limit_minutes, total_questions, passing_score_percentage, is_published)
VALUES (
  '40000000-0000-0000-0000-000000000001',
  'english',
  'ЭЕШ Англи хэл - Тест 1',
  'ЭЕШ-ийн англи хэлний 9 асуулт бүхий 45 минутын тест',
  45,
  9,
  60,
  true
);

INSERT INTO mock_test_sections (id, mock_test_id, subject, title, order_index)
VALUES (
  '40000000-0000-0000-0004-000000000001',
  '40000000-0000-0000-0000-000000000001',
  'english',
  'Англи хэл',
  1
);

-- Problem 1: Grammar
INSERT INTO mock_test_problems (id, section_id, problem_number, title, context, order_index)
VALUES (
  '40000000-0000-0000-0004-000000000101',
  '40000000-0000-0000-0004-000000000001',
  1,
  'Асуулт 1: Дүрмийн алдааг засаарай',
  NULL,
  1
);

INSERT INTO mock_test_questions (id, problem_id, question_number, question_text, explanation, points, order_index)
VALUES
  ('40000000-0000-0000-0004-000000000111', '40000000-0000-0000-0004-000000000101', 'a', 'She ___ to school every day.', 'Present Simple-д давтагддаг үйлдэлд "goes" хэрэглэнэ', 10, 1),
  ('40000000-0000-0000-0004-000000000112', '40000000-0000-0000-0004-000000000101', 'b', 'They ___ playing football now.', 'Present Continuous-д "are" + verb+ing хэрэглэнэ', 10, 2),
  ('40000000-0000-0000-0004-000000000113', '40000000-0000-0000-0004-000000000101', 'c', 'I ___ finished my homework.', 'Present Perfect-д "have" + past participle хэрэглэнэ', 10, 3);

INSERT INTO mock_test_options (id, question_id, option_text, is_correct, order_index)
VALUES
  -- Question a
  ('40000000-0000-0000-0004-000000001111', '40000000-0000-0000-0004-000000000111', 'goes', true, 0),
  ('40000000-0000-0000-0004-000000001112', '40000000-0000-0000-0004-000000000111', 'go', false, 1),
  ('40000000-0000-0000-0004-000000001113', '40000000-0000-0000-0004-000000000111', 'going', false, 2),
  ('40000000-0000-0000-0004-000000001114', '40000000-0000-0000-0004-000000000111', 'gone', false, 3),
  -- Question b
  ('40000000-0000-0000-0004-000000001121', '40000000-0000-0000-0004-000000000112', 'are', true, 0),
  ('40000000-0000-0000-0004-000000001122', '40000000-0000-0000-0004-000000000112', 'is', false, 1),
  ('40000000-0000-0000-0004-000000001123', '40000000-0000-0000-0004-000000000112', 'was', false, 2),
  ('40000000-0000-0000-0004-000000001124', '40000000-0000-0000-0004-000000000112', 'were', false, 3),
  -- Question c
  ('40000000-0000-0000-0004-000000001131', '40000000-0000-0000-0004-000000000113', 'have', true, 0),
  ('40000000-0000-0000-0004-000000001132', '40000000-0000-0000-0004-000000000113', 'has', false, 1),
  ('40000000-0000-0000-0004-000000001133', '40000000-0000-0000-0004-000000000113', 'had', false, 2),
  ('40000000-0000-0000-0004-000000001134', '40000000-0000-0000-0004-000000000113', 'having', false, 3);

-- Problem 2: Vocabulary
INSERT INTO mock_test_problems (id, section_id, problem_number, title, context, order_index)
VALUES (
  '40000000-0000-0000-0004-000000000102',
  '40000000-0000-0000-0004-000000000001',
  2,
  'Асуулт 2: Үгийн сан',
  'Зөв үгийг сонгоно уу',
  2
);

INSERT INTO mock_test_questions (id, problem_id, question_number, question_text, explanation, points, order_index)
VALUES
  ('40000000-0000-0000-0004-000000000121', '40000000-0000-0000-0004-000000000102', 'a', 'The weather is very ___ today.', '"Hot" буюу халуун нь цаг агаарын тайлбар', 10, 1),
  ('40000000-0000-0000-0004-000000000122', '40000000-0000-0000-0004-000000000102', 'b', 'Please be ___, we are in a library.', '"Quiet" буюу чимээгүй байх нь номын сангийн дүрэм', 10, 2);

INSERT INTO mock_test_options (id, question_id, option_text, is_correct, order_index)
VALUES
  -- Question a
  ('40000000-0000-0000-0004-000000001211', '40000000-0000-0000-0004-000000000121', 'hot', true, 0),
  ('40000000-0000-0000-0004-000000001212', '40000000-0000-0000-0004-000000000121', 'tall', false, 1),
  ('40000000-0000-0000-0004-000000001213', '40000000-0000-0000-0004-000000000121', 'fast', false, 2),
  ('40000000-0000-0000-0004-000000001214', '40000000-0000-0000-0004-000000000121', 'loud', false, 3),
  -- Question b
  ('40000000-0000-0000-0004-000000001221', '40000000-0000-0000-0004-000000000122', 'quiet', true, 0),
  ('40000000-0000-0000-0004-000000001222', '40000000-0000-0000-0004-000000000122', 'noisy', false, 1),
  ('40000000-0000-0000-0004-000000001223', '40000000-0000-0000-0004-000000000122', 'happy', false, 2),
  ('40000000-0000-0000-0004-000000001224', '40000000-0000-0000-0004-000000000122', 'angry', false, 3);

-- Problem 3: Reading Comprehension
INSERT INTO mock_test_problems (id, section_id, problem_number, title, context, order_index)
VALUES (
  '40000000-0000-0000-0004-000000000103',
  '40000000-0000-0000-0004-000000000001',
  3,
  'Асуулт 3: Уншиж ойлгох',
  'Text: "Tom is a student. He studies mathematics at university. Every morning, he wakes up at 7 AM and goes to class at 9 AM."',
  3
);

INSERT INTO mock_test_questions (id, problem_id, question_number, question_text, explanation, points, order_index)
VALUES
  ('40000000-0000-0000-0004-000000000131', '40000000-0000-0000-0004-000000000103', 'a', 'What does Tom study?', 'Текстэд "He studies mathematics" гэж бичсэн', 10, 1),
  ('40000000-0000-0000-0004-000000000132', '40000000-0000-0000-0004-000000000103', 'b', 'What time does Tom wake up?', 'Текстэд "he wakes up at 7 AM" гэж бичсэн', 10, 2),
  ('40000000-0000-0000-0004-000000000133', '40000000-0000-0000-0004-000000000103', 'c', 'When does Tom go to class?', 'Текстэд "goes to class at 9 AM" гэж бичсэн', 10, 3);

INSERT INTO mock_test_options (id, question_id, option_text, is_correct, order_index)
VALUES
  -- Question a
  ('40000000-0000-0000-0004-000000001311', '40000000-0000-0000-0004-000000000131', 'Mathematics', true, 0),
  ('40000000-0000-0000-0004-000000001312', '40000000-0000-0000-0004-000000000131', 'Physics', false, 1),
  ('40000000-0000-0000-0004-000000001313', '40000000-0000-0000-0004-000000000131', 'Chemistry', false, 2),
  ('40000000-0000-0000-0004-000000001314', '40000000-0000-0000-0004-000000000131', 'English', false, 3),
  -- Question b
  ('40000000-0000-0000-0004-000000001321', '40000000-0000-0000-0004-000000000132', '7 AM', true, 0),
  ('40000000-0000-0000-0004-000000001322', '40000000-0000-0000-0004-000000000132', '9 AM', false, 1),
  ('40000000-0000-0000-0004-000000001323', '40000000-0000-0000-0004-000000000132', '6 AM', false, 2),
  ('40000000-0000-0000-0004-000000001324', '40000000-0000-0000-0004-000000000132', '8 AM', false, 3),
  -- Question c
  ('40000000-0000-0000-0004-000000001331', '40000000-0000-0000-0004-000000000133', '9 AM', true, 0),
  ('40000000-0000-0000-0004-000000001332', '40000000-0000-0000-0004-000000000133', '7 AM', false, 1),
  ('40000000-0000-0000-0004-000000001333', '40000000-0000-0000-0004-000000000133', '10 AM', false, 2),
  ('40000000-0000-0000-0004-000000001334', '40000000-0000-0000-0004-000000000133', '8 AM', false, 3);

-- Problem 4: Prepositions
INSERT INTO mock_test_problems (id, section_id, problem_number, title, context, order_index)
VALUES (
  '40000000-0000-0000-0004-000000000104',
  '40000000-0000-0000-0004-000000000001',
  4,
  'Асуулт 4: Угтвар үг',
  'Зөв угтвар үгийг сонгоно уу',
  4
);

INSERT INTO mock_test_questions (id, problem_id, question_number, question_text, explanation, points, order_index)
VALUES
  ('40000000-0000-0000-0004-000000000141', '40000000-0000-0000-0004-000000000104', 'a', 'I go to school ___ bus.', 'Тээврийн хэрэгслийн өмнө "by" хэрэглэнэ', 10, 1),
  ('40000000-0000-0000-0004-000000000142', '40000000-0000-0000-0004-000000000104', 'b', 'The book is ___ the table.', 'Байршлыг илэрхийлэхэд "on" хэрэглэнэ', 10, 2),
  ('40000000-0000-0000-0004-000000000143', '40000000-0000-0000-0004-000000000104', 'c', 'We will meet ___ 5 PM.', 'Цагийн өмнө "at" хэрэглэнэ', 10, 3);

INSERT INTO mock_test_options (id, question_id, option_text, is_correct, order_index)
VALUES
  -- Question a
  ('40000000-0000-0000-0004-000000001411', '40000000-0000-0000-0004-000000000141', 'by', true, 0),
  ('40000000-0000-0000-0004-000000001412', '40000000-0000-0000-0004-000000000141', 'on', false, 1),
  ('40000000-0000-0000-0004-000000001413', '40000000-0000-0000-0004-000000000141', 'at', false, 2),
  ('40000000-0000-0000-0004-000000001414', '40000000-0000-0000-0004-000000000141', 'in', false, 3),
  -- Question b
  ('40000000-0000-0000-0004-000000001421', '40000000-0000-0000-0004-000000000142', 'on', true, 0),
  ('40000000-0000-0000-0004-000000001422', '40000000-0000-0000-0004-000000000142', 'in', false, 1),
  ('40000000-0000-0000-0004-000000001423', '40000000-0000-0000-0004-000000000142', 'at', false, 2),
  ('40000000-0000-0000-0004-000000001424', '40000000-0000-0000-0004-000000000142', 'by', false, 3),
  -- Question c
  ('40000000-0000-0000-0004-000000001431', '40000000-0000-0000-0004-000000000143', 'at', true, 0),
  ('40000000-0000-0000-0004-000000001432', '40000000-0000-0000-0004-000000000143', 'on', false, 1),
  ('40000000-0000-0000-0004-000000001433', '40000000-0000-0000-0004-000000000143', 'in', false, 2),
  ('40000000-0000-0000-0004-000000001434', '40000000-0000-0000-0004-000000000143', 'by', false, 3);
