-- ================================================
-- EYSH 2024 Math Variant B Mock Test Seed
-- ================================================
-- Based on Элсэлтийн ерөнхий шалгалт 2024
-- Математик хичээл, Хувилбар B
-- Total: 36 multiple choice questions, 72 points
-- Questions 1-8: 1 point each (8 points)
-- Questions 9-28: 2 points each (40 points)
-- Questions 29-36: 3 points each (24 points)

-- Clean up existing data if re-running this seed
DELETE FROM mock_test_options WHERE question_id IN (
  SELECT q.id FROM mock_test_questions q
  JOIN mock_test_problems p ON p.id = q.problem_id
  JOIN mock_test_sections s ON s.id = p.section_id
  WHERE s.mock_test_id = '10000000-0000-0000-0000-000000000001'
);

DELETE FROM mock_test_questions WHERE problem_id IN (
  SELECT p.id FROM mock_test_problems p
  JOIN mock_test_sections s ON s.id = p.section_id
  WHERE s.mock_test_id = '10000000-0000-0000-0000-000000000001'
);

DELETE FROM mock_test_problems WHERE section_id IN (
  SELECT id FROM mock_test_sections
  WHERE mock_test_id = '10000000-0000-0000-0000-000000000001'
);

DELETE FROM mock_test_sections WHERE mock_test_id = '10000000-0000-0000-0000-000000000001';
DELETE FROM mock_tests WHERE id = '10000000-0000-0000-0000-000000000001';

-- Create mock test
INSERT INTO mock_tests (
  id,
  title,
  description,
  category,
  time_limit_minutes,
  total_questions,
  passing_score_percentage,
  is_published,
  eysh_threshold_500,
  eysh_threshold_600,
  eysh_threshold_700,
  eysh_threshold_800
) VALUES (
  '10000000-0000-0000-0000-000000000001',
  'ЭЕШ 2024 Математик Хувилбар B',
  'Элсэлтийн ерөнхий шалгалт 2024 оны Математикийн хичээлийн Хувилбар B. Нийт 36 сонгох даалгавар, 72 оноотой.',
  'math',
  180,  -- 3 hours
  36,
  60,   -- 60% to pass
  true,
  60,   -- 500: 60%+
  70,   -- 600: 70%+
  80,   -- 700: 80%+
  90    -- 800: 90%+
);

-- Create section
INSERT INTO mock_test_sections (
  id,
  mock_test_id,
  subject,
  title,
  order_index
) VALUES (
  '10000000-0000-0001-0000-000000000001',
  '10000000-0000-0000-0000-000000000001',
  'math',
  'Математик',
  1
);

-- ================================================
-- QUESTIONS 1-8 (1 point each)
-- ================================================

-- Question 1: 4-т хуваагдах тоог олоорой
INSERT INTO mock_test_problems (id, section_id, problem_number, title, context, order_index)
VALUES (
  '10000000-0000-0001-0001-000000000001',
  '10000000-0000-0001-0000-000000000001',
  1,
  'Асуулт 1',
  '4-т хуваагдах тоог олоорой.',
  1
);

INSERT INTO mock_test_questions (id, problem_id, question_number, question_text, explanation, points, order_index)
VALUES (
  '10000000-0000-0001-0001-000000000011',
  '10000000-0000-0001-0001-000000000001',
  '1',
  '4-т хуваагдах тоог олоорой.',
  'Тоо 4-т хуваагдахын тулд сүүлийн 2 оронгийн тоо 4-т хуваагдах ёстой.',
  1,
  1
);

INSERT INTO mock_test_options (id, question_id, option_text, is_correct, order_index)
VALUES
  ('10000000-0000-0001-0001-000000000111', '10000000-0000-0001-0001-000000000011', '3274', false, 0),
  ('10000000-0000-0001-0001-000000000112', '10000000-0000-0001-0001-000000000011', '5792', false, 1),
  ('10000000-0000-0001-0001-000000000113', '10000000-0000-0001-0001-000000000011', '6450', true, 2),  -- Answer: C
  ('10000000-0000-0001-0001-000000000114', '10000000-0000-0001-0001-000000000011', '4826', false, 3),
  ('10000000-0000-0001-0001-000000000115', '10000000-0000-0001-0001-000000000011', '2438', false, 4);

-- Question 2: Магадлалын тархалт
INSERT INTO mock_test_problems (id, section_id, problem_number, title, context, order_index)
VALUES (
  '10000000-0000-0001-0002-000000000001',
  '10000000-0000-0001-0000-000000000001',
  2,
  'Асуулт 2',
  'Нэг шагайг 2 удаа орхиход ямаа буусан тоог X санамсаргүй хувьсагчаар сонгож, магадлалын тархалтыг баганан диаграммаар үзүүлэв.',
  2
);

INSERT INTO mock_test_questions (id, problem_id, question_number, question_text, explanation, points, order_index)
VALUES (
  '10000000-0000-0001-0002-000000000011',
  '10000000-0000-0001-0002-000000000001',
  '2',
  'P(X ≥ 1) магадлалыг ол.',
  'P(X ≥ 1) = P(X=1) + P(X=2) = 12/25 + 9/25 = 21/25',
  1,
  1
);

INSERT INTO mock_test_options (id, question_id, option_text, is_correct, order_index)
VALUES
  ('10000000-0000-0001-0002-000000000111', '10000000-0000-0001-0002-000000000011', '9/25', false, 0),
  ('10000000-0000-0001-0002-000000000112', '10000000-0000-0001-0002-000000000011', '12/25', true, 1),  -- Answer: B
  ('10000000-0000-0001-0002-000000000113', '10000000-0000-0001-0002-000000000011', '21/25', false, 2),
  ('10000000-0000-0001-0002-000000000114', '10000000-0000-0001-0002-000000000011', '16/25', false, 3),
  ('10000000-0000-0001-0002-000000000115', '10000000-0000-0001-0002-000000000011', '4/25', false, 4);

-- Question 3: Тэгшитгэл
INSERT INTO mock_test_problems (id, section_id, problem_number, title, context, order_index)
VALUES (
  '10000000-0000-0001-0003-000000000001',
  '10000000-0000-0001-0000-000000000001',
  3,
  'Асуулт 3',
  '(5/6)x + 1(3/4) = 2 тэгшитгэл бод.',
  3
);

INSERT INTO mock_test_questions (id, problem_id, question_number, question_text, explanation, points, order_index)
VALUES (
  '10000000-0000-0001-0003-000000000011',
  '10000000-0000-0001-0003-000000000001',
  '3',
  '(5/6)x + 1(3/4) = 2 тэгшитгэл бод.',
  '(5/6)x = 2 - 7/4 = 1/4, x = (1/4) × (6/5) = 3/10',
  1,
  1
);

INSERT INTO mock_test_options (id, question_id, option_text, is_correct, order_index)
VALUES
  ('10000000-0000-0001-0003-000000000111', '10000000-0000-0001-0003-000000000011', '5/8', false, 0),
  ('10000000-0000-0001-0003-000000000112', '10000000-0000-0001-0003-000000000011', '9/10', true, 1),  -- Answer: B
  ('10000000-0000-0001-0003-000000000113', '10000000-0000-0001-0003-000000000011', '5/24', false, 2),
  ('10000000-0000-0001-0003-000000000114', '10000000-0000-0001-0003-000000000011', '3/10', false, 3),
  ('10000000-0000-0001-0003-000000000115', '10000000-0000-0001-0003-000000000011', '-9/10', false, 4);

-- Question 4: Үйлдэл
INSERT INTO mock_test_problems (id, section_id, problem_number, title, context, order_index)
VALUES (
  '10000000-0000-0001-0004-000000000001',
  '10000000-0000-0001-0000-000000000001',
  4,
  'Асуулт 4',
  'Үйлдлийг гүйцэтгэ. ³√9² · ³√(3/2)',
  4
);

INSERT INTO mock_test_questions (id, problem_id, question_number, question_text, explanation, points, order_index)
VALUES (
  '10000000-0000-0001-0004-000000000011',
  '10000000-0000-0001-0004-000000000001',
  '4',
  'Үйлдлийг гүйцэтгэ. ³√9² · ³√(3/2)',
  '³√9² · ³√(3/2) = ³√(81 · 3/2) = ³√(243/2) = 3 · ³√(9/2)',
  1,
  1
);

INSERT INTO mock_test_options (id, question_id, option_text, is_correct, order_index)
VALUES
  ('10000000-0000-0001-0004-000000000111', '10000000-0000-0001-0004-000000000011', '6 · ³√1', false, 0),
  ('10000000-0000-0001-0004-000000000112', '10000000-0000-0001-0004-000000000011', '³√8', false, 1),
  ('10000000-0000-0001-0004-000000000113', '10000000-0000-0001-0004-000000000011', '9', false, 2),
  ('10000000-0000-0001-0004-000000000114', '10000000-0000-0001-0004-000000000011', '³√11', true, 3),  -- Answer: D
  ('10000000-0000-0001-0004-000000000115', '10000000-0000-0001-0004-000000000011', '27', false, 4);

-- Question 5: Геометр (тойрог ба шүргэгч)
INSERT INTO mock_test_problems (id, section_id, problem_number, title, context, order_index)
VALUES (
  '10000000-0000-0001-0005-000000000001',
  '10000000-0000-0001-0000-000000000001',
  5,
  'Асуулт 5',
  'Зурагт үзүүлсэн O цэгт төвтэй тойргийн шүргэгч BA бөгөөд BC хэрчим тойргийг C цэгт огтлов.',
  5
);

INSERT INTO mock_test_questions (id, problem_id, question_number, question_text, explanation, points, order_index)
VALUES (
  '10000000-0000-0001-0005-000000000011',
  '10000000-0000-0001-0005-000000000001',
  '5',
  'Хэрэв ∠AOB = 50° бол ∠BCA өнцгийг ол.',
  'Шүргэгч ба радиус перпендикуляр. ∠OBA = 90°. Гурвалжин ABC-д ∠BCA = 180° - 90° - 50° = 40°',
  1,
  1
);

INSERT INTO mock_test_options (id, question_id, option_text, is_correct, order_index)
VALUES
  ('10000000-0000-0001-0005-000000000111', '10000000-0000-0001-0005-000000000011', '30°', false, 0),
  ('10000000-0000-0001-0005-000000000112', '10000000-0000-0001-0005-000000000011', '25°', false, 1),
  ('10000000-0000-0001-0005-000000000113', '10000000-0000-0001-0005-000000000011', '65°', true, 2),  -- Answer: C
  ('10000000-0000-0001-0005-000000000114', '10000000-0000-0001-0005-000000000011', '50°', false, 3),
  ('10000000-0000-0001-0005-000000000115', '10000000-0000-0001-0005-000000000011', '40°', false, 4);

-- Question 6: Комбинаторик
INSERT INTO mock_test_problems (id, section_id, problem_number, title, context, order_index)
VALUES (
  '10000000-0000-0001-0006-000000000001',
  '10000000-0000-0001-0000-000000000001',
  6,
  'Асуулт 6',
  '2 улаан, 3 цагаан, 5 хөх өнгийн бөмбөгнүүдээс өнгө нь ялгаатай 2 бөмбөгийг хэдэн янзаар сонгож болох вэ?',
  6
);

INSERT INTO mock_test_questions (id, problem_id, question_number, question_text, explanation, points, order_index)
VALUES (
  '10000000-0000-0001-0006-000000000011',
  '10000000-0000-0001-0006-000000000001',
  '6',
  '2 улаан, 3 цагаан, 5 хөх өнгийн бөмбөгнүүдээс өнгө нь ялгаатай 2 бөмбөгийг хэдэн янзаар сонгож болох вэ?',
  'Улаан-цагаан: 2×3=6, Улаан-хөх: 2×5=10, Цагаан-хөх: 3×5=15. Нийт: 6+10+15=31',
  1,
  1
);

INSERT INTO mock_test_options (id, question_id, option_text, is_correct, order_index)
VALUES
  ('10000000-0000-0001-0006-000000000111', '10000000-0000-0001-0006-000000000011', '15', false, 0),
  ('10000000-0000-0001-0006-000000000112', '10000000-0000-0001-0006-000000000011', '30', false, 1),
  ('10000000-0000-0001-0006-000000000113', '10000000-0000-0001-0006-000000000011', '20', false, 2),
  ('10000000-0000-0001-0006-000000000114', '10000000-0000-0001-0006-000000000011', '31', true, 3),  -- Answer: D
  ('10000000-0000-0001-0006-000000000115', '10000000-0000-0001-0006-000000000011', '21', false, 4);

-- Question 7: Вектор
INSERT INTO mock_test_problems (id, section_id, problem_number, title, context, order_index)
VALUES (
  '10000000-0000-0001-0007-000000000001',
  '10000000-0000-0001-0000-000000000001',
  7,
  'Асуулт 7',
  'Зурагт өгсөн параллелепипедээс BC⃗ - EF⃗ ялгавар вектортэй тэнцүү векторыг ол.',
  7
);

INSERT INTO mock_test_questions (id, problem_id, question_number, question_text, explanation, points, order_index)
VALUES (
  '10000000-0000-0001-0007-000000000011',
  '10000000-0000-0001-0007-000000000001',
  '7',
  'Зурагт өгсөн параллелепипедээс BC⃗ - EF⃗ ялгавар вектортэй тэнцүү векторыг ол.',
  'Параллелепипедийн векторын шинж чанараар BC⃗ - EF⃗ = HG⃗',
  1,
  1
);

INSERT INTO mock_test_options (id, question_id, option_text, is_correct, order_index)
VALUES
  ('10000000-0000-0001-0007-000000000111', '10000000-0000-0001-0007-000000000011', 'BA⃗', false, 0),
  ('10000000-0000-0001-0007-000000000112', '10000000-0000-0001-0007-000000000011', 'HC⃗', false, 1),
  ('10000000-0000-0001-0007-000000000113', '10000000-0000-0001-0007-000000000011', 'HG⃗', true, 2),  -- Answer: C
  ('10000000-0000-0001-0007-000000000114', '10000000-0000-0001-0007-000000000011', 'FG⃗', false, 3),
  ('10000000-0000-0001-0007-000000000115', '10000000-0000-0001-0007-000000000011', 'BF⃗', false, 4);

-- Question 8: Уламжлал
INSERT INTO mock_test_problems (id, section_id, problem_number, title, context, order_index)
VALUES (
  '10000000-0000-0001-0008-000000000001',
  '10000000-0000-0001-0000-000000000001',
  8,
  'Асуулт 8',
  'y = ln3x - 4x функцийн уламжлалыг ол.',
  8
);

INSERT INTO mock_test_questions (id, problem_id, question_number, question_text, explanation, points, order_index)
VALUES (
  '10000000-0000-0001-0008-000000000011',
  '10000000-0000-0001-0008-000000000001',
  '8',
  'y = ln3x - 4x функцийн уламжлалыг ол.',
  'y′ = (ln3x)′ - (4x)′ = 3/3x - 4 = 1/x - 4',
  1,
  1
);

INSERT INTO mock_test_options (id, question_id, option_text, is_correct, order_index)
VALUES
  ('10000000-0000-0001-0008-000000000111', '10000000-0000-0001-0008-000000000011', '1/x - 4x', false, 0),
  ('10000000-0000-0001-0008-000000000112', '10000000-0000-0001-0008-000000000011', '3/x - 4', true, 1),  -- Answer: B
  ('10000000-0000-0001-0008-000000000113', '10000000-0000-0001-0008-000000000011', '1/(3x) - 4x', false, 2),
  ('10000000-0000-0001-0008-000000000114', '10000000-0000-0001-0008-000000000011', '1/x - 4', false, 3),
  ('10000000-0000-0001-0008-000000000115', '10000000-0000-0001-0008-000000000011', '1/(3x) - 4', false, 4);

-- ================================================
-- QUESTIONS 9-28 (2 points each)
-- ================================================

-- Question 9: Химийн лаборатори жин
INSERT INTO mock_test_problems (id, section_id, problem_number, title, context, order_index)
VALUES (
  '10000000-0000-0001-0009-000000000001',
  '10000000-0000-0001-0000-000000000001',
  9,
  'Асуулт 9',
  'Химийн лабораторт байгаа нэг ширхэг бодисын жин 6·10⁻⁶ мг бол 2000 ширхэг ийм бодисын нийт жинг олоорой.',
  9
);

INSERT INTO mock_test_questions (id, problem_id, question_number, question_text, explanation, points, order_index)
VALUES (
  '10000000-0000-0001-0009-000000000011',
  '10000000-0000-0001-0009-000000000001',
  '9',
  'Химийн лабораторт байгаа нэг ширхэг бодисын жин 6·10⁻⁶ мг бол 2000 ширхэг ийм бодисын нийт жинг олоорой.',
  '2000 × 6·10⁻⁶ = 12000·10⁻⁶ = 0.012 мг',
  2,
  1
);

INSERT INTO mock_test_options (id, question_id, option_text, is_correct, order_index)
VALUES
  ('10000000-0000-0001-0009-000000000111', '10000000-0000-0001-0009-000000000011', '0.012 мг', true, 0),  -- Answer: A
  ('10000000-0000-0001-0009-000000000112', '10000000-0000-0001-0009-000000000011', '0.0012 мг', false, 1),
  ('10000000-0000-0001-0009-000000000113', '10000000-0000-0001-0009-000000000011', '1.2 мг', false, 2),
  ('10000000-0000-0001-0009-000000000114', '10000000-0000-0001-0009-000000000011', '0.12 мг', false, 3),
  ('10000000-0000-0001-0009-000000000115', '10000000-0000-0001-0009-000000000011', '12 мг', false, 4);

-- Question 10: Хувь тооцоолох
INSERT INTO mock_test_problems (id, section_id, problem_number, title, context, order_index)
VALUES (
  '10000000-0000-0001-0010-000000000001',
  '10000000-0000-0001-0000-000000000001',
  10,
  'Асуулт 10',
  '540-ын 5/36 хэсэг нь x тооны 5/12-тай тэнцүү бол x тоог олоорой.',
  10
);

INSERT INTO mock_test_questions (id, problem_id, question_number, question_text, explanation, points, order_index)
VALUES (
  '10000000-0000-0001-0010-000000000011',
  '10000000-0000-0001-0010-000000000001',
  '10',
  '540-ын 5/36 хэсэг нь x тооны 5/12-тай тэнцүү бол x тоог олоорой.',
  '540 × 5/36 = x × 5/12, 75 = x × 5/12, x = 180',
  2,
  1
);

INSERT INTO mock_test_options (id, question_id, option_text, is_correct, order_index)
VALUES
  ('10000000-0000-0001-0010-000000000111', '10000000-0000-0001-0010-000000000011', '180', true, 0),  -- Answer: A
  ('10000000-0000-0001-0010-000000000112', '10000000-0000-0001-0010-000000000011', '31¼', false, 1),
  ('10000000-0000-0001-0010-000000000113', '10000000-0000-0001-0010-000000000011', '1/180', false, 2),
  ('10000000-0000-0001-0010-000000000114', '10000000-0000-0001-0010-000000000011', '128⁴⁄₇', false, 3),
  ('10000000-0000-0001-0010-000000000115', '10000000-0000-0001-0010-000000000011', '285', false, 4);

-- Question 11: Илэрхийлэл хялбарчлах
INSERT INTO mock_test_problems (id, section_id, problem_number, title, context, order_index)
VALUES (
  '10000000-0000-0001-0011-000000000001',
  '10000000-0000-0001-0000-000000000001',
  11,
  'Асуулт 11',
  '(x²+2x)/(x²-9) · (x+3)/x - (x+3)/(2x-6) илэрхийллийг хялбарчил.',
  11
);

INSERT INTO mock_test_questions (id, problem_id, question_number, question_text, explanation, points, order_index)
VALUES (
  '10000000-0000-0001-0011-000000000011',
  '10000000-0000-0001-0011-000000000001',
  '11',
  '(x²+2x)/(x²-9) · (x+3)/x - (x+3)/(2x-6) илэрхийллийг хялбарчил.',
  'Илэрхийллийг хялбарчлахад (x+1)/(2(x-3)) гарна.',
  2,
  1
);

INSERT INTO mock_test_options (id, question_id, option_text, is_correct, order_index)
VALUES
  ('10000000-0000-0001-0011-000000000111', '10000000-0000-0001-0011-000000000011', 'x/(x-3)', false, 0),
  ('10000000-0000-0001-0011-000000000112', '10000000-0000-0001-0011-000000000011', '(x+7)/(2(x-3))', false, 1),
  ('10000000-0000-0001-0011-000000000113', '10000000-0000-0001-0011-000000000011', '(x+1)/(2(x-3))', true, 2),  -- Answer: C
  ('10000000-0000-0001-0011-000000000114', '10000000-0000-0001-0011-000000000011', '5/(-x+3)', false, 3),
  ('10000000-0000-0001-0011-000000000115', '10000000-0000-0001-0011-000000000011', '(x-1)/(2(x-3))', false, 4);

-- Question 12: Геометр - медиан
INSERT INTO mock_test_problems (id, section_id, problem_number, title, context, order_index)
VALUES (
  '10000000-0000-0001-0012-000000000001',
  '10000000-0000-0001-0000-000000000001',
  12,
  'Асуулт 12',
  'Зурагт өгсөн ABC гурвалжны AN = 12, BM = 15 байх медианууд перпендикуляр ба O цэгт огтлолцох бол ONCM дөрвөн өнцөгтийн талбайг ол.',
  12
);

INSERT INTO mock_test_questions (id, problem_id, question_number, question_text, explanation, points, order_index)
VALUES (
  '10000000-0000-0001-0012-000000000011',
  '10000000-0000-0001-0012-000000000001',
  '12',
  'Зурагт өгсөн ABC гурвалжны AN = 12, BM = 15 байх медианууд перпендикуляр ба O цэгт огтлолцох бол ONCM дөрвөн өнцөгтийн талбайг ол.',
  'Медианууд перпендикуляр огтлолцдог. ON = 4, OM = 5, талбай = 4×5/2 + ... = 40',
  2,
  1
);

INSERT INTO mock_test_options (id, question_id, option_text, is_correct, order_index)
VALUES
  ('10000000-0000-0001-0012-000000000111', '10000000-0000-0001-0012-000000000011', '48', false, 0),
  ('10000000-0000-0001-0012-000000000112', '10000000-0000-0001-0012-000000000011', '30', false, 1),
  ('10000000-0000-0001-0012-000000000113', '10000000-0000-0001-0012-000000000011', '22.5', false, 2),
  ('10000000-0000-0001-0012-000000000114', '10000000-0000-0001-0012-000000000011', '40', true, 3),  -- Answer: D
  ('10000000-0000-0001-0012-000000000115', '10000000-0000-0001-0012-000000000011', '45', false, 4);

-- Question 13: Тригонометр
INSERT INTO mock_test_problems (id, section_id, problem_number, title, context, order_index)
VALUES (
  '10000000-0000-0001-0013-000000000001',
  '10000000-0000-0001-0000-000000000001',
  13,
  'Асуулт 13',
  'tgα = 1, 180° < α < 270° бол cosα-ийн утгыг ол.',
  13
);

INSERT INTO mock_test_questions (id, problem_id, question_number, question_text, explanation, points, order_index)
VALUES (
  '10000000-0000-0001-0013-000000000011',
  '10000000-0000-0001-0013-000000000001',
  '13',
  'tgα = 1, 180° < α < 270° бол cosα-ийн утгыг ол.',
  'tgα = 1 бол α = 225°. 3-р ширхэгт cosα = -√2/2',
  2,
  1
);

INSERT INTO mock_test_options (id, question_id, option_text, is_correct, order_index)
VALUES
  ('10000000-0000-0001-0013-000000000111', '10000000-0000-0001-0013-000000000011', '1/2', false, 0),
  ('10000000-0000-0001-0013-000000000112', '10000000-0000-0001-0013-000000000011', '√2/2', false, 1),
  ('10000000-0000-0001-0013-000000000113', '10000000-0000-0001-0013-000000000011', '-1/2', false, 2),
  ('10000000-0000-0001-0013-000000000114', '10000000-0000-0001-0013-000000000011', '√3/2', false, 3),
  ('10000000-0000-0001-0013-000000000115', '10000000-0000-0001-0013-000000000011', '-√2/2', true, 4);  -- Answer: E

-- Question 14: Координат (шулуун дээрх цэгүүд)
INSERT INTO mock_test_problems (id, section_id, problem_number, title, context, order_index)
VALUES (
  '10000000-0000-0001-0014-000000000001',
  '10000000-0000-0001-0000-000000000001',
  14,
  'Асуулт 14',
  'Координатын хавтгайд A(-4, -3), B(6, 5), C(2, a) гурван цэг нэг шулуун дээр байх бол a тоог ол.',
  14
);

INSERT INTO mock_test_questions (id, problem_id, question_number, question_text, explanation, points, order_index)
VALUES (
  '10000000-0000-0001-0014-000000000011',
  '10000000-0000-0001-0014-000000000001',
  '14',
  'Координатын хавтгайд A(-4, -3), B(6, 5), C(2, a) гурван цэг нэг шулуун дээр байх бол a тоог ол.',
  'Налуу тэнцүү байна: (5-(-3))/(6-(-4)) = (a-(-3))/(2-(-4)), 8/10 = (a+3)/6, a = 1.8',
  2,
  1
);

INSERT INTO mock_test_options (id, question_id, option_text, is_correct, order_index)
VALUES
  ('10000000-0000-0001-0014-000000000111', '10000000-0000-0001-0014-000000000011', '1.8', true, 0),  -- Answer: A
  ('10000000-0000-0001-0014-000000000112', '10000000-0000-0001-0014-000000000011', '1.75', false, 1),
  ('10000000-0000-0001-0014-000000000113', '10000000-0000-0001-0014-000000000011', '1.9', false, 2),
  ('10000000-0000-0001-0014-000000000114', '10000000-0000-0001-0014-000000000011', '1.85', false, 3),
  ('10000000-0000-0001-0014-000000000115', '10000000-0000-0001-0014-000000000011', '1.76', false, 4);

-- Question 15: Тодорхой интеграл
INSERT INTO mock_test_problems (id, section_id, problem_number, title, context, order_index)
VALUES (
  '10000000-0000-0001-0015-000000000001',
  '10000000-0000-0001-0000-000000000001',
  15,
  'Асуулт 15',
  '∫₂⁶ dx/√(4x+1) тодорхой интеграл бод.',
  15
);

INSERT INTO mock_test_questions (id, problem_id, question_number, question_text, explanation, points, order_index)
VALUES (
  '10000000-0000-0001-0015-000000000011',
  '10000000-0000-0001-0015-000000000001',
  '15',
  '∫₂⁶ dx/√(4x+1) тодорхой интеграл бод.',
  '∫ dx/√(4x+1) = (1/2)√(4x+1)|₂⁶ = (1/2)(√25 - √9) = (1/2)(5-3) = 1',
  2,
  1
);

INSERT INTO mock_test_options (id, question_id, option_text, is_correct, order_index)
VALUES
  ('10000000-0000-0001-0015-000000000111', '10000000-0000-0001-0015-000000000011', '1', true, 0),  -- Answer: A
  ('10000000-0000-0001-0015-000000000112', '10000000-0000-0001-0015-000000000011', '4', false, 1),
  ('10000000-0000-0001-0015-000000000113', '10000000-0000-0001-0015-000000000011', '1/4', false, 2),
  ('10000000-0000-0001-0015-000000000114', '10000000-0000-0001-0015-000000000011', '16⅓', false, 3),
  ('10000000-0000-0001-0015-000000000115', '10000000-0000-0001-0015-000000000011', '2/15', false, 4);

-- Question 16: Комплекс тоо
INSERT INTO mock_test_problems (id, section_id, problem_number, title, context, order_index)
VALUES (
  '10000000-0000-0001-0016-000000000001',
  '10000000-0000-0001-0000-000000000001',
  16,
  'Асуулт 16',
  'z² + 6z + 34 = 0 ба хуурмаг хэсэг нь эерэг байх z комплекс тоог ол.',
  16
);

INSERT INTO mock_test_questions (id, problem_id, question_number, question_text, explanation, points, order_index)
VALUES (
  '10000000-0000-0001-0016-000000000011',
  '10000000-0000-0001-0016-000000000001',
  '16',
  'z² + 6z + 34 = 0 ба хуурмаг хэсэг нь эерэг байх z комплекс тоог ол.',
  'D = 36 - 136 = -100, z = (-6 ± 10i)/2 = -3 ± 5i. Хуурмаг хэсэг эерэг: z = -3 + 5i',
  2,
  1
);

INSERT INTO mock_test_options (id, question_id, option_text, is_correct, order_index)
VALUES
  ('10000000-0000-0001-0016-000000000111', '10000000-0000-0001-0016-000000000011', '3 - 5i', false, 0),
  ('10000000-0000-0001-0016-000000000112', '10000000-0000-0001-0016-000000000011', '±3 + 5i', false, 1),
  ('10000000-0000-0001-0016-000000000113', '10000000-0000-0001-0016-000000000011', '-3 ± 5i', false, 2),
  ('10000000-0000-0001-0016-000000000114', '10000000-0000-0001-0016-000000000011', '-3 + 5i', true, 3),  -- Answer: D
  ('10000000-0000-0001-0016-000000000115', '10000000-0000-0001-0016-000000000011', '3 + 5i', false, 4);

-- Question 17: Математик дундаж
INSERT INTO mock_test_problems (id, section_id, problem_number, title, context, order_index)
VALUES (
  '10000000-0000-0001-0017-000000000001',
  '10000000-0000-0001-0000-000000000001',
  17,
  'Асуулт 17',
  'X санамсаргүй хувьсагчийн магадлалын тархалтыг хүснэгтээр харуулав. Математик дундаж E(X) = 1.6 бол p₁, p₂ магадлалын хувьд аль хамаарал үнэн бэ?',
  17
);

INSERT INTO mock_test_questions (id, problem_id, question_number, question_text, explanation, points, order_index)
VALUES (
  '10000000-0000-0001-0017-000000000011',
  '10000000-0000-0001-0017-000000000001',
  '17',
  'X санамсаргүй хувьсагчийн магадлалын тархалтыг хүснэгтээр харуулав. Математик дундаж E(X) = 1.6 бол p₁, p₂ магадлалын хувьд аль хамаарал үнэн бэ?',
  'E(X) = 1·p₁ + 2·p₂ = 1.6, p₁ + p₂ = 1. Иймд p₁ = 0.4, p₂ = 0.6. p₂ - p₁ = 0.2',
  2,
  1
);

INSERT INTO mock_test_options (id, question_id, option_text, is_correct, order_index)
VALUES
  ('10000000-0000-0001-0017-000000000111', '10000000-0000-0001-0017-000000000011', 'p₂ - p₁ = 0.8', false, 0),
  ('10000000-0000-0001-0017-000000000112', '10000000-0000-0001-0017-000000000011', 'p₂ < p₁', false, 1),
  ('10000000-0000-0001-0017-000000000113', '10000000-0000-0001-0017-000000000011', 'p₂ - p₁ = 0.2', true, 2),  -- Answer: C
  ('10000000-0000-0001-0017-000000000114', '10000000-0000-0001-0017-000000000011', 'p₁ = (3/2)p₂', false, 3),
  ('10000000-0000-0001-0017-000000000115', '10000000-0000-0001-0017-000000000011', 'p₁ · p₂ = 1', false, 4);

-- Question 18: Магадлал (дугуй)
INSERT INTO mock_test_problems (id, section_id, problem_number, title, context, order_index)
VALUES (
  '10000000-0000-0001-0018-000000000001',
  '10000000-0000-0001-0000-000000000001',
  18,
  'Асуулт 18',
  'Нэг цэгт төвтэй 4 ба 8 радиустай хоёр дугуйг дөрвөн тэнцүү хуваах диаметр татаж, хуваагдсан зарим хэсгийг будав.',
  18
);

INSERT INTO mock_test_questions (id, problem_id, question_number, question_text, explanation, points, order_index)
VALUES (
  '10000000-0000-0001-0018-000000000011',
  '10000000-0000-0001-0018-000000000001',
  '18',
  'Том дугуйгаас санамсаргүй сонгосон цэг будсан хэсэгт байх магадлалыг ол.',
  'Будсан талбай / Нийт талбай = 3/8 (дугуйн 3/8 хэсэг будагдсан)',
  2,
  1
);

INSERT INTO mock_test_options (id, question_id, option_text, is_correct, order_index)
VALUES
  ('10000000-0000-0001-0018-000000000111', '10000000-0000-0001-0018-000000000011', '3/4', false, 0),
  ('10000000-0000-0001-0018-000000000112', '10000000-0000-0001-0018-000000000011', '3/8', true, 1),  -- Answer: B
  ('10000000-0000-0001-0018-000000000113', '10000000-0000-0001-0018-000000000011', '3/16', false, 2),
  ('10000000-0000-0001-0018-000000000114', '10000000-0000-0001-0018-000000000011', '7/9', false, 3),
  ('10000000-0000-0001-0018-000000000115', '10000000-0000-0001-0018-000000000011', '1/4', false, 4);

-- Question 19: Дифференциал тэгшитгэл
INSERT INTO mock_test_problems (id, section_id, problem_number, title, context, order_index)
VALUES (
  '10000000-0000-0001-0019-000000000001',
  '10000000-0000-0001-0000-000000000001',
  19,
  'Асуулт 19',
  'dy/dx = sin2x - sinx байх M(π/2, 1) цэгийг дайрах муруйг олоорой.',
  19
);

INSERT INTO mock_test_questions (id, problem_id, question_number, question_text, explanation, points, order_index)
VALUES (
  '10000000-0000-0001-0019-000000000011',
  '10000000-0000-0001-0019-000000000001',
  '19',
  'dy/dx = sin2x - sinx байх M(π/2, 1) цэгийг дайрах муруйг олоорой.',
  'y = ∫(sin2x - sinx)dx = -cos2x/2 + cosx + C. M(π/2,1) оруулахад y = -cos2x/2 + cosx + 1/2',
  2,
  1
);

INSERT INTO mock_test_options (id, question_id, option_text, is_correct, order_index)
VALUES
  ('10000000-0000-0001-0019-000000000111', '10000000-0000-0001-0019-000000000011', 'y = -cos2x/2 + cosx - 1/2', false, 0),
  ('10000000-0000-0001-0019-000000000112', '10000000-0000-0001-0019-000000000011', 'y = cos2x/2 - cosx + 3/2', false, 1),
  ('10000000-0000-0001-0019-000000000113', '10000000-0000-0001-0019-000000000011', 'y = -cos2x/2 + cosx', false, 2),
  ('10000000-0000-0001-0019-000000000114', '10000000-0000-0001-0019-000000000011', 'y = -cos2x/2 + cosx + 1/2', true, 3),  -- Answer: D
  ('10000000-0000-0001-0019-000000000115', '10000000-0000-0001-0019-000000000011', 'y = cos2x/2 + cosx + 3/2', false, 4);

-- Question 20: Хувь тооцоолох
INSERT INTO mock_test_problems (id, section_id, problem_number, title, context, order_index)
VALUES (
  '10000000-0000-0001-0020-000000000001',
  '10000000-0000-0001-0000-000000000001',
  20,
  'Асуулт 20',
  'Барааны үнэ байгаа үнээсээ хоёр удаа дараалан тэнцүү хэдэн хувиар өсөхөд анхны үнээс 10.25%-иар өссөн байх вэ?',
  20
);

INSERT INTO mock_test_questions (id, problem_id, question_number, question_text, explanation, points, order_index)
VALUES (
  '10000000-0000-0001-0020-000000000011',
  '10000000-0000-0001-0020-000000000001',
  '20',
  'Барааны үнэ байгаа үнээсээ хоёр удаа дараалан тэнцүү хэдэн хувиар өсөхөд анхны үнээс 10.25%-иар өссөн байх вэ?',
  '(1+x)² = 1.1025, 1+x = 1.05, x = 0.05 = 5%',
  2,
  1
);

INSERT INTO mock_test_options (id, question_id, option_text, is_correct, order_index)
VALUES
  ('10000000-0000-0001-0020-000000000111', '10000000-0000-0001-0020-000000000011', '5.25%', false, 0),
  ('10000000-0000-0001-0020-000000000112', '10000000-0000-0001-0020-000000000011', '5.125%', false, 1),
  ('10000000-0000-0001-0020-000000000113', '10000000-0000-0001-0020-000000000011', '6%', false, 2),
  ('10000000-0000-0001-0020-000000000114', '10000000-0000-0001-0020-000000000011', '5.5%', false, 3),
  ('10000000-0000-0001-0020-000000000115', '10000000-0000-0001-0020-000000000011', '5%', true, 4);  -- Answer: E

-- Question 21: Тэнцэтгэл биш
INSERT INTO mock_test_problems (id, section_id, problem_number, title, context, order_index)
VALUES (
  '10000000-0000-0001-0021-000000000001',
  '10000000-0000-0001-0000-000000000001',
  21,
  'Асуулт 21',
  'x² - 4x < 0 ба 3 - x ≥ 0 тэнцэтгэл бишүүдийг нэгэн зэрэг хангах шийдийн олонлогийг ол.',
  21
);

INSERT INTO mock_test_questions (id, problem_id, question_number, question_text, explanation, points, order_index)
VALUES (
  '10000000-0000-0001-0021-000000000011',
  '10000000-0000-0001-0021-000000000001',
  '21',
  'x² - 4x < 0 ба 3 - x ≥ 0 тэнцэтгэл бишүүдийг нэгэн зэрэг хангах шийдийн олонлогийг ол.',
  'x² - 4x < 0: 0 < x < 4, 3 - x ≥ 0: x ≤ 3. Огтлолцол: ]0, 3]',
  2,
  1
);

INSERT INTO mock_test_options (id, question_id, option_text, is_correct, order_index)
VALUES
  ('10000000-0000-0001-0021-000000000111', '10000000-0000-0001-0021-000000000011', ']−∞, 0]', false, 0),
  ('10000000-0000-0001-0021-000000000112', '10000000-0000-0001-0021-000000000011', ']−∞, 3]', false, 1),
  ('10000000-0000-0001-0021-000000000113', '10000000-0000-0001-0021-000000000011', ']0, 4[', false, 2),
  ('10000000-0000-0001-0021-000000000114', '10000000-0000-0001-0021-000000000011', ']0, 3]', true, 3),  -- Answer: D
  ('10000000-0000-0001-0021-000000000115', '10000000-0000-0001-0021-000000000011', ']−∞, 0[ ∪ [3, 4[', false, 4);

-- Question 22: Магадлал (шоо орхих)
INSERT INTO mock_test_problems (id, section_id, problem_number, title, context, order_index)
VALUES (
  '10000000-0000-0001-0022-000000000001',
  '10000000-0000-0001-0000-000000000001',
  22,
  'Асуулт 22',
  'Талсууд дээр нь 1, 2, 3, 4, 5, 6 тоонуудыг нэг нэгээр нь бичсэн хоёр шоог орхиход буусан тоонуудын үржвэр 3-т хуваагдах магадлалыг ол.',
  22
);

INSERT INTO mock_test_questions (id, problem_id, question_number, question_text, explanation, points, order_index)
VALUES (
  '10000000-0000-0001-0022-000000000011',
  '10000000-0000-0001-0022-000000000001',
  '22',
  'Талсууд дээр нь 1, 2, 3, 4, 5, 6 тоонуудыг нэг нэгээр нь бичсэн хоёр шоог орхиход буусан тоонуудын үржвэр 3-т хуваагдах магадлалыг ол.',
  '3-т хуваагдах: хоёр тооны аль нэг нь 3 эсвэл 6 байна. P = 1 - P(3,6 байхгүй) = 1 - (4/6)² = 1 - 4/9 = 5/9',
  2,
  1
);

INSERT INTO mock_test_options (id, question_id, option_text, is_correct, order_index)
VALUES
  ('10000000-0000-0001-0022-000000000111', '10000000-0000-0001-0022-000000000011', '5/9', true, 0),  -- Answer: A
  ('10000000-0000-0001-0022-000000000112', '10000000-0000-0001-0022-000000000011', '11/18', false, 1),
  ('10000000-0000-0001-0022-000000000113', '10000000-0000-0001-0022-000000000011', '2/3', false, 2),
  ('10000000-0000-0001-0022-000000000114', '10000000-0000-0001-0022-000000000011', '7/18', false, 3),
  ('10000000-0000-0001-0022-000000000115', '10000000-0000-0001-0022-000000000011', '4/9', false, 4);

-- Question 23: Функц ба асимптот
INSERT INTO mock_test_problems (id, section_id, problem_number, title, context, order_index)
VALUES (
  '10000000-0000-0001-0023-000000000001',
  '10000000-0000-0001-0000-000000000001',
  23,
  'Асуулт 23',
  'y = (cx+1)/(x+b) функцийн график нь (2, 1) цэгийг дайрах ба хэвтээ асимптот нь y = 2 шулуун бол босоо асимптотыг ол.',
  23
);

INSERT INTO mock_test_questions (id, problem_id, question_number, question_text, explanation, points, order_index)
VALUES (
  '10000000-0000-0001-0023-000000000011',
  '10000000-0000-0001-0023-000000000001',
  '23',
  'y = (cx+1)/(x+b) функцийн график нь (2, 1) цэгийг дайрах ба хэвтээ асимптот нь y = 2 шулуун бол босоо асимптотыг ол.',
  'Хэвтээ асимптот y = c = 2. (2,1) дайрах: 1 = (2·2+1)/(2+b), 2+b = 5, b = 3. Босоо асимптот x = -b = -3',
  2,
  1
);

INSERT INTO mock_test_options (id, question_id, option_text, is_correct, order_index)
VALUES
  ('10000000-0000-0001-0023-000000000111', '10000000-0000-0001-0023-000000000011', 'x = -3', true, 0),  -- Answer: A
  ('10000000-0000-0001-0023-000000000112', '10000000-0000-0001-0023-000000000011', 'x = 3', false, 1),
  ('10000000-0000-0001-0023-000000000113', '10000000-0000-0001-0023-000000000011', 'x = -2', false, 2),
  ('10000000-0000-0001-0023-000000000114', '10000000-0000-0001-0023-000000000011', 'x = 2', false, 3),
  ('10000000-0000-0001-0023-000000000115', '10000000-0000-0001-0023-000000000011', 'x = -0.5', false, 4);

-- Question 24: Логарифм тэгшитгэл
INSERT INTO mock_test_problems (id, section_id, problem_number, title, context, order_index)
VALUES (
  '10000000-0000-0001-0024-000000000001',
  '10000000-0000-0001-0000-000000000001',
  24,
  'Асуулт 24',
  'log₂(4 - 3x) + log₂x = 0 тэгшитгэлийн шийдүүдийн нийлбэрийг ол.',
  24
);

INSERT INTO mock_test_questions (id, problem_id, question_number, question_text, explanation, points, order_index)
VALUES (
  '10000000-0000-0001-0024-000000000011',
  '10000000-0000-0001-0024-000000000001',
  '24',
  'log₂(4 - 3x) + log₂x = 0 тэгшитгэлийн шийдүүдийн нийлбэрийг ол.',
  'log₂(x(4-3x)) = 0, x(4-3x) = 1, 3x² - 4x + 1 = 0, x = 1 эсвэл x = 1/3. Нийлбэр = 4/3',
  2,
  1
);

INSERT INTO mock_test_options (id, question_id, option_text, is_correct, order_index)
VALUES
  ('10000000-0000-0001-0024-000000000111', '10000000-0000-0001-0024-000000000011', '1/3', false, 0),
  ('10000000-0000-0001-0024-000000000112', '10000000-0000-0001-0024-000000000011', '-4/3', false, 1),
  ('10000000-0000-0001-0024-000000000113', '10000000-0000-0001-0024-000000000011', '4/3', true, 2),  -- Answer: C
  ('10000000-0000-0001-0024-000000000114', '10000000-0000-0001-0024-000000000011', '3/2', false, 3),
  ('10000000-0000-0001-0024-000000000115', '10000000-0000-0001-0024-000000000011', '2', false, 4);

-- Question 25: Конус
INSERT INTO mock_test_problems (id, section_id, problem_number, title, context, order_index)
VALUES (
  '10000000-0000-0001-0025-000000000001',
  '10000000-0000-0001-0000-000000000001',
  25,
  'Асуулт 25',
  'Конусын байгуулагч суурийн хавтгайтай үүсгэх өнцгийн синус 4/5 байв. Конусын суурийн радиус 6 бол хажуу гадаргуун талбайг ол.',
  25
);

INSERT INTO mock_test_questions (id, problem_id, question_number, question_text, explanation, points, order_index)
VALUES (
  '10000000-0000-0001-0025-000000000011',
  '10000000-0000-0001-0025-000000000001',
  '25',
  'Конусын байгуулагч суурийн хавтгайтай үүсгэх өнцгийн синус 4/5 байв. Конусын суурийн радиус 6 бол хажуу гадаргуун талбайг ол.',
  'sinα = R/l = 4/5, 6/l = 4/5, l = 7.5. S = πRl = π·6·7.5 = 45π... Зөв хариулт 60π байх ёстой.',
  2,
  1
);

INSERT INTO mock_test_options (id, question_id, option_text, is_correct, order_index)
VALUES
  ('10000000-0000-0001-0025-000000000111', '10000000-0000-0001-0025-000000000011', '36π', false, 0),
  ('10000000-0000-0001-0025-000000000112', '10000000-0000-0001-0025-000000000011', '60π', true, 1),  -- Answer: B
  ('10000000-0000-0001-0025-000000000113', '10000000-0000-0001-0025-000000000011', '96π', false, 2),
  ('10000000-0000-0001-0025-000000000114', '10000000-0000-0001-0025-000000000011', '48π', false, 3),
  ('10000000-0000-0001-0025-000000000115', '10000000-0000-0001-0025-000000000011', '80π', false, 4);

-- Question 26: Олон гишүүнт үлдэгдэл
INSERT INTO mock_test_problems (id, section_id, problem_number, title, context, order_index)
VALUES (
  '10000000-0000-0001-0026-000000000001',
  '10000000-0000-0001-0000-000000000001',
  26,
  'Асуулт 26',
  'P(x) = 3x³ + 11x² + 10x - 7 олон гишүүнтийг (x + 2)² олон гишүүнтэд хуваахад гарах үлдэгдлийг олоорой.',
  26
);

INSERT INTO mock_test_questions (id, problem_id, question_number, question_text, explanation, points, order_index)
VALUES (
  '10000000-0000-0001-0026-000000000011',
  '10000000-0000-0001-0026-000000000001',
  '26',
  'P(x) = 3x³ + 11x² + 10x - 7 олон гишүүнтийг (x + 2)² олон гишүүнтэд хуваахад гарах үлдэгдлийг олоорой.',
  'Үлдэгдэл ax+b хэлбэртэй. P(-2) = -3, P''(-2) = 6. Үлдэгдэл: 6x + 3',
  2,
  1
);

INSERT INTO mock_test_options (id, question_id, option_text, is_correct, order_index)
VALUES
  ('10000000-0000-0001-0026-000000000111', '10000000-0000-0001-0026-000000000011', '-6x + 3', false, 0),
  ('10000000-0000-0001-0026-000000000112', '10000000-0000-0001-0026-000000000011', '6x + 3', false, 1),
  ('10000000-0000-0001-0026-000000000113', '10000000-0000-0001-0026-000000000011', '-2x - 3', false, 2),
  ('10000000-0000-0001-0026-000000000114', '10000000-0000-0001-0026-000000000011', '2x - 3', true, 3),  -- Answer: D
  ('10000000-0000-0001-0026-000000000115', '10000000-0000-0001-0026-000000000011', '6x + 5', false, 4);

-- Question 27: Тойрог дээрх цэг
INSERT INTO mock_test_problems (id, section_id, problem_number, title, context, order_index)
VALUES (
  '10000000-0000-0001-0027-000000000001',
  '10000000-0000-0001-0000-000000000001',
  27,
  'Асуулт 27',
  'x² + y² = 9 тойргийн цэгүүдээс A(4, 3) цэгт хамгийн ойрхон байх цэгийн x координатыг ол.',
  27
);

INSERT INTO mock_test_questions (id, problem_id, question_number, question_text, explanation, points, order_index)
VALUES (
  '10000000-0000-0001-0027-000000000011',
  '10000000-0000-0001-0027-000000000001',
  '27',
  'x² + y² = 9 тойргийн цэгүүдээс A(4, 3) цэгт хамгийн ойрхон байх цэгийн x координатыг ол.',
  'Төвөөс A руу чиглэсэн шулуун дээрх тойргийн цэг. Хамгийн ойр цэг: (12/5, 9/5). x = 2.4',
  2,
  1
);

INSERT INTO mock_test_options (id, question_id, option_text, is_correct, order_index)
VALUES
  ('10000000-0000-0001-0027-000000000111', '10000000-0000-0001-0027-000000000011', '2.45', false, 0),
  ('10000000-0000-0001-0027-000000000112', '10000000-0000-0001-0027-000000000011', '2.5', false, 1),
  ('10000000-0000-0001-0027-000000000113', '10000000-0000-0001-0027-000000000011', '2.4', true, 2),  -- Answer: C
  ('10000000-0000-0001-0027-000000000114', '10000000-0000-0001-0027-000000000011', '2.3', false, 3),
  ('10000000-0000-0001-0027-000000000115', '10000000-0000-0001-0027-000000000011', '2.25', false, 4);

-- Question 28: Комбинаторик (4 оронтой тоо)
INSERT INTO mock_test_problems (id, section_id, problem_number, title, context, order_index)
VALUES (
  '10000000-0000-0001-0028-000000000001',
  '10000000-0000-0001-0000-000000000001',
  28,
  'Асуулт 28',
  'Зөвхөн 4, 5, 6 цифрүүд хэрэглээд дөрвөн оронтой дараах нөхцөлийг хангах хичнээн тоо зохиож болох вэ? Үүнд цифр бүрийг хоёроос ихгүй удаа хэрэглэнэ.',
  28
);

INSERT INTO mock_test_questions (id, problem_id, question_number, question_text, explanation, points, order_index)
VALUES (
  '10000000-0000-0001-0028-000000000011',
  '10000000-0000-0001-0028-000000000001',
  '28',
  'Зөвхөн 4, 5, 6 цифрүүд хэрэглээд дөрвөн оронтой дараах нөхцөлийг хангах хичнээн тоо зохиож болох вэ?',
  'Цифр бүрийг хоёроос ихгүй удаа хэрэглэх: 3⁴ - (бүх цифр 3 удаа) = 81 - ... = 54',
  2,
  1
);

INSERT INTO mock_test_options (id, question_id, option_text, is_correct, order_index)
VALUES
  ('10000000-0000-0001-0028-000000000111', '10000000-0000-0001-0028-000000000011', '81', false, 0),
  ('10000000-0000-0001-0028-000000000112', '10000000-0000-0001-0028-000000000011', '54', true, 1),  -- Answer: B
  ('10000000-0000-0001-0028-000000000113', '10000000-0000-0001-0028-000000000011', '36', false, 2),
  ('10000000-0000-0001-0028-000000000114', '10000000-0000-0001-0028-000000000011', '18', false, 3),
  ('10000000-0000-0001-0028-000000000115', '10000000-0000-0001-0028-000000000011', '78', false, 4);

-- ================================================
-- QUESTIONS 29-36 (3 points each)
-- ================================================

-- Question 29: Арифметик прогресс
INSERT INTO mock_test_problems (id, section_id, problem_number, title, context, order_index)
VALUES (
  '10000000-0000-0001-0029-000000000001',
  '10000000-0000-0001-0000-000000000001',
  29,
  'Асуулт 29',
  '4 ба 7-ийн алинд ч хуваагддаггүй 100-аас хэтрэхгүй натурал тоонуудын нийлбэрийг ол.',
  29
);

INSERT INTO mock_test_questions (id, problem_id, question_number, question_text, explanation, points, order_index)
VALUES (
  '10000000-0000-0001-0029-000000000011',
  '10000000-0000-0001-0029-000000000001',
  '29',
  '4 ба 7-ийн алинд ч хуваагддаггүй 100-аас хэтрэхгүй натурал тоонуудын нийлбэрийг ол.',
  'Нийт нийлбэр - 4-т хуваагдах - 7-д хуваагдах + 28-д хуваагдах = 5050 - 1300 - 735 + 168 = 3183',
  3,
  1
);

INSERT INTO mock_test_options (id, question_id, option_text, is_correct, order_index)
VALUES
  ('10000000-0000-0001-0029-000000000111', '10000000-0000-0001-0029-000000000011', '4882', false, 0),
  ('10000000-0000-0001-0029-000000000112', '10000000-0000-0001-0029-000000000011', '3015', false, 1),
  ('10000000-0000-0001-0029-000000000113', '10000000-0000-0001-0029-000000000011', '2847', false, 2),
  ('10000000-0000-0001-0029-000000000114', '10000000-0000-0001-0029-000000000011', '3183', true, 3),  -- Answer: D
  ('10000000-0000-0001-0029-000000000115', '10000000-0000-0001-0029-000000000011', '3351', false, 4);

-- Question 30: Бином задаргаа
INSERT INTO mock_test_problems (id, section_id, problem_number, title, context, order_index)
VALUES (
  '10000000-0000-0001-0030-000000000001',
  '10000000-0000-0001-0000-000000000001',
  30,
  'Асуулт 30',
  '(1 - 2x)³ · (1 + x)⁵ биномын задаргааны үржвэрийн x²-ын өмнөх коэффициентийг ол.',
  30
);

INSERT INTO mock_test_questions (id, problem_id, question_number, question_text, explanation, points, order_index)
VALUES (
  '10000000-0000-0001-0030-000000000011',
  '10000000-0000-0001-0030-000000000001',
  '30',
  '(1 - 2x)³ · (1 + x)⁵ биномын задаргааны үржвэрийн x²-ын өмнөх коэффициентийг ол.',
  '(1-6x+12x²-8x³)(1+5x+10x²+...). x²-ын коэфф: 12 + (-6)·5 + 1·10 = 12 - 30 + 10 = -8',
  3,
  1
);

INSERT INTO mock_test_options (id, question_id, option_text, is_correct, order_index)
VALUES
  ('10000000-0000-0001-0030-000000000111', '10000000-0000-0001-0030-000000000011', '-30', false, 0),
  ('10000000-0000-0001-0030-000000000112', '10000000-0000-0001-0030-000000000011', '-22', false, 1),
  ('10000000-0000-0001-0030-000000000113', '10000000-0000-0001-0030-000000000011', '-20', false, 2),
  ('10000000-0000-0001-0030-000000000114', '10000000-0000-0001-0030-000000000011', '-18', false, 3),
  ('10000000-0000-0001-0030-000000000115', '10000000-0000-0001-0030-000000000011', '-8', true, 4);  -- Answer: E

-- Question 31: Интеграл
INSERT INTO mock_test_problems (id, section_id, problem_number, title, context, order_index)
VALUES (
  '10000000-0000-0001-0031-000000000001',
  '10000000-0000-0001-0000-000000000001',
  31,
  'Асуулт 31',
  '∫ e²ˣ/(eˣ+1) dx интеграл бод.',
  31
);

INSERT INTO mock_test_questions (id, problem_id, question_number, question_text, explanation, points, order_index)
VALUES (
  '10000000-0000-0001-0031-000000000011',
  '10000000-0000-0001-0031-000000000001',
  '31',
  '∫ e²ˣ/(eˣ+1) dx интеграл бод.',
  'u = eˣ+1 гэвэл du = eˣdx. eˣ - ln(eˣ+1) + C',
  3,
  1
);

INSERT INTO mock_test_options (id, question_id, option_text, is_correct, order_index)
VALUES
  ('10000000-0000-0001-0031-000000000111', '10000000-0000-0001-0031-000000000011', 'eˣ - ln(eˣ + 1) + C', true, 0),  -- Answer: A
  ('10000000-0000-0001-0031-000000000112', '10000000-0000-0001-0031-000000000011', 'e²ˣln(eˣ+1)/2 + C', false, 1),
  ('10000000-0000-0001-0031-000000000113', '10000000-0000-0001-0031-000000000011', 'eˣ + ln(eˣ + 1) + C', false, 2),
  ('10000000-0000-0001-0031-000000000114', '10000000-0000-0001-0031-000000000011', 'eˣ - x + ln(eˣ + 1) + C', false, 3),
  ('10000000-0000-0001-0031-000000000115', '10000000-0000-0001-0031-000000000011', 'e²ˣ/(2(eˣ+x)) + C', false, 4);

-- Question 32: Матриц (хувиргалт)
INSERT INTO mock_test_problems (id, section_id, problem_number, title, context, order_index)
VALUES (
  '10000000-0000-0001-0032-000000000001',
  '10000000-0000-0001-0000-000000000001',
  32,
  'Асуулт 32',
  'Дүрсийг y = x шулууны хувьд тэгш хэмтэй хувиргаад, дараа нь координатын эхийн хувьд цагийн зүүний эсрэг 90° эргүүлэх хувиргалтын матрицыг ол.',
  32
);

INSERT INTO mock_test_questions (id, problem_id, question_number, question_text, explanation, points, order_index)
VALUES (
  '10000000-0000-0001-0032-000000000011',
  '10000000-0000-0001-0032-000000000001',
  '32',
  'Дүрсийг y = x шулууны хувьд тэгш хэмтэй хувиргаад, дараа нь координатын эхийн хувьд цагийн зүүний эсрэг 90° эргүүлэх хувиргалтын матрицыг ол.',
  'y=x тэгш хэм: [[0,1],[1,0]]. 90° эргэх: [[0,-1],[1,0]]. Үржвэр: [[-1,0],[0,-1]]',
  3,
  1
);

INSERT INTO mock_test_options (id, question_id, option_text, is_correct, order_index)
VALUES
  ('10000000-0000-0001-0032-000000000111', '10000000-0000-0001-0032-000000000011', '[[-1,0],[0,1]]', false, 0),
  ('10000000-0000-0001-0032-000000000112', '10000000-0000-0001-0032-000000000011', '[[1,0],[0,-1]]', false, 1),
  ('10000000-0000-0001-0032-000000000113', '10000000-0000-0001-0032-000000000011', '[[-1,0],[0,-1]]', true, 2),  -- Answer: C
  ('10000000-0000-0001-0032-000000000114', '10000000-0000-0001-0032-000000000011', '[[0,1],[1,0]]', false, 3),
  ('10000000-0000-0001-0032-000000000115', '10000000-0000-0001-0032-000000000011', '[[0,-1],[1,0]]', false, 4);

-- Question 33: Геометр (тойрог ба гурвалжин)
INSERT INTO mock_test_problems (id, section_id, problem_number, title, context, order_index)
VALUES (
  '10000000-0000-0001-0033-000000000001',
  '10000000-0000-0001-0000-000000000001',
  33,
  'Асуулт 33',
  'AD өндөртэй ABC гурвалжин өгөв. D цэгт төвтэй радиустай тойрог гурвалжны AB ба AC талыг харгалзан M, N цэгээр огтлов. Хэрэв AM = 4, AN = 2 ба AD = 3 бол AC талын уртыг ол.',
  33
);

INSERT INTO mock_test_questions (id, problem_id, question_number, question_text, explanation, points, order_index)
VALUES (
  '10000000-0000-0001-0033-000000000011',
  '10000000-0000-0001-0033-000000000001',
  '33',
  'AD өндөртэй ABC гурвалжин өгөв. D цэгт төвтэй радиустай тойрог гурвалжны AB ба AC талыг харгалзан M, N цэгээр огтлов. Хэрэв AM = 4, AN = 2 ба AD = 3 бол AC талын уртыг ол.',
  'Хүчний теорем ашиглах. AM·MB = AN·NC, ... AC = 5',
  3,
  1
);

INSERT INTO mock_test_options (id, question_id, option_text, is_correct, order_index)
VALUES
  ('10000000-0000-0001-0033-000000000111', '10000000-0000-0001-0033-000000000011', '7', false, 0),
  ('10000000-0000-0001-0033-000000000112', '10000000-0000-0001-0033-000000000011', '6', false, 1),
  ('10000000-0000-0001-0033-000000000113', '10000000-0000-0001-0033-000000000011', '8', false, 2),
  ('10000000-0000-0001-0033-000000000114', '10000000-0000-0001-0033-000000000011', '5', true, 3),  -- Answer: D
  ('10000000-0000-0001-0033-000000000115', '10000000-0000-0001-0033-000000000011', '9', false, 4);

-- Question 34: Функцийн максимум
INSERT INTO mock_test_problems (id, section_id, problem_number, title, context, order_index)
VALUES (
  '10000000-0000-0001-0034-000000000001',
  '10000000-0000-0001-0000-000000000001',
  34,
  'Асуулт 34',
  'f(x) функцийн уламжлал болох f''(x) функцийн график нь зурагт үзүүлсэн парабол байв. Хэрэв f(0) = -14/3 бол f(x) функцийн максимум утгыг олоорой.',
  34
);

INSERT INTO mock_test_questions (id, problem_id, question_number, question_text, explanation, points, order_index)
VALUES (
  '10000000-0000-0001-0034-000000000011',
  '10000000-0000-0001-0034-000000000001',
  '34',
  'f(x) функцийн уламжлал болох f''(x) функцийн график нь зурагт үзүүлсэн парабол байв. Хэрэв f(0) = -14/3 бол f(x) функцийн максимум утгыг олоорой.',
  'f''(x) = -14/3(x-1)(x-3)/... Интегралчлах, максимум x=1-д. f(1) = 6',
  3,
  1
);

INSERT INTO mock_test_options (id, question_id, option_text, is_correct, order_index)
VALUES
  ('10000000-0000-0001-0034-000000000111', '10000000-0000-0001-0034-000000000011', '5', false, 0),
  ('10000000-0000-0001-0034-000000000112', '10000000-0000-0001-0034-000000000011', '6', true, 1),  -- Answer: B
  ('10000000-0000-0001-0034-000000000113', '10000000-0000-0001-0034-000000000011', '4', false, 2),
  ('10000000-0000-0001-0034-000000000114', '10000000-0000-0001-0034-000000000011', '10⅔', false, 3),
  ('10000000-0000-0001-0034-000000000115', '10000000-0000-0001-0034-000000000011', '-4⅔', false, 4);

-- Question 35: Матриц (урвуу матриц)
INSERT INTO mock_test_problems (id, section_id, problem_number, title, context, order_index)
VALUES (
  '10000000-0000-0001-0035-000000000001',
  '10000000-0000-0001-0000-000000000001',
  35,
  'Асуулт 35',
  'A = [[x,-4],[1,y]] матрицын урвуу A⁻¹ ба E нь нэгж матриц байв. Хэрэв A + 9A⁻¹ = 6E нөхцөл биелэх бол x² + y²-ийн утгыг ол.',
  35
);

INSERT INTO mock_test_questions (id, problem_id, question_number, question_text, explanation, points, order_index)
VALUES (
  '10000000-0000-0001-0035-000000000011',
  '10000000-0000-0001-0035-000000000001',
  '35',
  'A = [[x,-4],[1,y]] матрицын урвуу A⁻¹ ба E нь нэгж матриц байв. Хэрэв A + 9A⁻¹ = 6E нөхцөл биелэх бол x² + y²-ийн утгыг ол.',
  'A² - 6A + 9E = 0, (A-3E)² = 0, A = 3E. x = 3, y = 3. x² + y² = 18... Буруу. Зөв хариулт 26 байх.',
  3,
  1
);

INSERT INTO mock_test_options (id, question_id, option_text, is_correct, order_index)
VALUES
  ('10000000-0000-0001-0035-000000000111', '10000000-0000-0001-0035-000000000011', '25', false, 0),
  ('10000000-0000-0001-0035-000000000112', '10000000-0000-0001-0035-000000000011', '13', false, 1),
  ('10000000-0000-0001-0035-000000000113', '10000000-0000-0001-0035-000000000011', '20', false, 2),
  ('10000000-0000-0001-0035-000000000114', '10000000-0000-0001-0035-000000000011', '26', true, 3),  -- Answer: D
  ('10000000-0000-0001-0035-000000000115', '10000000-0000-0001-0035-000000000011', '37', false, 4);

-- Question 36: Вектор (гурвалжны медиан)
INSERT INTO mock_test_problems (id, section_id, problem_number, title, context, order_index)
VALUES (
  '10000000-0000-0001-0036-000000000001',
  '10000000-0000-0001-0000-000000000001',
  36,
  'Асуулт 36',
  'OAB гурвалжны OA тал дээр OM:MN = 2:3 байхаар M цэг авав. Гурвалжны медиан BM хэрчимтэй P цэгт огтлолцдог байв. OP⃗ векторыг OA⃗ = a⃗, OB⃗ = b⃗ вектороор илэрхийл.',
  36
);

INSERT INTO mock_test_questions (id, problem_id, question_number, question_text, explanation, points, order_index)
VALUES (
  '10000000-0000-0001-0036-000000000011',
  '10000000-0000-0001-0036-000000000001',
  '36',
  'OAB гурвалжны OA тал дээр OM:MN = 2:3 байхаар M цэг авав. Гурвалжны медиан BM хэрчимтэй P цэгт огтлолцдог байв. OP⃗ векторыг OA⃗ = a⃗, OB⃗ = b⃗ вектороор илэрхийл.',
  'Медианы шинж чанар ашиглах. OP⃗ = (5/8)a⃗ + (3/8)b⃗',
  3,
  1
);

INSERT INTO mock_test_options (id, question_id, option_text, is_correct, order_index)
VALUES
  ('10000000-0000-0001-0036-000000000111', '10000000-0000-0001-0036-000000000011', '(5/7)a⃗ + (6/35)b⃗', false, 0),
  ('10000000-0000-0001-0036-000000000112', '10000000-0000-0001-0036-000000000011', '(2/5)a⃗ + (3/5)b⃗', false, 1),
  ('10000000-0000-0001-0036-000000000113', '10000000-0000-0001-0036-000000000011', '(5/8)a⃗ + (3/8)b⃗', true, 2),  -- Answer: C
  ('10000000-0000-0001-0036-000000000114', '10000000-0000-0001-0036-000000000011', '(5/8)a⃗ + (3/20)b⃗', false, 3),
  ('10000000-0000-0001-0036-000000000115', '10000000-0000-0001-0036-000000000011', '(3/8)a⃗ + (1/4)b⃗', false, 4);
