-- =====================================================
-- ЭЕШ 2019 Математик A Хувилбар - Supabase Seed Data
-- =====================================================
-- Нийт: 36 сонгох даалгавар (72 оноо) + 4 нөхөх даалгавар (28 оноо) = 100 оноо
-- A хувилбар зөв хариултууд: A,B,A,C,B,A,E,C,D,A,B,E,B,C,D,A,C,E,C,A,C,E,B,D,A,E,B,C,D,C,A,D,E,E,D,A
-- =====================================================

-- 1. Mock Test
INSERT INTO mock_tests (
    id,
    title,
    description,
    time_limit_minutes,
    total_questions,
    is_published,
    category
) VALUES (
    '20190000-0000-0000-0000-000000000001',
    'ЭЕШ 2019 Математик Хувилбар A',
    'Элсэлтийн ерөнхий шалгалт 2019 оны Математикийн хичээлийн Хувилбар A. Нэгдүгээр хэсэг: 36 сонгох даалгавар (72 оноо). Хоёрдугаар хэсэг: 4 нөхөх даалгавар (28 оноо). Нийт 100 оноо.',
    180,
    40,
    true,
    'math'
);

-- 2. Sections
INSERT INTO mock_test_sections (id, mock_test_id, subject, title, order_index, created_at) VALUES 
('20190000-0001-0000-0000-000000000001', '20190000-0000-0000-0000-000000000001', 'math', 'Нэгдүгээр хэсэг - Сонгох даалгавар', 1, NOW()),
('20190000-0002-0000-0000-000000000001', '20190000-0000-0000-0000-000000000001', 'math', 'Хоёрдугаар хэсэг - Нөхөх даалгавар', 2, NOW());

-- 3. Problems (36 сонгох + 4 нөхөх)
INSERT INTO mock_test_problems (id, section_id, problem_number, title, context, order_index, created_at) VALUES
('20190001-0001-0000-0000-000000000001', '20190000-0001-0000-0000-000000000001', 1, 'Асуулт 1', '7^(log₇4) =', 1, NOW()),
('20190001-0002-0000-0000-000000000001', '20190000-0001-0000-0000-000000000001', 2, 'Асуулт 2', '(−1  3) · [[5], [2]] матрицуудын үржвэрийг олоорой.', 2, NOW()),
('20190001-0003-0000-0000-000000000001', '20190000-0001-0000-0000-000000000001', 3, 'Асуулт 3', 'Дараах функцүүдээс аль нь [−π/2; π/2] завсарт y = sinx функцийн урвуу нь болох вэ?', 3, NOW()),
('20190001-0004-0000-0000-000000000001', '20190000-0001-0000-0000-000000000001', 4, 'Асуулт 4', 'A ба B олонлогуудын ядаж нэгэнд нь харьяалагддаг элементүүдийн олонлогийг уг 2 олонлогийн ...........гэнэ.', 4, NOW()),
('20190001-0005-0000-0000-000000000001', '20190000-0001-0000-0000-000000000001', 5, 'Асуулт 5', 'y = 2x³ − sinx функцийн уламжлалыг олоорой.', 5, NOW()),
('20190001-0006-0000-0000-000000000001', '20190000-0001-0000-0000-000000000001', 6, 'Асуулт 6', 'a⃗ = (−1; −2; 3), b⃗ = (1; −2; −3) бол a⃗ − b⃗ = ?', 6, NOW()),
('20190001-0007-0000-0000-000000000001', '20190000-0001-0000-0000-000000000001', 7, 'Асуулт 7', 'Цилиндрийн суурийн радиус 2 дм, өндөр нь 4 дм бол тэнхлэг огтлолын талбай нь хэдэн дм.кв вэ?', 7, NOW()),
('20190001-0008-0000-0000-000000000001', '20190000-0001-0000-0000-000000000001', 8, 'Асуулт 8', 'Өгөгдлийг иш навчны диаграммаар үзүүлжээ. Далайцыг олно уу.', 8, NOW()),
('20190001-0009-0000-0000-000000000001', '20190000-0001-0000-0000-000000000001', 9, 'Асуулт 9', 'a(√a − 4)(√a + 4) − (8 − a)² илэрхийллийг хялбарчил.', 9, NOW()),
('20190001-0010-0000-0000-000000000001', '20190000-0001-0000-0000-000000000001', 10, 'Асуулт 10', 'k = 0.16 үед ∛k · ⁶√k үржвэрийн утгыг ол.', 10, NOW()),
('20190001-0011-0000-0000-000000000001', '20190000-0001-0000-0000-000000000001', 11, 'Асуулт 11', 'z = i²⁰¹⁸ + 2i²⁰¹⁹ бол уг тоо аль мөчид орших вэ?', 11, NOW()),
('20190001-0012-0000-0000-000000000001', '20190000-0001-0000-0000-000000000001', 12, 'Асуулт 12', 'a = 5, b = 3(2018/2019) бол илэрхийллийг хялбарчилж утгыг олоорой.', 12, NOW()),
('20190001-0013-0000-0000-000000000001', '20190000-0001-0000-0000-000000000001', 13, 'Асуулт 13', '[[sin73°, cos77°], [sin17°, cos13°]] матрицын тодорхойлогчийг олоорой.', 13, NOW()),
('20190001-0014-0000-0000-000000000001', '20190000-0001-0000-0000-000000000001', 14, 'Асуулт 14', 'y = √((3x+2)/(5−x)) функцийн тодорхойлогдох мужийг олно уу?', 14, NOW()),
('20190001-0015-0000-0000-000000000001', '20190000-0001-0000-0000-000000000001', 15, 'Асуулт 15', '∛2, ∛(2x), 8 тоонууд өсөх геометр прогресс үүсгэх бол q-г ол.', 15, NOW()),
('20190001-0016-0000-0000-000000000001', '20190000-0001-0000-0000-000000000001', 16, 'Асуулт 16', 'p(x) = 4x³ − 6x² + 8x − 9 олон гишүүнтийг Q(x) = 2x − 1 олон гишүүнтэд хуваахад гарах үлдэгдэл нь аль вэ?', 16, NOW()),
('20190001-0017-0000-0000-000000000001', '20190000-0001-0000-0000-000000000001', 17, 'Асуулт 17', '∫(x+1)/√x dx интегралыг бод.', 17, NOW()),
('20190001-0018-0000-0000-000000000001', '20190000-0001-0000-0000-000000000001', 18, 'Асуулт 18', 'y = 12/x функцийн графикийн x₀ = −2 абсцисстай цэгт татсан шүргэгч шулууны тэгшитгэлийг бичээрэй.', 18, NOW()),
('20190001-0019-0000-0000-000000000001', '20190000-0001-0000-0000-000000000001', 19, 'Асуулт 19', 'x³ + x² − 6x = 0 тэгшитгэлийн шийдийг олоорой.', 19, NOW()),
('20190001-0020-0000-0000-000000000001', '20190000-0001-0000-0000-000000000001', 20, 'Асуулт 20', 'Огтлогдсон конусын суурийн радиусууд 3 м ба 9 м, өндөр нь 8 м бол хажуу гадаргуугийн талбайг олоорой.', 20, NOW()),
('20190001-0021-0000-0000-000000000001', '20190000-0001-0000-0000-000000000001', 21, 'Асуулт 21', 'A(3;0), B(0;-2) цэгүүдийг дайрсан шулууны налалтыг олоорой.', 21, NOW()),
('20190001-0022-0000-0000-000000000001', '20190000-0001-0000-0000-000000000001', 22, 'Асуулт 22', 'A(3;0), B(2;2), C(3;2) цэгүүдэд оройтой гурвалжныг гомотетоор хувиргахад A₁(1;-2), B₁(-2;4), C₁(1;4) цэгүүдэд оройтой гурвалжин үүсчээ. Гомотетын төвийн координатуудыг олоорой.', 22, NOW()),
('20190001-0023-0000-0000-000000000001', '20190000-0001-0000-0000-000000000001', 23, 'Асуулт 23', 'ABCD дөрвөн өнцөгт тойрогт багтжээ. Хэрэв BC = 12 см, CD = 20 см, ∠BAD = 60° бол BD хэрчмийн уртыг олно уу.', 23, NOW()),
('20190001-0024-0000-0000-000000000001', '20190000-0001-0000-0000-000000000001', 24, 'Асуулт 24', 'Зөв дөрвөн өнцөгт пирамидын хажуу талс суурьтай 60° өнцөг үүсгэнэ. Суурийн тал нь 4 см бол хажуу ирмэгийн уртыг ол.', 24, NOW()),
('20190001-0025-0000-0000-000000000001', '20190000-0001-0000-0000-000000000001', 25, 'Асуулт 25', 'Хэрэв ctgα = 0.2 бол (1+cos2α+sin2α)/(1−cos2α+sin2α) илэрхийллийн утгыг олоорой.', 25, NOW()),
('20190001-0026-0000-0000-000000000001', '20190000-0001-0000-0000-000000000001', 26, 'Асуулт 26', 'Хэсэг сурагчаас шалгалт авсны дараа зөв гүйцэтгэсэн бодлогын тооны тархалтыг хүснэгтээр үзүүлжээ. Нэг хүүхэд дунджаар хэдэн бодлого зөв бодсон бэ?', 26, NOW()),
('20190001-0027-0000-0000-000000000001', '20190000-0001-0000-0000-000000000001', 27, 'Асуулт 27', 'C₇ˣ = C₅ˣ байх x-ийн хувьд Pˣₓ/Aˣₓ = ?', 27, NOW()),
('20190001-0028-0000-0000-000000000001', '20190000-0001-0000-0000-000000000001', 28, 'Асуулт 28', 'X санамсаргүй хувьсагчийн магадлалын тархалт дараах хүснэгтээр өгөгджээ. Математик дундаж нь хэд вэ?', 28, NOW()),
('20190001-0029-0000-0000-000000000001', '20190000-0001-0000-0000-000000000001', 29, 'Асуулт 29', '2y−x−2=0; y+2x−6=0; y=0 тэгшитгэлтэй шулуунуудын огтлолцолд үүсэх гурвалжны талбайн хэмжээг олоорой.', 29, NOW()),
('20190001-0030-0000-0000-000000000001', '20190000-0001-0000-0000-000000000001', 30, 'Асуулт 30', 'x⁴ − 23x² + 1 = (x² + px + 1)(x² − qx + 1) (Үүнд p > 0) үржигдэхүүн болон задардаг бол p + q нийлбэрийг ол.', 30, NOW()),
('20190001-0031-0000-0000-000000000001', '20190000-0001-0000-0000-000000000001', 31, 'Асуулт 31', 'A = {1, 1, 2, 4, 7} өгөгдлийн стандарт хазайлтыг олно уу.', 31, NOW()),
('20190001-0032-0000-0000-000000000001', '20190000-0001-0000-0000-000000000001', 32, 'Асуулт 32', 'a⃗ = (0; −1; −1), b⃗ = (1; −1; −2) векторуудын хоорондох өнцгийг олоорой.', 32, NOW()),
('20190001-0033-0000-0000-000000000001', '20190000-0001-0000-0000-000000000001', 33, 'Асуулт 33', '(1/2)^(x²−7) < 2^(3|x|−1) тэнцэтгэл бишийн шийд аль нь вэ?', 33, NOW()),
('20190001-0034-0000-0000-000000000001', '20190000-0001-0000-0000-000000000001', 34, 'Асуулт 34', 'A(-4;0), B(-2;8), C(2;8), D(4;0) цэгүүд дээр оройтой дөрвөн өнцөгтийн талбайг y = −x² + 4 тэгшитгэлтэй парабол ямар харьцаатай хэсгүүдэд хуваах вэ?', 34, NOW()),
('20190001-0035-0000-0000-000000000001', '20190000-0001-0000-0000-000000000001', 35, 'Асуулт 35', 'X санамсаргүй хувьсагчийн магадлалын тархалт дараах хүснэгтээр өгөгджээ. Дисперсийг нь олно уу?', 35, NOW()),
('20190001-0036-0000-0000-000000000001', '20190000-0001-0000-0000-000000000001', 36, 'Асуулт 36', '3sin2x − 7cos²x = 1 тэгшитгэл [−π; π] завсарт хэдэн шийдтэй вэ?', 36, NOW()),
('20190002-0001-0000-0000-000000000001', '20190000-0002-0000-0000-000000000001', 1, 'Даалгавар 2.1', 'f(x) = x² − 4x + 6 функц өгөв. x ≥ 2; y ≥ 2 үед урвуу функцийг олвол f⁻¹(x) = a + √(x − b) байна. (7 оноо)', 37, NOW()),
('20190002-0002-0000-0000-000000000001', '20190000-0002-0000-0000-000000000001', 2, 'Даалгавар 2.2', 'y = √x функцийн графикаар дүрслэгдэх голын эрэг дээр зусч байгаа иргэн Батын зуслангийн байршлыг A(14;0) цэгээр дүрслэв. Батынхаас гол хүрэх хамгийн богино зайг олоорой. (7 оноо)', 38, NOW()),
('20190002-0003-0000-0000-000000000001', '20190000-0002-0000-0000-000000000001', 3, 'Даалгавар 2.3', 'Хоёр сурагч англи хэлний түвшин тогтоох шалгалт өгчээ. I нь тэнцэх магадлал 0.9, II нь тэнцэх магадлал 0.85 бол (7 оноо)', 39, NOW()),
('20190002-0004-0000-0000-000000000001', '20190000-0002-0000-0000-000000000001', 4, 'Даалгавар 2.4', 'A(1;1), B(1;4), C(3;1) цэгүүд дээр оройтой гурвалжин байжээ. Энэ гурвалжныг координатын эх дээр төвтэй цагийн зүүний эсрэг 90° өнцгөөр эргүүлэхэд үүсэх A₁B₁C₁ гурвалжны оройн цэгүүдийн координатуудыг олоорой. (7 оноо)', 40, NOW());

-- 4. Questions
INSERT INTO mock_test_questions (id, problem_id, question_number, question_text, explanation, points, order_index, created_at) VALUES
('20190001-0001-0001-0000-000000000001', '20190001-0001-0000-0000-000000000001', '1', '7^(log₇4) утгыг олоорой.', '7^(log₇4) = 4 (логарифмын тодорхойлолтоор)', 1, 1, NOW()),
('20190001-0002-0001-0000-000000000001', '20190001-0002-0000-0000-000000000001', '2', 'Матрицуудын үржвэрийг олоорой.', '(−1 3)·[[5],[2]] = −1·5 + 3·2 = −5 + 6 = 1', 1, 1, NOW()),
('20190001-0003-0001-0000-000000000001', '20190001-0003-0000-0000-000000000001', '3', 'y = sinx функцийн урвуу функцийг олоорой.', 'y = arcsinx', 1, 1, NOW()),
('20190001-0004-0001-0000-000000000001', '20190001-0004-0000-0000-000000000001', '4', 'Нэгдэл гэдгийг тодорхойл.', 'A ба B олонлогийн нэгдэл', 1, 1, NOW()),
('20190001-0005-0001-0000-000000000001', '20190001-0005-0000-0000-000000000001', '5', 'y = 2x³ − sinx уламжлалыг ол.', 'y′ = 6x² − cosx', 1, 1, NOW()),
('20190001-0006-0001-0000-000000000001', '20190001-0006-0000-0000-000000000001', '6', 'a⃗ − b⃗ векторыг ол.', '(−1−1; −2+2; 3+3) = (−2; 0; 6)', 1, 1, NOW()),
('20190001-0007-0001-0000-000000000001', '20190001-0007-0000-0000-000000000001', '7', 'Тэнхлэг огтлолын талбайг ол.', 'S = 2r · h = 2·2·4 = 16 дм²', 1, 1, NOW()),
('20190001-0008-0001-0000-000000000001', '20190001-0008-0000-0000-000000000001', '8', 'Далайцыг олно уу.', '69 − 18 = 51', 1, 1, NOW()),
('20190001-0009-0001-0000-000000000001', '20190001-0009-0000-0000-000000000001', '9', 'Илэрхийллийг хялбарчил.', 'a(a−16) − (8−a)² = a² − 16a − 64 + 16a − a² = −64', 2, 1, NOW()),
('20190001-0010-0001-0000-000000000001', '20190001-0010-0000-0000-000000000001', '10', 'Үржвэрийн утгыг ол.', '(0.16)^(1/3) · (0.16)^(1/6) = (0.16)^(1/2) = 0.4', 2, 1, NOW()),
('20190001-0011-0001-0000-000000000001', '20190001-0011-0000-0000-000000000001', '11', 'z тоо аль мөчид орших вэ?', 'i²⁰¹⁸ = −1, i²⁰¹⁹ = −i, z = −1 − 2i (III мөч)', 2, 1, NOW()),
('20190001-0012-0001-0000-000000000001', '20190001-0012-0000-0000-000000000001', '12', 'Илэрхийллийн утгыг олоорой.', '1/5', 2, 1, NOW()),
('20190001-0013-0001-0000-000000000001', '20190001-0013-0000-0000-000000000001', '13', 'Матрицын тодорхойлогчийг олоорой.', 'sin73°·cos13° − cos77°·sin17° = sin(73°−17°) · ... = √3/2', 2, 1, NOW()),
('20190001-0014-0001-0000-000000000001', '20190001-0014-0000-0000-000000000001', '14', 'Функцийн тодорхойлогдох мужийг олоорой.', '(3x+2)/(5−x) ≥ 0 → [−2/3; 5[', 2, 1, NOW()),
('20190001-0015-0001-0000-000000000001', '20190001-0015-0000-0000-000000000001', '15', 'q-г ол.', 'q³ = 8/∛2 = 4∛2, q = ∛(4∛2) = √³4', 2, 1, NOW()),
('20190001-0016-0001-0000-000000000001', '20190001-0016-0000-0000-000000000001', '16', 'Үлдэгдлийг олоорой.', 'p(1/2) = 4(1/8) − 6(1/4) + 8(1/2) − 9 = −6', 2, 1, NOW()),
('20190001-0017-0001-0000-000000000001', '20190001-0017-0000-0000-000000000001', '17', 'Интегралыг бод.', '(2/3)x√x + 2√x + c', 2, 1, NOW()),
('20190001-0018-0001-0000-000000000001', '20190001-0018-0000-0000-000000000001', '18', 'Шүргэгч шулууны тэгшитгэлийг бич.', 'y = −3x − 12', 2, 1, NOW()),
('20190001-0019-0001-0000-000000000001', '20190001-0019-0000-0000-000000000001', '19', 'Шийдийг олоорой.', 'x(x² + x − 6) = 0, x = 0, 2, −3', 2, 1, NOW()),
('20190001-0020-0001-0000-000000000001', '20190001-0020-0000-0000-000000000001', '20', 'Хажуу гадаргуугийн талбайг ол.', 'S = π(R+r)l = π(9+3)·10 = 120π м²', 2, 1, NOW()),
('20190001-0021-0001-0000-000000000001', '20190001-0021-0000-0000-000000000001', '21', 'Шулууны налалтыг олоорой.', 'k = (−2−0)/(0−3) = 2/3', 2, 1, NOW()),
('20190001-0022-0001-0000-000000000001', '20190001-0022-0000-0000-000000000001', '22', 'Гомотетын төвийн координатуудыг ол.', 'Төв: (4; 1)', 2, 1, NOW()),
('20190001-0023-0001-0000-000000000001', '20190001-0023-0000-0000-000000000001', '23', 'BD хэрчмийн уртыг олно уу.', 'BD = 28 см', 2, 1, NOW()),
('20190001-0024-0001-0000-000000000001', '20190001-0024-0000-0000-000000000001', '24', 'Хажуу ирмэгийн уртыг ол.', '2√5 см', 2, 1, NOW()),
('20190001-0025-0001-0000-000000000001', '20190001-0025-0000-0000-000000000001', '25', 'Илэрхийллийн утгыг олоорой.', 'ctgα = 0.2 → 0.2', 2, 1, NOW()),
('20190001-0026-0001-0000-000000000001', '20190001-0026-0000-0000-000000000001', '26', 'Дунджаар хэдэн бодлого зөв бодсон?', '≈ 4.6', 2, 1, NOW()),
('20190001-0027-0001-0000-000000000001', '20190001-0027-0000-0000-000000000001', '27', 'Pˣₓ/Aˣₓ утгыг ол.', '10!', 2, 1, NOW()),
('20190001-0028-0001-0000-000000000001', '20190001-0028-0000-0000-000000000001', '28', 'Математик дунджийг ол.', 'E(X) = 2·0.4 + 5·0.2 + 3·0.3 + 1·0.1 = 2.8', 2, 1, NOW()),
('20190001-0029-0001-0000-000000000001', '20190001-0029-0000-0000-000000000001', '29', 'Гурвалжны талбайг олоорой.', '5 нэгж.кв', 3, 1, NOW()),
('20190001-0030-0001-0000-000000000001', '20190001-0030-0000-0000-000000000001', '30', 'p + q нийлбэрийг ол.', 'p = 5, q = 5, p + q = 10', 3, 1, NOW()),
('20190001-0031-0001-0000-000000000001', '20190001-0031-0000-0000-000000000001', '31', 'Стандарт хазайлтыг олно уу.', '≈ 2.28', 3, 1, NOW()),
('20190001-0032-0001-0000-000000000001', '20190001-0032-0000-0000-000000000001', '32', 'Векторуудын хоорондох өнцгийг ол.', 'cos θ = 3/(√2·√6) = √3/2 → 30°', 3, 1, NOW()),
('20190001-0033-0001-0000-000000000001', '20190001-0033-0000-0000-000000000001', '33', 'Тэнцэтгэл бишийн шийдийг ол.', ']−∞; −1[ ∪ ]2; ∞[', 3, 1, NOW()),
('20190001-0034-0001-0000-000000000001', '20190001-0034-0000-0000-000000000001', '34', 'Ямар харьцаатай хэсгүүдэд хуваах вэ?', '4:13', 3, 1, NOW()),
('20190001-0035-0001-0000-000000000001', '20190001-0035-0000-0000-000000000001', '35', 'Дисперсийг олно уу.', 'Var(X) = 1/4', 3, 1, NOW()),
('20190001-0036-0001-0000-000000000001', '20190001-0036-0000-0000-000000000001', '36', 'Хэдэн шийдтэй вэ?', '4 шийдтэй', 3, 1, NOW()),
('20190002-0001-0001-0000-000000000001', '20190002-0001-0000-0000-000000000001', '2.1', 'a, b, c, d, e, f, g утгуудыг олоорой.', 'A хувилбар: a=2, b=2, c=2, d=2, e=3, f=3, g=2 (түлхүүрээс)', 7, 1, NOW()),
('20190002-0002-0001-0000-000000000001', '20190002-0002-0000-0000-000000000001', '2.2', 'a, b, c, d, e, f, g утгуудыг олоорой.', 'A хувилбар: a=1, b=4, c=2, d=7, e=5, f=5, g=2 (түлхүүрээс)', 7, 1, NOW()),
('20190002-0003-0001-0000-000000000001', '20190002-0003-0000-0000-000000000001', '2.3', 'a, b, c, d, e, f, g утгуудыг олоорой.', 'A хувилбар: a=5, b=3, c=1, d=1, e=1, f=9, g=7 (түлхүүрээс)', 7, 1, NOW()),
('20190002-0004-0001-0000-000000000001', '20190002-0004-0000-0000-000000000001', '2.4', 'a, b, c, d, e, f, g утгуудыг олоорой.', 'A хувилбар: a=1, b=4, c=3, d=0, e=1, f=1, g=0 (түлхүүрээс)', 7, 1, NOW());

-- 5. Options - A хувилбар зөв хариултууд: A,B,A,C,B,A,E,C,D,A,B,E,B,C,D,A,C,E,C,A,C,E,B,D,A,E,B,C,D,C,A,D,E,E,D,A

-- Q1: A=4
INSERT INTO mock_test_options (id, question_id, option_text, is_correct, order_index, created_at) VALUES
('20190001-0001-0001-0001-000000000001', '20190001-0001-0001-0000-000000000001', '4', true, 0, NOW()),
('20190001-0001-0001-0002-000000000001', '20190001-0001-0001-0000-000000000001', '7', false, 1, NOW()),
('20190001-0001-0001-0003-000000000001', '20190001-0001-0001-0000-000000000001', '4/7', false, 2, NOW()),
('20190001-0001-0001-0004-000000000001', '20190001-0001-0001-0000-000000000001', '7/4', false, 3, NOW()),
('20190001-0001-0001-0005-000000000001', '20190001-0001-0001-0000-000000000001', '7⁴', false, 4, NOW());

-- Q2: B=(1)
INSERT INTO mock_test_options (id, question_id, option_text, is_correct, order_index, created_at) VALUES
('20190001-0002-0001-0001-000000000001', '20190001-0002-0001-0000-000000000001', '(-11)', false, 0, NOW()),
('20190001-0002-0001-0002-000000000001', '20190001-0002-0001-0000-000000000001', '(1)', true, 1, NOW()),
('20190001-0002-0001-0003-000000000001', '20190001-0002-0001-0000-000000000001', '(-5  6)', false, 2, NOW()),
('20190001-0002-0001-0004-000000000001', '20190001-0002-0001-0000-000000000001', '[[-5], [6]]', false, 3, NOW()),
('20190001-0002-0001-0005-000000000001', '20190001-0002-0001-0000-000000000001', 'олох боломжгүй', false, 4, NOW());

-- Q3: A=arcsinx
INSERT INTO mock_test_options (id, question_id, option_text, is_correct, order_index, created_at) VALUES
('20190001-0003-0001-0001-000000000001', '20190001-0003-0001-0000-000000000001', 'arcsinx', true, 0, NOW()),
('20190001-0003-0001-0002-000000000001', '20190001-0003-0001-0000-000000000001', 'cosx', false, 1, NOW()),
('20190001-0003-0001-0003-000000000001', '20190001-0003-0001-0000-000000000001', 'arccosx', false, 2, NOW()),
('20190001-0003-0001-0004-000000000001', '20190001-0003-0001-0000-000000000001', '1/sinx', false, 3, NOW()),
('20190001-0003-0001-0005-000000000001', '20190001-0003-0001-0000-000000000001', '−sinx', false, 4, NOW());

-- Q4: C=нэгдэл
INSERT INTO mock_test_options (id, question_id, option_text, is_correct, order_index, created_at) VALUES
('20190001-0004-0001-0001-000000000001', '20190001-0004-0001-0000-000000000001', 'гүйцээлт', false, 0, NOW()),
('20190001-0004-0001-0002-000000000001', '20190001-0004-0001-0000-000000000001', 'огтлолцол', false, 1, NOW()),
('20190001-0004-0001-0003-000000000001', '20190001-0004-0001-0000-000000000001', 'нэгдэл', true, 2, NOW()),
('20190001-0004-0001-0004-000000000001', '20190001-0004-0001-0000-000000000001', 'ялгавар', false, 3, NOW()),
('20190001-0004-0001-0005-000000000001', '20190001-0004-0001-0000-000000000001', 'үржвэр', false, 4, NOW());

-- Q5: B=6x²−cosx
INSERT INTO mock_test_options (id, question_id, option_text, is_correct, order_index, created_at) VALUES
('20190001-0005-0001-0001-000000000001', '20190001-0005-0001-0000-000000000001', 'y′ = 6x² + cosx', false, 0, NOW()),
('20190001-0005-0001-0002-000000000001', '20190001-0005-0001-0000-000000000001', 'y′ = 6x² − cosx', true, 1, NOW()),
('20190001-0005-0001-0003-000000000001', '20190001-0005-0001-0000-000000000001', 'y′ = 6x² + sinx', false, 2, NOW()),
('20190001-0005-0001-0004-000000000001', '20190001-0005-0001-0000-000000000001', 'y′ = 3x² − cosx', false, 3, NOW()),
('20190001-0005-0001-0005-000000000001', '20190001-0005-0001-0000-000000000001', 'y′ = 6x³ + cosx', false, 4, NOW());

-- Q6: A=(−2; 0; 6)
INSERT INTO mock_test_options (id, question_id, option_text, is_correct, order_index, created_at) VALUES
('20190001-0006-0001-0001-000000000001', '20190001-0006-0001-0000-000000000001', '(−2; 0; 6)', true, 0, NOW()),
('20190001-0006-0001-0002-000000000001', '20190001-0006-0001-0000-000000000001', '(0; −4; 0)', false, 1, NOW()),
('20190001-0006-0001-0003-000000000001', '20190001-0006-0001-0000-000000000001', '(−2; 0; −6)', false, 2, NOW()),
('20190001-0006-0001-0004-000000000001', '20190001-0006-0001-0000-000000000001', '(2; 0; −6)', false, 3, NOW()),
('20190001-0006-0001-0005-000000000001', '20190001-0006-0001-0000-000000000001', '(2; −4; 2)', false, 4, NOW());

-- Q7: E=16 дм.кв
INSERT INTO mock_test_options (id, question_id, option_text, is_correct, order_index, created_at) VALUES
('20190001-0007-0001-0001-000000000001', '20190001-0007-0001-0000-000000000001', '32 дм.кв', false, 0, NOW()),
('20190001-0007-0001-0002-000000000001', '20190001-0007-0001-0000-000000000001', '8 дм.кв', false, 1, NOW()),
('20190001-0007-0001-0003-000000000001', '20190001-0007-0001-0000-000000000001', '6 дм.кв', false, 2, NOW()),
('20190001-0007-0001-0004-000000000001', '20190001-0007-0001-0000-000000000001', '64 дм.кв', false, 3, NOW()),
('20190001-0007-0001-0005-000000000001', '20190001-0007-0001-0000-000000000001', '16 дм.кв', true, 4, NOW());

-- Q8: C=51
INSERT INTO mock_test_options (id, question_id, option_text, is_correct, order_index, created_at) VALUES
('20190001-0008-0001-0001-000000000001', '20190001-0008-0001-0000-000000000001', '34', false, 0, NOW()),
('20190001-0008-0001-0002-000000000001', '20190001-0008-0001-0000-000000000001', '87', false, 1, NOW()),
('20190001-0008-0001-0003-000000000001', '20190001-0008-0001-0000-000000000001', '51', true, 2, NOW()),
('20190001-0008-0001-0004-000000000001', '20190001-0008-0001-0000-000000000001', '18', false, 3, NOW()),
('20190001-0008-0001-0005-000000000001', '20190001-0008-0001-0000-000000000001', '69', false, 4, NOW());

-- Q9: D=−64
INSERT INTO mock_test_options (id, question_id, option_text, is_correct, order_index, created_at) VALUES
('20190001-0009-0001-0001-000000000001', '20190001-0009-0001-0000-000000000001', '−80', false, 0, NOW()),
('20190001-0009-0001-0002-000000000001', '20190001-0009-0001-0000-000000000001', '−16a', false, 1, NOW()),
('20190001-0009-0001-0003-000000000001', '20190001-0009-0001-0000-000000000001', '2a² − 16a − 64', false, 2, NOW()),
('20190001-0009-0001-0004-000000000001', '20190001-0009-0001-0000-000000000001', '−64', true, 3, NOW()),
('20190001-0009-0001-0005-000000000001', '20190001-0009-0001-0000-000000000001', '−4a − 64', false, 4, NOW());

-- Q10: A=0.4
INSERT INTO mock_test_options (id, question_id, option_text, is_correct, order_index, created_at) VALUES
('20190001-0010-0001-0001-000000000001', '20190001-0010-0001-0000-000000000001', '0.4', true, 0, NOW()),
('20190001-0010-0001-0002-000000000001', '20190001-0010-0001-0000-000000000001', '0.16', false, 1, NOW()),
('20190001-0010-0001-0003-000000000001', '20190001-0010-0001-0000-000000000001', '0.2', false, 2, NOW()),
('20190001-0010-0001-0004-000000000001', '20190001-0010-0001-0000-000000000001', '2.5', false, 3, NOW()),
('20190001-0010-0001-0005-000000000001', '20190001-0010-0001-0000-000000000001', '2', false, 4, NOW());

-- Q11: B=III
INSERT INTO mock_test_options (id, question_id, option_text, is_correct, order_index, created_at) VALUES
('20190001-0011-0001-0001-000000000001', '20190001-0011-0001-0000-000000000001', 'I', false, 0, NOW()),
('20190001-0011-0001-0002-000000000001', '20190001-0011-0001-0000-000000000001', 'III', true, 1, NOW()),
('20190001-0011-0001-0003-000000000001', '20190001-0011-0001-0000-000000000001', 'II', false, 2, NOW()),
('20190001-0011-0001-0004-000000000001', '20190001-0011-0001-0000-000000000001', 'IV', false, 3, NOW()),
('20190001-0011-0001-0005-000000000001', '20190001-0011-0001-0000-000000000001', 'олох боломжгүй', false, 4, NOW());

-- Q12: E=1/5
INSERT INTO mock_test_options (id, question_id, option_text, is_correct, order_index, created_at) VALUES
('20190001-0012-0001-0001-000000000001', '20190001-0012-0001-0000-000000000001', '8(2018/2019)', false, 0, NOW()),
('20190001-0012-0001-0002-000000000001', '20190001-0012-0001-0000-000000000001', '5', false, 1, NOW()),
('20190001-0012-0001-0003-000000000001', '20190001-0012-0001-0000-000000000001', '3(2018/2019)', false, 2, NOW()),
('20190001-0012-0001-0004-000000000001', '20190001-0012-0001-0000-000000000001', '1(1/2019)', false, 3, NOW()),
('20190001-0012-0001-0005-000000000001', '20190001-0012-0001-0000-000000000001', '1/5', true, 4, NOW());

-- Q13: B=√3/2
INSERT INTO mock_test_options (id, question_id, option_text, is_correct, order_index, created_at) VALUES
('20190001-0013-0001-0001-000000000001', '20190001-0013-0001-0000-000000000001', '√2/2', false, 0, NOW()),
('20190001-0013-0001-0002-000000000001', '20190001-0013-0001-0000-000000000001', '√3/2', true, 1, NOW()),
('20190001-0013-0001-0003-000000000001', '20190001-0013-0001-0000-000000000001', '1/2', false, 2, NOW()),
('20190001-0013-0001-0004-000000000001', '20190001-0013-0001-0000-000000000001', '−√3/2', false, 3, NOW()),
('20190001-0013-0001-0005-000000000001', '20190001-0013-0001-0000-000000000001', '−1/2', false, 4, NOW());

-- Q14: C=[−2/3; 5[
INSERT INTO mock_test_options (id, question_id, option_text, is_correct, order_index, created_at) VALUES
('20190001-0014-0001-0001-000000000001', '20190001-0014-0001-0000-000000000001', ']−5; 2/3]', false, 0, NOW()),
('20190001-0014-0001-0002-000000000001', '20190001-0014-0001-0000-000000000001', '[−3/2; 5[', false, 1, NOW()),
('20190001-0014-0001-0003-000000000001', '20190001-0014-0001-0000-000000000001', '[−2/3; 5[', true, 2, NOW()),
('20190001-0014-0001-0004-000000000001', '20190001-0014-0001-0000-000000000001', ']−∞; −2/3] ∪ ]5; ∞[', false, 3, NOW()),
('20190001-0014-0001-0005-000000000001', '20190001-0014-0001-0000-000000000001', ']−∞; −2/3]', false, 4, NOW());

-- Q15: D=2∛2
INSERT INTO mock_test_options (id, question_id, option_text, is_correct, order_index, created_at) VALUES
('20190001-0015-0001-0001-000000000001', '20190001-0015-0001-0000-000000000001', '∛4', false, 0, NOW()),
('20190001-0015-0001-0002-000000000001', '20190001-0015-0001-0000-000000000001', '2', false, 1, NOW()),
('20190001-0015-0001-0003-000000000001', '20190001-0015-0001-0000-000000000001', '4', false, 2, NOW()),
('20190001-0015-0001-0004-000000000001', '20190001-0015-0001-0000-000000000001', '2∛2', true, 3, NOW()),
('20190001-0015-0001-0005-000000000001', '20190001-0015-0001-0000-000000000001', '∛2', false, 4, NOW());

-- Q16: A=−6
INSERT INTO mock_test_options (id, question_id, option_text, is_correct, order_index, created_at) VALUES
('20190001-0016-0001-0001-000000000001', '20190001-0016-0001-0000-000000000001', '−6', true, 0, NOW()),
('20190001-0016-0001-0002-000000000001', '20190001-0016-0001-0000-000000000001', '−12', false, 1, NOW()),
('20190001-0016-0001-0003-000000000001', '20190001-0016-0001-0000-000000000001', '−7', false, 2, NOW()),
('20190001-0016-0001-0004-000000000001', '20190001-0016-0001-0000-000000000001', '−11', false, 3, NOW()),
('20190001-0016-0001-0005-000000000001', '20190001-0016-0001-0000-000000000001', '−4', false, 4, NOW());

-- Q17: C=(2/3)x√x + 2√x + c
INSERT INTO mock_test_options (id, question_id, option_text, is_correct, order_index, created_at) VALUES
('20190001-0017-0001-0001-000000000001', '20190001-0017-0001-0000-000000000001', '(2/3)x√x + (1/2)√x + c', false, 0, NOW()),
('20190001-0017-0001-0002-000000000001', '20190001-0017-0001-0000-000000000001', '(3/2)x√x + 2√x + c', false, 1, NOW()),
('20190001-0017-0001-0003-000000000001', '20190001-0017-0001-0000-000000000001', '(2/3)x√x + 2√x + c', true, 2, NOW()),
('20190001-0017-0001-0004-000000000001', '20190001-0017-0001-0000-000000000001', '(3/2)x√x + (1/2)√x + c', false, 3, NOW()),
('20190001-0017-0001-0005-000000000001', '20190001-0017-0001-0000-000000000001', '(1/3)√x + √x + c', false, 4, NOW());

-- Q18: E=y=−3x−12
INSERT INTO mock_test_options (id, question_id, option_text, is_correct, order_index, created_at) VALUES
('20190001-0018-0001-0001-000000000001', '20190001-0018-0001-0000-000000000001', 'y = 3x', false, 0, NOW()),
('20190001-0018-0001-0002-000000000001', '20190001-0018-0001-0000-000000000001', 'y = −3x', false, 1, NOW()),
('20190001-0018-0001-0003-000000000001', '20190001-0018-0001-0000-000000000001', 'y = −3x − 6', false, 2, NOW()),
('20190001-0018-0001-0004-000000000001', '20190001-0018-0001-0000-000000000001', 'y = 3x − 12', false, 3, NOW()),
('20190001-0018-0001-0005-000000000001', '20190001-0018-0001-0000-000000000001', 'y = −3x − 12', true, 4, NOW());

-- Q19: C={0; 2; −3}
INSERT INTO mock_test_options (id, question_id, option_text, is_correct, order_index, created_at) VALUES
('20190001-0019-0001-0001-000000000001', '20190001-0019-0001-0000-000000000001', '{−2; 3}', false, 0, NOW()),
('20190001-0019-0001-0002-000000000001', '20190001-0019-0001-0000-000000000001', '{2; −3}', false, 1, NOW()),
('20190001-0019-0001-0003-000000000001', '20190001-0019-0001-0000-000000000001', '{0; 2; −3}', true, 2, NOW()),
('20190001-0019-0001-0004-000000000001', '20190001-0019-0001-0000-000000000001', '{0; −2; 3}', false, 3, NOW()),
('20190001-0019-0001-0005-000000000001', '20190001-0019-0001-0000-000000000001', '{1; −6}', false, 4, NOW());

-- Q20: A=120π м²
INSERT INTO mock_test_options (id, question_id, option_text, is_correct, order_index, created_at) VALUES
('20190001-0020-0001-0001-000000000001', '20190001-0020-0001-0000-000000000001', '120π м²', true, 0, NOW()),
('20190001-0020-0001-0002-000000000001', '20190001-0020-0001-0000-000000000001', '216π м²', false, 1, NOW()),
('20190001-0020-0001-0003-000000000001', '20190001-0020-0001-0000-000000000001', '96π м²', false, 2, NOW()),
('20190001-0020-0001-0004-000000000001', '20190001-0020-0001-0000-000000000001', '100π м²', false, 3, NOW()),
('20190001-0020-0001-0005-000000000001', '20190001-0020-0001-0000-000000000001', '48π м²', false, 4, NOW());

-- Q21: C=2/3
INSERT INTO mock_test_options (id, question_id, option_text, is_correct, order_index, created_at) VALUES
('20190001-0021-0001-0001-000000000001', '20190001-0021-0001-0000-000000000001', '3', false, 0, NOW()),
('20190001-0021-0001-0002-000000000001', '20190001-0021-0001-0000-000000000001', '−2/3', false, 1, NOW()),
('20190001-0021-0001-0003-000000000001', '20190001-0021-0001-0000-000000000001', '2/3', true, 2, NOW()),
('20190001-0021-0001-0004-000000000001', '20190001-0021-0001-0000-000000000001', '−3', false, 3, NOW()),
('20190001-0021-0001-0005-000000000001', '20190001-0021-0001-0000-000000000001', '−6', false, 4, NOW());

-- Q22: E=(4;1)
INSERT INTO mock_test_options (id, question_id, option_text, is_correct, order_index, created_at) VALUES
('20190001-0022-0001-0001-000000000001', '20190001-0022-0001-0000-000000000001', '(4;0)', false, 0, NOW()),
('20190001-0022-0001-0002-000000000001', '20190001-0022-0001-0000-000000000001', '(3;1)', false, 1, NOW()),
('20190001-0022-0001-0003-000000000001', '20190001-0022-0001-0000-000000000001', '(3;0)', false, 2, NOW()),
('20190001-0022-0001-0004-000000000001', '20190001-0022-0001-0000-000000000001', '(1;4)', false, 3, NOW()),
('20190001-0022-0001-0005-000000000001', '20190001-0022-0001-0000-000000000001', '(4;1)', true, 4, NOW());

-- Q23: B=28 см
INSERT INTO mock_test_options (id, question_id, option_text, is_correct, order_index, created_at) VALUES
('20190001-0023-0001-0001-000000000001', '20190001-0023-0001-0000-000000000001', '24 см', false, 0, NOW()),
('20190001-0023-0001-0002-000000000001', '20190001-0023-0001-0000-000000000001', '28 см', true, 1, NOW()),
('20190001-0023-0001-0003-000000000001', '20190001-0023-0001-0000-000000000001', '26 см', false, 2, NOW()),
('20190001-0023-0001-0004-000000000001', '20190001-0023-0001-0000-000000000001', '32 см', false, 3, NOW()),
('20190001-0023-0001-0005-000000000001', '20190001-0023-0001-0000-000000000001', '30 см', false, 4, NOW());

-- Q24: D=2√5 см
INSERT INTO mock_test_options (id, question_id, option_text, is_correct, order_index, created_at) VALUES
('20190001-0024-0001-0001-000000000001', '20190001-0024-0001-0000-000000000001', '3√5 см', false, 0, NOW()),
('20190001-0024-0001-0002-000000000001', '20190001-0024-0001-0000-000000000001', '4√5 см', false, 1, NOW()),
('20190001-0024-0001-0003-000000000001', '20190001-0024-0001-0000-000000000001', '√5 см', false, 2, NOW()),
('20190001-0024-0001-0004-000000000001', '20190001-0024-0001-0000-000000000001', '2√5 см', true, 3, NOW()),
('20190001-0024-0001-0005-000000000001', '20190001-0024-0001-0000-000000000001', '√3 см', false, 4, NOW());

-- Q25: A=0.2
INSERT INTO mock_test_options (id, question_id, option_text, is_correct, order_index, created_at) VALUES
('20190001-0025-0001-0001-000000000001', '20190001-0025-0001-0000-000000000001', '0.2', true, 0, NOW()),
('20190001-0025-0001-0002-000000000001', '20190001-0025-0001-0000-000000000001', '1/2', false, 1, NOW()),
('20190001-0025-0001-0003-000000000001', '20190001-0025-0001-0000-000000000001', '0.02', false, 2, NOW()),
('20190001-0025-0001-0004-000000000001', '20190001-0025-0001-0000-000000000001', '1/3', false, 3, NOW()),
('20190001-0025-0001-0005-000000000001', '20190001-0025-0001-0000-000000000001', '0.4', false, 4, NOW());

-- Q26: E=≈4.6
INSERT INTO mock_test_options (id, question_id, option_text, is_correct, order_index, created_at) VALUES
('20190001-0026-0001-0001-000000000001', '20190001-0026-0001-0000-000000000001', '≈4.4', false, 0, NOW()),
('20190001-0026-0001-0002-000000000001', '20190001-0026-0001-0000-000000000001', '≈4.7', false, 1, NOW()),
('20190001-0026-0001-0003-000000000001', '20190001-0026-0001-0000-000000000001', '≈4.8', false, 2, NOW()),
('20190001-0026-0001-0004-000000000001', '20190001-0026-0001-0000-000000000001', '≈4.9', false, 3, NOW()),
('20190001-0026-0001-0005-000000000001', '20190001-0026-0001-0000-000000000001', '≈4.6', true, 4, NOW());

-- Q27: B=10!
INSERT INTO mock_test_options (id, question_id, option_text, is_correct, order_index, created_at) VALUES
('20190001-0027-0001-0001-000000000001', '20190001-0027-0001-0000-000000000001', '1/10!', false, 0, NOW()),
('20190001-0027-0001-0002-000000000001', '20190001-0027-0001-0000-000000000001', '10!', true, 1, NOW()),
('20190001-0027-0001-0003-000000000001', '20190001-0027-0001-0000-000000000001', '12!', false, 2, NOW()),
('20190001-0027-0001-0004-000000000001', '20190001-0027-0001-0000-000000000001', '7!', false, 3, NOW()),
('20190001-0027-0001-0005-000000000001', '20190001-0027-0001-0000-000000000001', '5!', false, 4, NOW());

-- Q28: C=2.8
INSERT INTO mock_test_options (id, question_id, option_text, is_correct, order_index, created_at) VALUES
('20190001-0028-0001-0001-000000000001', '20190001-0028-0001-0000-000000000001', '1/4', false, 0, NOW()),
('20190001-0028-0001-0002-000000000001', '20190001-0028-0001-0000-000000000001', '11/4', false, 1, NOW()),
('20190001-0028-0001-0003-000000000001', '20190001-0028-0001-0000-000000000001', '2.8', true, 2, NOW()),
('20190001-0028-0001-0004-000000000001', '20190001-0028-0001-0000-000000000001', '0.7', false, 3, NOW()),
('20190001-0028-0001-0005-000000000001', '20190001-0028-0001-0000-000000000001', '4', false, 4, NOW());

-- Q29: D=5 нэгж.кв
INSERT INTO mock_test_options (id, question_id, option_text, is_correct, order_index, created_at) VALUES
('20190001-0029-0001-0001-000000000001', '20190001-0029-0001-0000-000000000001', '6 нэгж.кв', false, 0, NOW()),
('20190001-0029-0001-0002-000000000001', '20190001-0029-0001-0000-000000000001', '10 нэгж.кв', false, 1, NOW()),
('20190001-0029-0001-0003-000000000001', '20190001-0029-0001-0000-000000000001', '2.5 нэгж.кв', false, 2, NOW()),
('20190001-0029-0001-0004-000000000001', '20190001-0029-0001-0000-000000000001', '5 нэгж.кв', true, 3, NOW()),
('20190001-0029-0001-0005-000000000001', '20190001-0029-0001-0000-000000000001', '8 нэгж.кв', false, 4, NOW());

-- Q30: C=10
INSERT INTO mock_test_options (id, question_id, option_text, is_correct, order_index, created_at) VALUES
('20190001-0030-0001-0001-000000000001', '20190001-0030-0001-0000-000000000001', '4', false, 0, NOW()),
('20190001-0030-0001-0002-000000000001', '20190001-0030-0001-0000-000000000001', '2', false, 1, NOW()),
('20190001-0030-0001-0003-000000000001', '20190001-0030-0001-0000-000000000001', '10', true, 2, NOW()),
('20190001-0030-0001-0004-000000000001', '20190001-0030-0001-0000-000000000001', '6', false, 3, NOW()),
('20190001-0030-0001-0005-000000000001', '20190001-0030-0001-0000-000000000001', '46', false, 4, NOW());

-- Q31: A=≈2.28
INSERT INTO mock_test_options (id, question_id, option_text, is_correct, order_index, created_at) VALUES
('20190001-0031-0001-0001-000000000001', '20190001-0031-0001-0000-000000000001', '≈2.28', true, 0, NOW()),
('20190001-0031-0001-0002-000000000001', '20190001-0031-0001-0000-000000000001', '≈2.18', false, 1, NOW()),
('20190001-0031-0001-0003-000000000001', '20190001-0031-0001-0000-000000000001', '≈2.38', false, 2, NOW()),
('20190001-0031-0001-0004-000000000001', '20190001-0031-0001-0000-000000000001', '≈2.48', false, 3, NOW()),
('20190001-0031-0001-0005-000000000001', '20190001-0031-0001-0000-000000000001', '≈2.58', false, 4, NOW());

-- Q32: D=30°
INSERT INTO mock_test_options (id, question_id, option_text, is_correct, order_index, created_at) VALUES
('20190001-0032-0001-0001-000000000001', '20190001-0032-0001-0000-000000000001', '150°', false, 0, NOW()),
('20190001-0032-0001-0002-000000000001', '20190001-0032-0001-0000-000000000001', '45°', false, 1, NOW()),
('20190001-0032-0001-0003-000000000001', '20190001-0032-0001-0000-000000000001', '60°', false, 2, NOW()),
('20190001-0032-0001-0004-000000000001', '20190001-0032-0001-0000-000000000001', '30°', true, 3, NOW()),
('20190001-0032-0001-0005-000000000001', '20190001-0032-0001-0000-000000000001', '90°', false, 4, NOW());

-- Q33: E=]−∞; −1[ ∪ ]2; ∞[
INSERT INTO mock_test_options (id, question_id, option_text, is_correct, order_index, created_at) VALUES
('20190001-0033-0001-0001-000000000001', '20190001-0033-0001-0000-000000000001', ']−2; 1[', false, 0, NOW()),
('20190001-0033-0001-0002-000000000001', '20190001-0033-0001-0000-000000000001', ']−1; 2[', false, 1, NOW()),
('20190001-0033-0001-0003-000000000001', '20190001-0033-0001-0000-000000000001', ']−∞; −1[', false, 2, NOW()),
('20190001-0033-0001-0004-000000000001', '20190001-0033-0001-0000-000000000001', ']2; ∞[', false, 3, NOW()),
('20190001-0033-0001-0005-000000000001', '20190001-0033-0001-0000-000000000001', ']−∞; −1[ ∪ ]2; ∞[', true, 4, NOW());

-- Q34: E=4:13
INSERT INTO mock_test_options (id, question_id, option_text, is_correct, order_index, created_at) VALUES
('20190001-0034-0001-0001-000000000001', '20190001-0034-0001-0000-000000000001', '4:13', false, 0, NOW()),
('20190001-0034-0001-0002-000000000001', '20190001-0034-0001-0000-000000000001', '3:8', false, 1, NOW()),
('20190001-0034-0001-0003-000000000001', '20190001-0034-0001-0000-000000000001', '3:11', false, 2, NOW()),
('20190001-0034-0001-0004-000000000001', '20190001-0034-0001-0000-000000000001', '5:16', false, 3, NOW()),
('20190001-0034-0001-0005-000000000001', '20190001-0034-0001-0000-000000000001', '4:13', true, 4, NOW());

-- Q35: D=1/4
INSERT INTO mock_test_options (id, question_id, option_text, is_correct, order_index, created_at) VALUES
('20190001-0035-0001-0001-000000000001', '20190001-0035-0001-0000-000000000001', '1/5', false, 0, NOW()),
('20190001-0035-0001-0002-000000000001', '20190001-0035-0001-0000-000000000001', '1/2', false, 1, NOW()),
('20190001-0035-0001-0003-000000000001', '20190001-0035-0001-0000-000000000001', '1/3', false, 2, NOW()),
('20190001-0035-0001-0004-000000000001', '20190001-0035-0001-0000-000000000001', '1/4', true, 3, NOW()),
('20190001-0035-0001-0005-000000000001', '20190001-0035-0001-0000-000000000001', '1/6', false, 4, NOW());

-- Q36: A=4
INSERT INTO mock_test_options (id, question_id, option_text, is_correct, order_index, created_at) VALUES
('20190001-0036-0001-0001-000000000001', '20190001-0036-0001-0000-000000000001', '4', true, 0, NOW()),
('20190001-0036-0001-0002-000000000001', '20190001-0036-0001-0000-000000000001', '2', false, 1, NOW()),
('20190001-0036-0001-0003-000000000001', '20190001-0036-0001-0000-000000000001', '6', false, 2, NOW()),
('20190001-0036-0001-0004-000000000001', '20190001-0036-0001-0000-000000000001', '1', false, 3, NOW()),
('20190001-0036-0001-0005-000000000001', '20190001-0036-0001-0000-000000000001', '∅', false, 4, NOW());

-- =====================================================
-- SUMMARY
-- =====================================================
-- ЭЕШ 2019 Математик A хувилбар
-- Нийт: 100 оноо (72 сонгох + 28 нөхөх)
-- 
-- A хувилбар зөв хариултууд (1-36):
-- A, B, A, C, B, A, E, C, D, A, B, E, B, C, D, A, C, E, C, A, C, E, B, D, A, E, B, C, D, C, A, D, E, E, D, A
--
-- Нөхөх даалгаврын хариултууд (түлхүүрээс A хувилбар):
-- 2.1: a=2, b=2, c=2, d=2, e=3, f=3, g=2
-- 2.2: a=1, b=4, c=2, d=7, e=5, f=5, g=2
-- 2.3: a=5, b=3, c=1, d=1, e=1, f=9, g=7
-- 2.4: a=1, b=4, c=3, d=0, e=1, f=1, g=0
-- =====================================================
