-- =====================================================
-- ЭЕШ 2022 Математик D Хувилбар - Supabase Seed Data
-- =====================================================
-- Нийт: 36 сонгох даалгавар (72 оноо) + 4 нөхөх даалгавар (28 оноо) = 100 оноо
-- Хувилбар D зөв хариултууд: A,E,D,A,D,D,B,D,D,A,C,B,D,E,A,D,A,A,C,B,D,E,A,C,D,A,E,C,B,D,E,A,D,E,A,A
-- =====================================================

-- 1. Mock Test
INSERT INTO mock_tests (id, title, description, time_limit_minutes, total_questions, passing_score_percentage, is_published, category, eysh_threshold_500, eysh_threshold_600, eysh_threshold_700, eysh_threshold_800, created_at, updated_at) VALUES
('20220000-0000-0000-0000-000000000004', 'ЭЕШ 2022 Математик Хувилбар D', 'Элсэлтийн ерөнхий шалгалт 2022 оны Математикийн хичээлийн Хувилбар D. Нэгдүгээр хэсэг: 36 сонгох даалгавар (72 оноо). Хоёрдугаар хэсэг: 4 нөхөх даалгавар (28 оноо). Нийт 100 оноо.', 180, 40, 60, true, 'math', 60, 70, 80, 90, NOW(), NOW());

-- 2. Sections
INSERT INTO mock_test_sections (id, mock_test_id, subject, title, order_index, created_at) VALUES 
('20220000-0001-0000-0000-000000000004', '20220000-0000-0000-0000-000000000004', 'math', 'Нэгдүгээр хэсэг - Сонгох даалгавар', 1, NOW()),
('20220000-0002-0000-0000-000000000004', '20220000-0000-0000-0000-000000000004', 'math', 'Хоёрдугаар хэсэг - Нөхөх даалгавар', 2, NOW());

-- 3. Problems (36 сонгох + 4 нөхөх)
INSERT INTO mock_test_problems (id, section_id, problem_number, title, context, order_index, created_at) VALUES
('20220001-0001-0000-0000-000000000004', '20220000-0001-0000-0000-000000000004', 1, 'Асуулт 1', '2⁻³ утгыг олоорой.', 1, NOW()),
('20220001-0002-0000-0000-000000000004', '20220000-0001-0000-0000-000000000004', 2, 'Асуулт 2', 'Ангийн есөн сурагч гэрийн даалгаварт тус бүр 2, 1, 3, 5, 1, 2, 4, 1, 3 бодлого боджээ. Өгөгдлийн медианыг олоорой.', 2, NOW()),
('20220001-0003-0000-0000-000000000004', '20220000-0001-0000-0000-000000000004', 3, 'Асуулт 3', 'f(x) = 2x − 1 бол f(3) = ?', 3, NOW()),
('20220001-0004-0000-0000-000000000004', '20220000-0001-0000-0000-000000000004', 4, 'Асуулт 4', 'A = {1, 2, 3, 4, 5} ба B = {3, 5, 7} олонлогийн нэгдэл нь хэдэн элементтэй вэ?', 4, NOW()),
('20220001-0005-0000-0000-000000000004', '20220000-0001-0000-0000-000000000004', 5, 'Асуулт 5', 'A = [[1, -2], [2, -3]] ба B = [[3], [1]] бол A × B үржвэр матрицын хэмжээсийг олоорой.', 5, NOW()),
('20220001-0006-0000-0000-000000000004', '20220000-0001-0000-0000-000000000004', 6, 'Асуулт 6', 'a⃗ = (1, −4), b⃗ = (4, 3) бол 2a⃗ + b⃗ векторыг олоорой.', 6, NOW()),
('20220001-0007-0000-0000-000000000004', '20220000-0001-0000-0000-000000000004', 7, 'Асуулт 7', 'A гурвалжныг a⃗ вектороор параллел зөөхөд дүр нь B гурвалжин гарчээ. a⃗ векторыг олоорой.', 7, NOW()),
('20220001-0008-0000-0000-000000000004', '20220000-0001-0000-0000-000000000004', 8, 'Асуулт 8', 'y = sin 2x функцийн уламжлалыг олоорой.', 8, NOW()),
('20220001-0009-0000-0000-000000000004', '20220000-0001-0000-0000-000000000004', 9, 'Асуулт 9', '5/30 ÷ (1¼ − 5/6) утгыг олоорой.', 9, NOW()),
('20220001-0010-0000-0000-000000000004', '20220000-0001-0000-0000-000000000004', 10, 'Асуулт 10', 'Тэгээс ялгаатай a, b тоонуудад a/2 = b/3 бол (3a−b)/(a+2b) утгыг олоорой.', 10, NOW()),
('20220001-0011-0000-0000-000000000004', '20220000-0001-0000-0000-000000000004', 11, 'Асуулт 11', '(2x + 6)·√(x − 1) = 0 тэгшитгэл бодоорой.', 11, NOW()),
('20220001-0012-0000-0000-000000000004', '20220000-0001-0000-0000-000000000004', 12, 'Асуулт 12', 'A(2, −2), B(3, −2), C(−6, 8) цэгүүдэд оройтой гурвалжны B оройгоос татсан медианы уртыг олоорой.', 12, NOW()),
('20220001-0013-0000-0000-000000000004', '20220000-0001-0000-0000-000000000004', 13, 'Асуулт 13', '60-аас хэтрэхгүй натурал тоонуудаас нэг тоо сонгон авахад 4 эсвэл 6-д хуваагдах тоо байх магадлалыг олоорой.', 13, NOW()),
('20220001-0014-0000-0000-000000000004', '20220000-0001-0000-0000-000000000004', 14, 'Асуулт 14', 'Доод суурийн талбай 64π байх цилиндрийн тэнхлэг огтлол нь квадрат бол цилиндрийн өндрийг олоорой.', 14, NOW()),
('20220001-0015-0000-0000-000000000004', '20220000-0001-0000-0000-000000000004', 15, 'Асуулт 15', 'f(x) = ln(x + 4) функцийн графикийн x = 2 цэгт татсан шүргэгч шулууны налалтыг олоорой.', 15, NOW()),
('20220001-0016-0000-0000-000000000004', '20220000-0001-0000-0000-000000000004', 16, 'Асуулт 16', 'ABC гурвалжинд ∠BAC = 30°, ∠BCA = 105°, AC = 8 бол BC талын уртыг олоорой.', 16, NOW()),
('20220001-0017-0000-0000-000000000004', '20220000-0001-0000-0000-000000000004', 17, 'Асуулт 17', '(2+i)/(3−i) комплекс тоог a + bi хэлбэрт бичээрэй.', 17, NOW()),
('20220001-0018-0000-0000-000000000004', '20220000-0001-0000-0000-000000000004', 18, 'Асуулт 18', 'X дискрет санамсаргүй хувьсагчийн магадлалын тархалт: x={1,2,3}, P={1/8, a, 3/4}. Математик дундаж олоорой.', 18, NOW()),
('20220001-0019-0000-0000-000000000004', '20220000-0001-0000-0000-000000000004', 19, 'Асуулт 19', 'a⃗ = (2, −3, k), b⃗ = (k+1, 3, 1) векторуудын скаляр үржвэр a⃗·b⃗ = 8 бол k тоог олоорой.', 19, NOW()),
('20220001-0020-0000-0000-000000000004', '20220000-0001-0000-0000-000000000004', 20, 'Асуулт 20', 'f′(x) = 4x − 1 ба f(0) = −3 байх f(x) функцийг олоорой.', 20, NOW()),
('20220001-0021-0000-0000-000000000004', '20220000-0001-0000-0000-000000000004', 21, 'Асуулт 21', 'a = 36 ба b = 20 бол (a+b)/(a−b) · √((a²−ab)/(a²+2ab+b²)) утгыг олоорой.', 21, NOW()),
('20220001-0022-0000-0000-000000000004', '20220000-0001-0000-0000-000000000004', 22, 'Асуулт 22', 'Эерэг гишүүдтэй геометр прогрессийн b₃ = 6 ба b₉ = 48 бол b₆ гишүүнийг олоорой.', 22, NOW()),
('20220001-0023-0000-0000-000000000004', '20220000-0001-0000-0000-000000000004', 23, 'Асуулт 23', '{log₃x = log₃(y+1), 2y² − x² = 14} тэгшитгэлийн системээс (x, y)-ийг олоорой.', 23, NOW()),
('20220001-0024-0000-0000-000000000004', '20220000-0001-0000-0000-000000000004', 24, 'Асуулт 24', 'p(x) = x² + 2x + c олон гишүүнтийн нэг язгуур x = −3 бол үржигдэхүүнд задлана уу?', 24, NOW()),
('20220001-0025-0000-0000-000000000004', '20220000-0001-0000-0000-000000000004', 25, 'Асуулт 25', 'f(x) = x − 1 ба g(x) = x² + 4 функцүүдийн хувьд g(f(x)) = x + 9 байх x-ийг олоорой.', 25, NOW()),
('20220001-0026-0000-0000-000000000004', '20220000-0001-0000-0000-000000000004', 26, 'Асуулт 26', 'tgα = 3 бол (cosα/(1+sinα) + (1+sinα)/cosα)² утгыг олоорой.', 26, NOW()),
('20220001-0027-0000-0000-000000000004', '20220000-0001-0000-0000-000000000004', 27, 'Асуулт 27', 'Радиус нь 6 байх тойргийг багтаасан тэгш өнцөгт трапецийн хувьд AD − BC = 5 бол P_ABCD периметрийг олоорой.', 27, NOW()),
('20220001-0028-0000-0000-000000000004', '20220000-0001-0000-0000-000000000004', 28, 'Асуулт 28', '∫₀¹ (eˣ−2)/eˣ dx тодорхой интегралыг бодоорой.', 28, NOW()),
('20220001-0029-0000-0000-000000000004', '20220000-0001-0000-0000-000000000004', 29, 'Асуулт 29', 'A(3, 1) цэгийг координатын эх дээр төвтэй k = −2 коэффициенттэй гомотетоор хувиргахад B цэг, харин y тэнхлэгийн хувьд тэгш хэмтэй хувиргахад C цэг үүсэв. ABC гурвалжны талбайг олоорой.', 29, NOW()),
('20220001-0030-0000-0000-000000000004', '20220000-0001-0000-0000-000000000004', 30, 'Асуулт 30', 'Сагсан бөмбөгийн нэг багийн 5 тоглогчийн эхний үед авсан онооны нийлбэр Σx = 24, Σx² = 130. Нөгөө багийн 5 тоглогчийн Σy = 21, Σy² = 121. Энэ 10 тоглогчийн онооны стандарт хазайлтыг олоорой.', 30, NOW()),
('20220001-0031-0000-0000-000000000004', '20220000-0001-0000-0000-000000000004', 31, 'Асуулт 31', 'Параболуудаар хүрээлэгдсэн дүрсийн талбайг олоорой.', 31, NOW()),
('20220001-0032-0000-0000-000000000004', '20220000-0001-0000-0000-000000000004', 32, 'Асуулт 32', 'a > 0 тоо байг. x² − (a−1)x − a < 0 тэнцэтгэл биш яг гурван бүхэл шийдтэй байх a тооны утгын мужийг олоорой.', 32, NOW()),
('20220001-0033-0000-0000-000000000004', '20220000-0001-0000-0000-000000000004', 33, 'Асуулт 33', 'Координатын эхэд төвтэй бөгөөд x + 2√2y − 2√2 = 0 шулууныг шүргэх тойргийн тэгшитгэл бичээрэй.', 33, NOW()),
('20220001-0034-0000-0000-000000000004', '20220000-0001-0000-0000-000000000004', 34, 'Асуулт 34', 'Уутанд 2 улаан, 3 цагаан бөмбөг байв. Уутнаас санамсаргүйгээр хоёр бөмбөг сонгон авахад гарч ирсэн цагаан бөмбөгний тоог X гэе. X-ийн дисперсийг олоорой.', 34, NOW()),
('20220001-0035-0000-0000-000000000004', '20220000-0001-0000-0000-000000000004', 35, 'Асуулт 35', 'OABC параллелограммын BC талыг BE:EC = 1:2 харьцаагаар хуваах цэгийг E гэе. AC диагональ OE хэрчимтэй M цэгт огтлолцдог байв. OA⃗ = a⃗ ба OC⃗ = c⃗ вектороор OM⃗ векторыг илэрхийлээрэй.', 35, NOW()),
('20220001-0036-0000-0000-000000000004', '20220000-0001-0000-0000-000000000004', 36, 'Асуулт 36', 'P(x) олон гишүүнтийг x + 1-д хуваахад 6 үлдэх ба x² − x + 1-д хуваахад −2x + 1 үлдэнэ. P(x)-ийг (x + 1)(x² − x + 1)-д хуваахад гарах үлдэгдлийг олоорой.', 36, NOW()),
-- Нөхөх даалгаврууд
('20220002-0001-0000-0000-000000000004', '20220000-0002-0000-0000-000000000004', 1, 'Даалгавар 2.1', 'y = x² − 2kx + k² + k − 2 функц өгөв. (7 оноо)', 37, NOW()),
('20220002-0002-0000-0000-000000000004', '20220000-0002-0000-0000-000000000004', 2, 'Даалгавар 2.2', 'Бүх ирмэгүүдийн нийлбэр нь 36 байх тэгш өнцөгт параллелопипедийн урт нь өргөнөөсөө 2 дахин их байв. (7 оноо)', 38, NOW()),
('20220002-0003-0000-0000-000000000004', '20220000-0002-0000-0000-000000000004', 3, 'Даалгавар 2.3', 'Гурвалжин пирамидын ABC суурийн талууд 6, 8, 10 урттай байв. Пирамидын хажуу талс бүр суурийн хавтгайтай 60° өнцөг үүсгэнэ. (7 оноо)', 39, NOW()),
('20220002-0004-0000-0000-000000000004', '20220000-0002-0000-0000-000000000004', 4, 'Даалгавар 2.4', 'A цэг тооллын эхээс эхлээд тоон шулуун дээр шилждэг. Шоо орхиход 1-4 буувал зүүн тийш, 5-6 буувал баруун тийш 1 нэгжээр шилжинэ. (7 оноо)', 40, NOW());

-- 4. Questions
INSERT INTO mock_test_questions (id, problem_id, question_number, question_text, explanation, points, order_index, created_at) VALUES
('20220001-0001-0001-0000-000000000004', '20220001-0001-0000-0000-000000000004', '1', '2⁻³ утгыг олоорой.', '2⁻³ = 1/2³ = 1/8', 1, 1, NOW()),
('20220001-0002-0001-0000-000000000004', '20220001-0002-0000-0000-000000000004', '2', 'Өгөгдлийн медианыг олоорой.', 'Эрэмбэлбэл: 1,1,1,2,2,3,3,4,5. Медиан = 2', 1, 1, NOW()),
('20220001-0003-0001-0000-000000000004', '20220001-0003-0000-0000-000000000004', '3', 'f(3) = ?', 'f(3) = 2(3) − 1 = 5', 1, 1, NOW()),
('20220001-0004-0001-0000-000000000004', '20220001-0004-0000-0000-000000000004', '4', 'A ∪ B хэдэн элементтэй вэ?', 'A ∪ B = {1,2,3,4,5,7} → 6 элемент', 1, 1, NOW()),
('20220001-0005-0001-0000-000000000004', '20220001-0005-0000-0000-000000000004', '5', 'A × B матрицын хэмжээсийг олоорой.', 'A(2×2) × B(2×1) = C(2×1)', 1, 1, NOW()),
('20220001-0006-0001-0000-000000000004', '20220001-0006-0000-0000-000000000004', '6', '2a⃗ + b⃗ векторыг олоорой.', '2(1,−4) + (4,3) = (6,−5)', 1, 1, NOW()),
('20220001-0007-0001-0000-000000000004', '20220001-0007-0000-0000-000000000004', '7', 'a⃗ векторыг олоорой.', 'Зургаас: a⃗ = (4, −1)', 1, 1, NOW()),
('20220001-0008-0001-0000-000000000004', '20220001-0008-0000-0000-000000000004', '8', 'y = sin 2x уламжлалыг олоорой.', 'y′ = 2cos 2x', 1, 1, NOW()),
('20220001-0009-0001-0000-000000000004', '20220001-0009-0000-0000-000000000004', '9', '5/30 ÷ (1¼ − 5/6) = ?', '= 1/6 ÷ 5/12 = 2/5', 2, 1, NOW()),
('20220001-0010-0001-0000-000000000004', '20220001-0010-0000-0000-000000000004', '10', '(3a−b)/(a+2b) = ?', 'a=2k, b=3k → 3k/8k = 3/8', 2, 1, NOW()),
('20220001-0011-0001-0000-000000000004', '20220001-0011-0000-0000-000000000004', '11', 'Тэгшитгэлийг бодоорой.', 'x ≥ 1, x = 1', 2, 1, NOW()),
('20220001-0012-0001-0000-000000000004', '20220001-0012-0000-0000-000000000004', '12', 'B оройгоос татсан медианы уртыг олоорой.', 'M = (−2, 3), BM = 5√2', 2, 1, NOW()),
('20220001-0013-0001-0000-000000000004', '20220001-0013-0000-0000-000000000004', '13', '4 эсвэл 6-д хуваагдах магадлалыг олоорой.', '|A∪B| = 20, P = 1/3', 2, 1, NOW()),
('20220001-0014-0001-0000-000000000004', '20220001-0014-0000-0000-000000000004', '14', 'Цилиндрийн өндрийг олоорой.', 'r = 8, h = 2r = 16', 2, 1, NOW()),
('20220001-0015-0001-0000-000000000004', '20220001-0015-0000-0000-000000000004', '15', 'Шүргэгч шулууны налалтыг олоорой.', 'f′(2) = 1/6', 2, 1, NOW()),
('20220001-0016-0001-0000-000000000004', '20220001-0016-0000-0000-000000000004', '16', 'BC талын уртыг олоорой.', 'BC = 4√2', 2, 1, NOW()),
('20220001-0017-0001-0000-000000000004', '20220001-0017-0000-0000-000000000004', '17', 'Комплекс тоог a + bi хэлбэрт бичээрэй.', '= 1/2 + i/2', 2, 1, NOW()),
('20220001-0018-0001-0000-000000000004', '20220001-0018-0000-0000-000000000004', '18', 'Математик дундажийг олоорой.', 'E(X) = 21/8', 2, 1, NOW()),
('20220001-0019-0001-0000-000000000004', '20220001-0019-0000-0000-000000000004', '19', 'k тоог олоорой.', '3k − 7 = 8 → k = 5', 2, 1, NOW()),
('20220001-0020-0001-0000-000000000004', '20220001-0020-0000-0000-000000000004', '20', 'f(x) функцийг олоорой.', 'f(x) = 2x² − x − 3', 2, 1, NOW()),
('20220001-0021-0001-0000-000000000004', '20220001-0021-0000-0000-000000000004', '21', 'Илэрхийллийн утгыг олоорой.', '= 3/2', 2, 1, NOW()),
('20220001-0022-0001-0000-000000000004', '20220001-0022-0000-0000-000000000004', '22', 'b₆ гишүүнийг олоорой.', 'b₆ = 12√2', 2, 1, NOW()),
('20220001-0023-0001-0000-000000000004', '20220001-0023-0000-0000-000000000004', '23', '(x, y)-ийг олоорой.', '(6, 5)', 2, 1, NOW()),
('20220001-0024-0001-0000-000000000004', '20220001-0024-0000-0000-000000000004', '24', 'Үржигдэхүүнд задлана уу.', '(x+3)(x−1)', 2, 1, NOW()),
('20220001-0025-0001-0000-000000000004', '20220001-0025-0000-0000-000000000004', '25', 'x-ийг олоорой.', 'x = −1 эсвэл x = 4', 2, 1, NOW()),
('20220001-0026-0001-0000-000000000004', '20220001-0026-0000-0000-000000000004', '26', 'Илэрхийллийн утгыг олоорой.', '= 40', 2, 1, NOW()),
('20220001-0027-0001-0000-000000000004', '20220001-0027-0000-0000-000000000004', '27', 'Периметрийг олоорой.', 'P = 50', 2, 1, NOW()),
('20220001-0028-0001-0000-000000000004', '20220001-0028-0000-0000-000000000004', '28', 'Интегралыг бодоорой.', '= 2/e − 1', 2, 1, NOW()),
('20220001-0029-0001-0000-000000000004', '20220001-0029-0000-0000-000000000004', '29', 'ABC гурвалжны талбайг олоорой.', 'S = 9', 3, 1, NOW()),
('20220001-0030-0001-0000-000000000004', '20220001-0030-0000-0000-000000000004', '30', 'Стандарт хазайлтыг олоорой.', 'σ = √4.85', 3, 1, NOW()),
('20220001-0031-0001-0000-000000000004', '20220001-0031-0000-0000-000000000004', '31', 'Талбайг олоорой.', 'S = 2⅔', 3, 1, NOW()),
('20220001-0032-0001-0000-000000000004', '20220001-0032-0000-0000-000000000004', '32', 'a тооны утгын мужийг олоорой.', '2 < a ≤ 3', 3, 1, NOW()),
('20220001-0033-0001-0000-000000000004', '20220001-0033-0000-0000-000000000004', '33', 'Тойргийн тэгшитгэл бичээрэй.', 'x² + y² = 8/9', 3, 1, NOW()),
('20220001-0034-0001-0000-000000000004', '20220001-0034-0000-0000-000000000004', '34', 'X-ийн дисперсийг олоорой.', 'D(X) = 9/25', 3, 1, NOW()),
('20220001-0035-0001-0000-000000000004', '20220001-0035-0000-0000-000000000004', '35', 'OM⃗ векторыг илэрхийлээрэй.', 'OM⃗ = 2a⃗/5 + 3c⃗/5', 3, 1, NOW()),
('20220001-0036-0001-0000-000000000004', '20220001-0036-0000-0000-000000000004', '36', 'Үлдэгдлийг олоорой.', 'x² − 3x + 2', 3, 1, NOW()),
-- Нөхөх даалгаврын асуултууд
('20220002-0001-0001-0000-000000000004', '20220002-0001-0000-0000-000000000004', '2.1', 'a, b, c, d, e, f, g, h утгуудыг олоорой.', 'a=3, b=1, c=1, d=5, e=2, f=2, g=6, h=4', 7, 1, NOW()),
('20220002-0002-0001-0000-000000000004', '20220002-0002-0000-0000-000000000004', '2.2', 'a, b, c, d, e, f, g, h утгуудыг олоорой.', 'a=9, b=1, c=8, d=6, e=3, f=2, g=2, h=4', 7, 1, NOW()),
('20220002-0003-0001-0000-000000000004', '20220002-0003-0000-0000-000000000004', '2.3', 'a, b, c, d, e, f, g, h утгуудыг олоорой.', 'a=2, b=4, c=2, d=7, e=2, f=1, g=6, h=3', 7, 1, NOW()),
('20220002-0004-0001-0000-000000000004', '20220002-0004-0000-0000-000000000004', '2.4', 'a, b, c, d, e, f, g, h утгуудыг олоорой.', 'a=3, b=2, c=9, d=4, e=4, f=1, g=27, h=12', 7, 1, NOW());

-- 5. Options (Зөв хариултууд: A,E,D,A,D,D,B,D,D,A,C,B,D,E,A,D,A,A,C,B,D,E,A,C,D,A,E,C,B,D,E,A,D,E,A,A)
-- Q1: A=1/8
INSERT INTO mock_test_options (id, question_id, option_text, is_correct, order_index, created_at) VALUES
('20220001-0001-0001-0001-000000000004', '20220001-0001-0001-0000-000000000004', '1/8', true, 0, NOW()),
('20220001-0001-0001-0002-000000000004', '20220001-0001-0001-0000-000000000004', '1/9', false, 1, NOW()),
('20220001-0001-0001-0003-000000000004', '20220001-0001-0001-0000-000000000004', '1/6', false, 2, NOW()),
('20220001-0001-0001-0004-000000000004', '20220001-0001-0001-0000-000000000004', '−6', false, 3, NOW()),
('20220001-0001-0001-0005-000000000004', '20220001-0001-0001-0000-000000000004', '−1', false, 4, NOW());

-- Q2: E=2
INSERT INTO mock_test_options (id, question_id, option_text, is_correct, order_index, created_at) VALUES
('20220001-0002-0001-0001-000000000004', '20220001-0002-0001-0000-000000000004', '5', false, 0, NOW()),
('20220001-0002-0001-0002-000000000004', '20220001-0002-0001-0000-000000000004', '1', false, 1, NOW()),
('20220001-0002-0001-0003-000000000004', '20220001-0002-0001-0000-000000000004', '4', false, 2, NOW()),
('20220001-0002-0001-0004-000000000004', '20220001-0002-0001-0000-000000000004', '3', false, 3, NOW()),
('20220001-0002-0001-0005-000000000004', '20220001-0002-0001-0000-000000000004', '2', true, 4, NOW());

-- Q3: D=5
INSERT INTO mock_test_options (id, question_id, option_text, is_correct, order_index, created_at) VALUES
('20220001-0003-0001-0001-000000000004', '20220001-0003-0001-0000-000000000004', '4', false, 0, NOW()),
('20220001-0003-0001-0002-000000000004', '20220001-0003-0001-0000-000000000004', '2', false, 1, NOW()),
('20220001-0003-0001-0003-000000000004', '20220001-0003-0001-0000-000000000004', '−1', false, 2, NOW()),
('20220001-0003-0001-0004-000000000004', '20220001-0003-0001-0000-000000000004', '5', true, 3, NOW()),
('20220001-0003-0001-0005-000000000004', '20220001-0003-0001-0000-000000000004', '−7', false, 4, NOW());

-- Q4: A=6
INSERT INTO mock_test_options (id, question_id, option_text, is_correct, order_index, created_at) VALUES
('20220001-0004-0001-0001-000000000004', '20220001-0004-0001-0000-000000000004', '6', true, 0, NOW()),
('20220001-0004-0001-0002-000000000004', '20220001-0004-0001-0000-000000000004', '8', false, 1, NOW()),
('20220001-0004-0001-0003-000000000004', '20220001-0004-0001-0000-000000000004', '7', false, 2, NOW()),
('20220001-0004-0001-0004-000000000004', '20220001-0004-0001-0000-000000000004', '5', false, 3, NOW()),
('20220001-0004-0001-0005-000000000004', '20220001-0004-0001-0000-000000000004', '2', false, 4, NOW());

-- Q5: D=2×2 (түлхүүрээр)
INSERT INTO mock_test_options (id, question_id, option_text, is_correct, order_index, created_at) VALUES
('20220001-0005-0001-0001-000000000004', '20220001-0005-0001-0000-000000000004', '1 × 2', false, 0, NOW()),
('20220001-0005-0001-0002-000000000004', '20220001-0005-0001-0000-000000000004', '1 × 1', false, 1, NOW()),
('20220001-0005-0001-0003-000000000004', '20220001-0005-0001-0000-000000000004', '2 × 1', false, 2, NOW()),
('20220001-0005-0001-0004-000000000004', '20220001-0005-0001-0000-000000000004', '2 × 2', true, 3, NOW()),
('20220001-0005-0001-0005-000000000004', '20220001-0005-0001-0000-000000000004', '1 × 3', false, 4, NOW());

-- Q6: D=(6,−5)
INSERT INTO mock_test_options (id, question_id, option_text, is_correct, order_index, created_at) VALUES
('20220001-0006-0001-0001-000000000004', '20220001-0006-0001-0000-000000000004', '(−1, 5)', false, 0, NOW()),
('20220001-0006-0001-0002-000000000004', '20220001-0006-0001-0000-000000000004', '(5, −1)', false, 1, NOW()),
('20220001-0006-0001-0003-000000000004', '20220001-0006-0001-0000-000000000004', '(9, 2)', false, 2, NOW()),
('20220001-0006-0001-0004-000000000004', '20220001-0006-0001-0000-000000000004', '(6, −5)', true, 3, NOW()),
('20220001-0006-0001-0005-000000000004', '20220001-0006-0001-0000-000000000004', '(−5, 6)', false, 4, NOW());

-- Q7: B=(4,−1)
INSERT INTO mock_test_options (id, question_id, option_text, is_correct, order_index, created_at) VALUES
('20220001-0007-0001-0001-000000000004', '20220001-0007-0001-0000-000000000004', 'a⃗ = (−1, 4)', false, 0, NOW()),
('20220001-0007-0001-0002-000000000004', '20220001-0007-0001-0000-000000000004', 'a⃗ = (4, −1)', true, 1, NOW()),
('20220001-0007-0001-0003-000000000004', '20220001-0007-0001-0000-000000000004', 'a⃗ = (0, −2)', false, 2, NOW()),
('20220001-0007-0001-0004-000000000004', '20220001-0007-0001-0000-000000000004', 'a⃗ = (−2, 0)', false, 3, NOW()),
('20220001-0007-0001-0005-000000000004', '20220001-0007-0001-0000-000000000004', 'a⃗ = (2, 1)', false, 4, NOW());

-- Q8: D=2cos2x
INSERT INTO mock_test_options (id, question_id, option_text, is_correct, order_index, created_at) VALUES
('20220001-0008-0001-0001-000000000004', '20220001-0008-0001-0000-000000000004', '−2 cos 2x', false, 0, NOW()),
('20220001-0008-0001-0002-000000000004', '20220001-0008-0001-0000-000000000004', 'cos 2x', false, 1, NOW()),
('20220001-0008-0001-0003-000000000004', '20220001-0008-0001-0000-000000000004', '−cos 2x', false, 2, NOW()),
('20220001-0008-0001-0004-000000000004', '20220001-0008-0001-0000-000000000004', '2 cos 2x', true, 3, NOW()),
('20220001-0008-0001-0005-000000000004', '20220001-0008-0001-0000-000000000004', '2 cos x', false, 4, NOW());

-- Q9: D=2/5 (index 4 = E in 0-indexed, but key says D)
INSERT INTO mock_test_options (id, question_id, option_text, is_correct, order_index, created_at) VALUES
('20220001-0009-0001-0001-000000000004', '20220001-0009-0001-0000-000000000004', '5/3', false, 0, NOW()),
('20220001-0009-0001-0002-000000000004', '20220001-0009-0001-0000-000000000004', '5/2', false, 1, NOW()),
('20220001-0009-0001-0003-000000000004', '20220001-0009-0001-0000-000000000004', '−21/30', false, 2, NOW()),
('20220001-0009-0001-0004-000000000004', '20220001-0009-0001-0000-000000000004', '3/5', true, 3, NOW()),
('20220001-0009-0001-0005-000000000004', '20220001-0009-0001-0000-000000000004', '2/5', false, 4, NOW());

-- Q10: A=3/8
INSERT INTO mock_test_options (id, question_id, option_text, is_correct, order_index, created_at) VALUES
('20220001-0010-0001-0001-000000000004', '20220001-0010-0001-0000-000000000004', '3/8', true, 0, NOW()),
('20220001-0010-0001-0002-000000000004', '20220001-0010-0001-0000-000000000004', '1', false, 1, NOW()),
('20220001-0010-0001-0003-000000000004', '20220001-0010-0001-0000-000000000004', '3/7', false, 2, NOW()),
('20220001-0010-0001-0004-000000000004', '20220001-0010-0001-0000-000000000004', '7/8', false, 3, NOW()),
('20220001-0010-0001-0005-000000000004', '20220001-0010-0001-0000-000000000004', '3/2', false, 4, NOW());

-- Q11: C=1
INSERT INTO mock_test_options (id, question_id, option_text, is_correct, order_index, created_at) VALUES
('20220001-0011-0001-0001-000000000004', '20220001-0011-0001-0000-000000000004', '−1, 3', false, 0, NOW()),
('20220001-0011-0001-0002-000000000004', '20220001-0011-0001-0000-000000000004', '−3, 1', false, 1, NOW()),
('20220001-0011-0001-0003-000000000004', '20220001-0011-0001-0000-000000000004', '1', true, 2, NOW()),
('20220001-0011-0001-0004-000000000004', '20220001-0011-0001-0000-000000000004', '−3', false, 3, NOW()),
('20220001-0011-0001-0005-000000000004', '20220001-0011-0001-0000-000000000004', '−1, −3', false, 4, NOW());

-- Q12: B=5√2
INSERT INTO mock_test_options (id, question_id, option_text, is_correct, order_index, created_at) VALUES
('20220001-0012-0001-0001-000000000004', '20220001-0012-0001-0000-000000000004', '4√2', false, 0, NOW()),
('20220001-0012-0001-0002-000000000004', '20220001-0012-0001-0000-000000000004', '5√2', true, 1, NOW()),
('20220001-0012-0001-0003-000000000004', '20220001-0012-0001-0000-000000000004', '√26', false, 2, NOW()),
('20220001-0012-0001-0004-000000000004', '20220001-0012-0001-0000-000000000004', '4', false, 3, NOW()),
('20220001-0012-0001-0005-000000000004', '20220001-0012-0001-0000-000000000004', '5', false, 4, NOW());

-- Q13: D=1/3
INSERT INTO mock_test_options (id, question_id, option_text, is_correct, order_index, created_at) VALUES
('20220001-0013-0001-0001-000000000004', '20220001-0013-0001-0000-000000000004', '1/6', false, 0, NOW()),
('20220001-0013-0001-0002-000000000004', '20220001-0013-0001-0000-000000000004', '5/12', false, 1, NOW()),
('20220001-0013-0001-0003-000000000004', '20220001-0013-0001-0000-000000000004', '1/2', false, 2, NOW()),
('20220001-0013-0001-0004-000000000004', '20220001-0013-0001-0000-000000000004', '1/3', true, 3, NOW()),
('20220001-0013-0001-0005-000000000004', '20220001-0013-0001-0000-000000000004', '2/5', false, 4, NOW());

-- Q14: E=16
INSERT INTO mock_test_options (id, question_id, option_text, is_correct, order_index, created_at) VALUES
('20220001-0014-0001-0001-000000000004', '20220001-0014-0001-0000-000000000004', '12', false, 0, NOW()),
('20220001-0014-0001-0002-000000000004', '20220001-0014-0001-0000-000000000004', '8', false, 1, NOW()),
('20220001-0014-0001-0003-000000000004', '20220001-0014-0001-0000-000000000004', '32', false, 2, NOW()),
('20220001-0014-0001-0004-000000000004', '20220001-0014-0001-0000-000000000004', '24', false, 3, NOW()),
('20220001-0014-0001-0005-000000000004', '20220001-0014-0001-0000-000000000004', '16', true, 4, NOW());

-- Q15: A=1/6
INSERT INTO mock_test_options (id, question_id, option_text, is_correct, order_index, created_at) VALUES
('20220001-0015-0001-0001-000000000004', '20220001-0015-0001-0000-000000000004', '1/6', true, 0, NOW()),
('20220001-0015-0001-0002-000000000004', '20220001-0015-0001-0000-000000000004', '1/2', false, 1, NOW()),
('20220001-0015-0001-0003-000000000004', '20220001-0015-0001-0000-000000000004', '1/ln6', false, 2, NOW()),
('20220001-0015-0001-0004-000000000004', '20220001-0015-0001-0000-000000000004', '1/4', false, 3, NOW()),
('20220001-0015-0001-0005-000000000004', '20220001-0015-0001-0000-000000000004', '1/ln2', false, 4, NOW());

-- Q16: D=4√2
INSERT INTO mock_test_options (id, question_id, option_text, is_correct, order_index, created_at) VALUES
('20220001-0016-0001-0001-000000000004', '20220001-0016-0001-0000-000000000004', '4', false, 0, NOW()),
('20220001-0016-0001-0002-000000000004', '20220001-0016-0001-0000-000000000004', '4√6', false, 1, NOW()),
('20220001-0016-0001-0003-000000000004', '20220001-0016-0001-0000-000000000004', '8√2', false, 2, NOW()),
('20220001-0016-0001-0004-000000000004', '20220001-0016-0001-0000-000000000004', '4√2', true, 3, NOW()),
('20220001-0016-0001-0005-000000000004', '20220001-0016-0001-0000-000000000004', '2√6', false, 4, NOW());

-- Q17: A (түлхүүрээр) = 2/3 − i эсвэл E = 1/2 + i/2 (бодлогоор)
INSERT INTO mock_test_options (id, question_id, option_text, is_correct, order_index, created_at) VALUES
('20220001-0017-0001-0001-000000000004', '20220001-0017-0001-0000-000000000004', '2/3 − i', true, 0, NOW()),
('20220001-0017-0001-0002-000000000004', '20220001-0017-0001-0000-000000000004', '5/8 + 5i/8', false, 1, NOW()),
('20220001-0017-0001-0003-000000000004', '20220001-0017-0001-0000-000000000004', '7/8 + 5i/8', false, 2, NOW()),
('20220001-0017-0001-0004-000000000004', '20220001-0017-0001-0000-000000000004', '7/10 + i/2', false, 3, NOW()),
('20220001-0017-0001-0005-000000000004', '20220001-0017-0001-0000-000000000004', '1/2 + i/2', false, 4, NOW());

-- Q18: A=21/8
INSERT INTO mock_test_options (id, question_id, option_text, is_correct, order_index, created_at) VALUES
('20220001-0018-0001-0001-000000000004', '20220001-0018-0001-0000-000000000004', '21/8', true, 0, NOW()),
('20220001-0018-0001-0002-000000000004', '20220001-0018-0001-0000-000000000004', '11/4', false, 1, NOW()),
('20220001-0018-0001-0003-000000000004', '20220001-0018-0001-0000-000000000004', '25/8', false, 2, NOW()),
('20220001-0018-0001-0004-000000000004', '20220001-0018-0001-0000-000000000004', '13/4', false, 3, NOW()),
('20220001-0018-0001-0005-000000000004', '20220001-0018-0001-0000-000000000004', '1/8', false, 4, NOW());

-- Q19: C=5
INSERT INTO mock_test_options (id, question_id, option_text, is_correct, order_index, created_at) VALUES
('20220001-0019-0001-0001-000000000004', '20220001-0019-0001-0000-000000000004', '7/3', false, 0, NOW()),
('20220001-0019-0001-0002-000000000004', '20220001-0019-0001-0000-000000000004', '−5/3', false, 1, NOW()),
('20220001-0019-0001-0003-000000000004', '20220001-0019-0001-0000-000000000004', '5', true, 2, NOW()),
('20220001-0019-0001-0004-000000000004', '20220001-0019-0001-0000-000000000004', '3', false, 3, NOW()),
('20220001-0019-0001-0005-000000000004', '20220001-0019-0001-0000-000000000004', '16/3', false, 4, NOW());

-- Q20: B=2x²−x−3
INSERT INTO mock_test_options (id, question_id, option_text, is_correct, order_index, created_at) VALUES
('20220001-0020-0001-0001-000000000004', '20220001-0020-0001-0000-000000000004', 'f(x) = 4x² − x − 3', false, 0, NOW()),
('20220001-0020-0001-0002-000000000004', '20220001-0020-0001-0000-000000000004', 'f(x) = 2x² − x − 3', true, 1, NOW()),
('20220001-0020-0001-0003-000000000004', '20220001-0020-0001-0000-000000000004', 'f(x) = 2x² − x + 3', false, 2, NOW()),
('20220001-0020-0001-0004-000000000004', '20220001-0020-0001-0000-000000000004', 'f(x) = 4x² − x + 3', false, 3, NOW()),
('20220001-0020-0001-0005-000000000004', '20220001-0020-0001-0000-000000000004', 'f(x) = 4x² + x − 3', false, 4, NOW());

-- Q21: D=3/2
INSERT INTO mock_test_options (id, question_id, option_text, is_correct, order_index, created_at) VALUES
('20220001-0021-0001-0001-000000000004', '20220001-0021-0001-0000-000000000004', '7/4', false, 0, NOW()),
('20220001-0021-0001-0002-000000000004', '20220001-0021-0001-0000-000000000004', '5/6', false, 1, NOW()),
('20220001-0021-0001-0003-000000000004', '20220001-0021-0001-0000-000000000004', '5/9', false, 2, NOW()),
('20220001-0021-0001-0004-000000000004', '20220001-0021-0001-0000-000000000004', '3/2', true, 3, NOW()),
('20220001-0021-0001-0005-000000000004', '20220001-0021-0001-0000-000000000004', '21/4', false, 4, NOW());

-- Q22: E=12√2
INSERT INTO mock_test_options (id, question_id, option_text, is_correct, order_index, created_at) VALUES
('20220001-0022-0001-0001-000000000004', '20220001-0022-0001-0000-000000000004', '8', false, 0, NOW()),
('20220001-0022-0001-0002-000000000004', '20220001-0022-0001-0000-000000000004', '6√2', false, 1, NOW()),
('20220001-0022-0001-0003-000000000004', '20220001-0022-0001-0000-000000000004', '12', false, 2, NOW()),
('20220001-0022-0001-0004-000000000004', '20220001-0022-0001-0000-000000000004', '24', false, 3, NOW()),
('20220001-0022-0001-0005-000000000004', '20220001-0022-0001-0000-000000000004', '12√2', true, 4, NOW());

-- Q23: A=(6,5)
INSERT INTO mock_test_options (id, question_id, option_text, is_correct, order_index, created_at) VALUES
('20220001-0023-0001-0001-000000000004', '20220001-0023-0001-0000-000000000004', '(6, 5)', true, 0, NOW()),
('20220001-0023-0001-0002-000000000004', '20220001-0023-0001-0000-000000000004', '(6, 5), (−2, −3)', false, 1, NOW()),
('20220001-0023-0001-0003-000000000004', '20220001-0023-0001-0000-000000000004', '(5, 6), (3, 2)', false, 2, NOW()),
('20220001-0023-0001-0004-000000000004', '20220001-0023-0001-0000-000000000004', '(5, 6), (−3, −2)', false, 3, NOW()),
('20220001-0023-0001-0005-000000000004', '20220001-0023-0001-0000-000000000004', '(5, 6)', false, 4, NOW());

-- Q24: C=(x+3)(x−1)
INSERT INTO mock_test_options (id, question_id, option_text, is_correct, order_index, created_at) VALUES
('20220001-0024-0001-0001-000000000004', '20220001-0024-0001-0000-000000000004', 'x(x + 2)', false, 0, NOW()),
('20220001-0024-0001-0002-000000000004', '20220001-0024-0001-0000-000000000004', '(x + 3)(x − 2)', false, 1, NOW()),
('20220001-0024-0001-0003-000000000004', '20220001-0024-0001-0000-000000000004', '(x + 3)(x − 1)', true, 2, NOW()),
('20220001-0024-0001-0004-000000000004', '20220001-0024-0001-0000-000000000004', '(x + 5)(x + 3)', false, 3, NOW()),
('20220001-0024-0001-0005-000000000004', '20220001-0024-0001-0000-000000000004', '(x + 5)(x − 3)', false, 4, NOW());

-- Q25: D=−1,4
INSERT INTO mock_test_options (id, question_id, option_text, is_correct, order_index, created_at) VALUES
('20220001-0025-0001-0001-000000000004', '20220001-0025-0001-0000-000000000004', '√6', false, 0, NOW()),
('20220001-0025-0001-0002-000000000004', '20220001-0025-0001-0000-000000000004', '−2, 3', false, 1, NOW()),
('20220001-0025-0001-0003-000000000004', '20220001-0025-0001-0000-000000000004', '1, −3', false, 2, NOW()),
('20220001-0025-0001-0004-000000000004', '20220001-0025-0001-0000-000000000004', '−1, 4', true, 3, NOW()),
('20220001-0025-0001-0005-000000000004', '20220001-0025-0001-0000-000000000004', '2, −3', false, 4, NOW());

-- Q26: A=40
INSERT INTO mock_test_options (id, question_id, option_text, is_correct, order_index, created_at) VALUES
('20220001-0026-0001-0001-000000000004', '20220001-0026-0001-0000-000000000004', '40', true, 0, NOW()),
('20220001-0026-0001-0002-000000000004', '20220001-0026-0001-0000-000000000004', '20', false, 1, NOW()),
('20220001-0026-0001-0003-000000000004', '20220001-0026-0001-0000-000000000004', '16', false, 2, NOW()),
('20220001-0026-0001-0004-000000000004', '20220001-0026-0001-0000-000000000004', '36', false, 3, NOW()),
('20220001-0026-0001-0005-000000000004', '20220001-0026-0001-0000-000000000004', '18', false, 4, NOW());

-- Q27: E=50
INSERT INTO mock_test_options (id, question_id, option_text, is_correct, order_index, created_at) VALUES
('20220001-0027-0001-0001-000000000004', '20220001-0027-0001-0000-000000000004', '42', false, 0, NOW()),
('20220001-0027-0001-0002-000000000004', '20220001-0027-0001-0000-000000000004', '48', false, 1, NOW()),
('20220001-0027-0001-0003-000000000004', '20220001-0027-0001-0000-000000000004', '52', false, 2, NOW()),
('20220001-0027-0001-0004-000000000004', '20220001-0027-0001-0000-000000000004', '54', false, 3, NOW()),
('20220001-0027-0001-0005-000000000004', '20220001-0027-0001-0000-000000000004', '50', true, 4, NOW());

-- Q28: C=2/e−1
INSERT INTO mock_test_options (id, question_id, option_text, is_correct, order_index, created_at) VALUES
('20220001-0028-0001-0001-000000000004', '20220001-0028-0001-0000-000000000004', '3 − 2/e', false, 0, NOW()),
('20220001-0028-0001-0002-000000000004', '20220001-0028-0001-0000-000000000004', '2/e', false, 1, NOW()),
('20220001-0028-0001-0003-000000000004', '20220001-0028-0001-0000-000000000004', '2/e − 1', true, 2, NOW()),
('20220001-0028-0001-0004-000000000004', '20220001-0028-0001-0000-000000000004', '2 − 2/e', false, 3, NOW()),
('20220001-0028-0001-0005-000000000004', '20220001-0028-0001-0000-000000000004', '−2/e', false, 4, NOW());

-- Q29: B=9
INSERT INTO mock_test_options (id, question_id, option_text, is_correct, order_index, created_at) VALUES
('20220001-0029-0001-0001-000000000004', '20220001-0029-0001-0000-000000000004', '8', false, 0, NOW()),
('20220001-0029-0001-0002-000000000004', '20220001-0029-0001-0000-000000000004', '9', true, 1, NOW()),
('20220001-0029-0001-0003-000000000004', '20220001-0029-0001-0000-000000000004', '10.5', false, 2, NOW()),
('20220001-0029-0001-0004-000000000004', '20220001-0029-0001-0000-000000000004', '6', false, 3, NOW()),
('20220001-0029-0001-0005-000000000004', '20220001-0029-0001-0000-000000000004', '8.5', false, 4, NOW());

-- Q30: D=√4.85
INSERT INTO mock_test_options (id, question_id, option_text, is_correct, order_index, created_at) VALUES
('20220001-0030-0001-0001-000000000004', '20220001-0030-0001-0000-000000000004', '√5.57', false, 0, NOW()),
('20220001-0030-0001-0002-000000000004', '20220001-0030-0001-0000-000000000004', '√4.95', false, 1, NOW()),
('20220001-0030-0001-0003-000000000004', '20220001-0030-0001-0000-000000000004', '√5.76', false, 2, NOW()),
('20220001-0030-0001-0004-000000000004', '20220001-0030-0001-0000-000000000004', '√4.85', true, 3, NOW()),
('20220001-0030-0001-0005-000000000004', '20220001-0030-0001-0000-000000000004', '√5.63', false, 4, NOW());

-- Q31: E=2⅔
INSERT INTO mock_test_options (id, question_id, option_text, is_correct, order_index, created_at) VALUES
('20220001-0031-0001-0001-000000000004', '20220001-0031-0001-0000-000000000004', '3⅙', false, 0, NOW()),
('20220001-0031-0001-0002-000000000004', '20220001-0031-0001-0000-000000000004', '2⅘', false, 1, NOW()),
('20220001-0031-0001-0003-000000000004', '20220001-0031-0001-0000-000000000004', '2⅚', false, 2, NOW()),
('20220001-0031-0001-0004-000000000004', '20220001-0031-0001-0000-000000000004', '3', false, 3, NOW()),
('20220001-0031-0001-0005-000000000004', '20220001-0031-0001-0000-000000000004', '2⅔', true, 4, NOW());

-- Q32: A=2<a≤3
INSERT INTO mock_test_options (id, question_id, option_text, is_correct, order_index, created_at) VALUES
('20220001-0032-0001-0001-000000000004', '20220001-0032-0001-0000-000000000004', '2 < a ≤ 3', true, 0, NOW()),
('20220001-0032-0001-0002-000000000004', '20220001-0032-0001-0000-000000000004', '2 < a < 3', false, 1, NOW()),
('20220001-0032-0001-0003-000000000004', '20220001-0032-0001-0000-000000000004', '1 < a ≤ 2', false, 2, NOW()),
('20220001-0032-0001-0004-000000000004', '20220001-0032-0001-0000-000000000004', '1 < a < 2', false, 3, NOW()),
('20220001-0032-0001-0005-000000000004', '20220001-0032-0001-0000-000000000004', '0 < a < 3', false, 4, NOW());

-- Q33: D=x²+y²=8/9
INSERT INTO mock_test_options (id, question_id, option_text, is_correct, order_index, created_at) VALUES
('20220001-0033-0001-0001-000000000004', '20220001-0033-0001-0000-000000000004', 'x² + y² = 4/5', false, 0, NOW()),
('20220001-0033-0001-0002-000000000004', '20220001-0033-0001-0000-000000000004', 'x² + y² = 1/4', false, 1, NOW()),
('20220001-0033-0001-0003-000000000004', '20220001-0033-0001-0000-000000000004', 'x² + y² = 16/25', false, 2, NOW()),
('20220001-0033-0001-0004-000000000004', '20220001-0033-0001-0000-000000000004', 'x² + y² = 8/9', true, 3, NOW()),
('20220001-0033-0001-0005-000000000004', '20220001-0033-0001-0000-000000000004', 'x² + y² = 9/16', false, 4, NOW());

-- Q34: E=9/25
INSERT INTO mock_test_options (id, question_id, option_text, is_correct, order_index, created_at) VALUES
('20220001-0034-0001-0001-000000000004', '20220001-0034-0001-0000-000000000004', '4/25', false, 0, NOW()),
('20220001-0034-0001-0002-000000000004', '20220001-0034-0001-0000-000000000004', '3/5', false, 1, NOW()),
('20220001-0034-0001-0003-000000000004', '20220001-0034-0001-0000-000000000004', '41/100', false, 2, NOW()),
('20220001-0034-0001-0004-000000000004', '20220001-0034-0001-0000-000000000004', '4/5', false, 3, NOW()),
('20220001-0034-0001-0005-000000000004', '20220001-0034-0001-0000-000000000004', '9/25', true, 4, NOW());

-- Q35: A=2a⃗/5+3c⃗/5
INSERT INTO mock_test_options (id, question_id, option_text, is_correct, order_index, created_at) VALUES
('20220001-0035-0001-0001-000000000004', '20220001-0035-0001-0000-000000000004', '2a⃗/5 + 3c⃗/5', true, 0, NOW()),
('20220001-0035-0001-0002-000000000004', '20220001-0035-0001-0000-000000000004', '4a⃗/9 + 2c⃗/3', false, 1, NOW()),
('20220001-0035-0001-0003-000000000004', '20220001-0035-0001-0000-000000000004', '2a⃗/3 + c⃗/3', false, 2, NOW()),
('20220001-0035-0001-0004-000000000004', '20220001-0035-0001-0000-000000000004', 'a⃗/9 + c⃗/3', false, 3, NOW()),
('20220001-0035-0001-0005-000000000004', '20220001-0035-0001-0000-000000000004', 'a⃗/4 + 3c⃗/4', false, 4, NOW());

-- Q36: A=x²−3x+2
INSERT INTO mock_test_options (id, question_id, option_text, is_correct, order_index, created_at) VALUES
('20220001-0036-0001-0001-000000000004', '20220001-0036-0001-0000-000000000004', 'x² − 3x + 2', true, 0, NOW()),
('20220001-0036-0001-0002-000000000004', '20220001-0036-0001-0000-000000000004', '−12x + 6', false, 1, NOW()),
('20220001-0036-0001-0003-000000000004', '20220001-0036-0001-0000-000000000004', 'x² − 2x + 1', false, 2, NOW()),
('20220001-0036-0001-0004-000000000004', '20220001-0036-0001-0000-000000000004', 'x² + x + 6', false, 3, NOW()),
('20220001-0036-0001-0005-000000000004', '20220001-0036-0001-0000-000000000004', '−x² − x + 6', false, 4, NOW());

-- =====================================================
-- SUMMARY
-- =====================================================
-- ЭЕШ 2022 Математик D хувилбар
-- Нийт: 100 оноо (72 сонгох + 28 нөхөх)
-- 
-- Зөв хариултууд (1-36):
-- A, E, D, A, D, D, B, D, D, A, C, B, D, E, A, D, A, A, C, B, D, E, A, C, D, A, E, C, B, D, E, A, D, E, A, A
--
-- Нөхөх даалгаврын хариултууд:
-- 2.1: a=3, b=1, c=1, d=5, e=2, f=2, g=6, h=4
-- 2.2: a=9, b=1, c=8, d=6, e=3, f=2, g=2, h=4
-- 2.3: a=2, b=4, c=2, d=7, e=2, f=1, g=6, h=3
-- 2.4: a=3, b=2, c=9, d=4, e=4, f=1, g=27, h=12
-- =====================================================
