-- =====================================================
-- ЭЕШ 2022 МАТЕМАТИК ХУВИЛБАР B
-- Supabase SQL Insert Statements  
-- =====================================================

-- 1. MOCK TEST
INSERT INTO mock_tests (
    id,
    title,
    description,
    time_limit_minutes,
    total_questions,
    is_published,
    category
) VALUES (
    '20220000-0000-0000-0000-000000000002',
    'ЭЕШ 2022 Математик Хувилбар B',
    'Элсэлтийн ерөнхий шалгалт 2022 оны Математикийн хичээлийн Хувилбар B.',
    180,
    40,
    true,
    'math'
);

-- 2. SECTIONS
INSERT INTO mock_test_sections (id, mock_test_id, subject, title, order_index) VALUES
('20220000-0000-0002-0000-000000000001', '20220000-0000-0000-0000-000000000002', 'math', 'Нэгдүгээр хэсэг', 1),
('20220000-0000-0002-0000-000000000002', '20220000-0000-0000-0000-000000000002', 'math', 'Хоёрдугаар хэсэг', 2);

-- 3. PROBLEMS
INSERT INTO mock_test_problems (id, section_id, problem_number, title, context, order_index) VALUES
('20220000-0002-0001-0000-000000000001', '20220000-0000-0002-0000-000000000001', 1, 'Бодлого 1', 'Бодлого 1', 1),
('20220000-0002-0002-0000-000000000001', '20220000-0000-0002-0000-000000000001', 2, 'Бодлого 2', 'Бодлого 2', 2),
('20220000-0002-0003-0000-000000000001', '20220000-0000-0002-0000-000000000001', 3, 'Бодлого 3', 'Бодлого 3', 3),
('20220000-0002-0004-0000-000000000001', '20220000-0000-0002-0000-000000000001', 4, 'Бодлого 4', 'Бодлого 4', 4),
('20220000-0002-0005-0000-000000000001', '20220000-0000-0002-0000-000000000001', 5, 'Бодлого 5', 'Бодлого 5', 5),
('20220000-0002-0006-0000-000000000001', '20220000-0000-0002-0000-000000000001', 6, 'Бодлого 6', 'Бодлого 6', 6),
('20220000-0002-0007-0000-000000000001', '20220000-0000-0002-0000-000000000001', 7, 'Бодлого 7', 'Бодлого 7', 7),
('20220000-0002-0008-0000-000000000001', '20220000-0000-0002-0000-000000000001', 8, 'Бодлого 8', 'Бодлого 8', 8),
('20220000-0002-0009-0000-000000000001', '20220000-0000-0002-0000-000000000001', 9, 'Бодлого 9', 'Бодлого 9', 9),
('20220000-0002-0010-0000-000000000001', '20220000-0000-0002-0000-000000000001', 10, 'Бодлого 10', 'Бодлого 10', 10),
('20220000-0002-0011-0000-000000000001', '20220000-0000-0002-0000-000000000001', 11, 'Бодлого 11', 'Бодлого 11', 11),
('20220000-0002-0012-0000-000000000001', '20220000-0000-0002-0000-000000000001', 12, 'Бодлого 12', 'Бодлого 12', 12),
('20220000-0002-0013-0000-000000000001', '20220000-0000-0002-0000-000000000001', 13, 'Бодлого 13', 'Бодлого 13', 13),
('20220000-0002-0014-0000-000000000001', '20220000-0000-0002-0000-000000000001', 14, 'Бодлого 14', 'Бодлого 14', 14),
('20220000-0002-0015-0000-000000000001', '20220000-0000-0002-0000-000000000001', 15, 'Бодлого 15', 'Бодлого 15', 15),
('20220000-0002-0016-0000-000000000001', '20220000-0000-0002-0000-000000000001', 16, 'Бодлого 16', 'Бодлого 16', 16),
('20220000-0002-0017-0000-000000000001', '20220000-0000-0002-0000-000000000001', 17, 'Бодлого 17', 'Бодлого 17', 17),
('20220000-0002-0018-0000-000000000001', '20220000-0000-0002-0000-000000000001', 18, 'Бодлого 18', 'Бодлого 18', 18),
('20220000-0002-0019-0000-000000000001', '20220000-0000-0002-0000-000000000001', 19, 'Бодлого 19', 'Бодлого 19', 19),
('20220000-0002-0020-0000-000000000001', '20220000-0000-0002-0000-000000000001', 20, 'Бодлого 20', 'Бодлого 20', 20),
('20220000-0002-0021-0000-000000000001', '20220000-0000-0002-0000-000000000001', 21, 'Бодлого 21', 'Бодлого 21', 21),
('20220000-0002-0022-0000-000000000001', '20220000-0000-0002-0000-000000000001', 22, 'Бодлого 22', 'Бодлого 22', 22),
('20220000-0002-0023-0000-000000000001', '20220000-0000-0002-0000-000000000001', 23, 'Бодлого 23', 'Бодлого 23', 23),
('20220000-0002-0024-0000-000000000001', '20220000-0000-0002-0000-000000000001', 24, 'Бодлого 24', 'Бодлого 24', 24),
('20220000-0002-0025-0000-000000000001', '20220000-0000-0002-0000-000000000001', 25, 'Бодлого 25', 'Бодлого 25', 25),
('20220000-0002-0026-0000-000000000001', '20220000-0000-0002-0000-000000000001', 26, 'Бодлого 26', 'Бодлого 26', 26),
('20220000-0002-0027-0000-000000000001', '20220000-0000-0002-0000-000000000001', 27, 'Бодлого 27', 'Бодлого 27', 27),
('20220000-0002-0028-0000-000000000001', '20220000-0000-0002-0000-000000000001', 28, 'Бодлого 28', 'Бодлого 28', 28),
('20220000-0002-0029-0000-000000000001', '20220000-0000-0002-0000-000000000001', 29, 'Бодлого 29', 'Бодлого 29', 29),
('20220000-0002-0030-0000-000000000001', '20220000-0000-0002-0000-000000000001', 30, 'Бодлого 30', 'Бодлого 30', 30),
('20220000-0002-0031-0000-000000000001', '20220000-0000-0002-0000-000000000001', 31, 'Бодлого 31', 'Бодлого 31', 31),
('20220000-0002-0032-0000-000000000001', '20220000-0000-0002-0000-000000000001', 32, 'Бодлого 32', 'Бодлого 32', 32),
('20220000-0002-0033-0000-000000000001', '20220000-0000-0002-0000-000000000001', 33, 'Бодлого 33', 'Бодлого 33', 33),
('20220000-0002-0034-0000-000000000001', '20220000-0000-0002-0000-000000000001', 34, 'Бодлого 34', 'Бодлого 34', 34),
('20220000-0002-0035-0000-000000000001', '20220000-0000-0002-0000-000000000001', 35, 'Бодлого 35', 'Бодлого 35', 35),
('20220000-0002-0036-0000-000000000001', '20220000-0000-0002-0000-000000000001', 36, 'Бодлого 36', 'Бодлого 36', 36),
('20220000-0002-0037-0000-000000000001', '20220000-0000-0002-0000-000000000002', 37, 'Бодлого 2.1', 'Бодлого 2.1', 37),
('20220000-0002-0038-0000-000000000001', '20220000-0000-0002-0000-000000000002', 38, 'Бодлого 2.2', 'Бодлого 2.2', 38),
('20220000-0002-0039-0000-000000000001', '20220000-0000-0002-0000-000000000002', 39, 'Бодлого 2.3', 'Бодлого 2.3', 39),
('20220000-0002-0040-0000-000000000001', '20220000-0000-0002-0000-000000000002', 40, 'Бодлого 2.4', 'Бодлого 2.4', 40);

-- 4. QUESTIONS
INSERT INTO mock_test_questions (id, problem_id, question_number, question_text, explanation, points, order_index) VALUES
('20220000-0012-0001-0000-000000000001', '20220000-0002-0001-0000-000000000001', '1', 'Асуулт 1', '', 1, 1),
('20220000-0012-0002-0000-000000000001', '20220000-0002-0002-0000-000000000001', '2', 'Асуулт 2', '', 1, 1),
('20220000-0012-0003-0000-000000000001', '20220000-0002-0003-0000-000000000001', '3', 'Асуулт 3', '', 1, 1),
('20220000-0012-0004-0000-000000000001', '20220000-0002-0004-0000-000000000001', '4', 'Асуулт 4', '', 1, 1),
('20220000-0012-0005-0000-000000000001', '20220000-0002-0005-0000-000000000001', '5', 'Асуулт 5', '', 1, 1),
('20220000-0012-0006-0000-000000000001', '20220000-0002-0006-0000-000000000001', '6', 'Асуулт 6', '', 1, 1),
('20220000-0012-0007-0000-000000000001', '20220000-0002-0007-0000-000000000001', '7', 'Асуулт 7', '', 1, 1),
('20220000-0012-0008-0000-000000000001', '20220000-0002-0008-0000-000000000001', '8', 'Асуулт 8', '', 1, 1),
('20220000-0012-0009-0000-000000000001', '20220000-0002-0009-0000-000000000001', '9', 'Асуулт 9', '', 2, 1),
('20220000-0012-0010-0000-000000000001', '20220000-0002-0010-0000-000000000001', '10', 'Асуулт 10', '', 2, 1),
('20220000-0012-0011-0000-000000000001', '20220000-0002-0011-0000-000000000001', '11', 'Асуулт 11', '', 2, 1),
('20220000-0012-0012-0000-000000000001', '20220000-0002-0012-0000-000000000001', '12', 'Асуулт 12', '', 2, 1),
('20220000-0012-0013-0000-000000000001', '20220000-0002-0013-0000-000000000001', '13', 'Асуулт 13', '', 2, 1),
('20220000-0012-0014-0000-000000000001', '20220000-0002-0014-0000-000000000001', '14', 'Асуулт 14', '', 2, 1),
('20220000-0012-0015-0000-000000000001', '20220000-0002-0015-0000-000000000001', '15', 'Асуулт 15', '', 2, 1),
('20220000-0012-0016-0000-000000000001', '20220000-0002-0016-0000-000000000001', '16', 'Асуулт 16', '', 2, 1),
('20220000-0012-0017-0000-000000000001', '20220000-0002-0017-0000-000000000001', '17', 'Асуулт 17', '', 2, 1),
('20220000-0012-0018-0000-000000000001', '20220000-0002-0018-0000-000000000001', '18', 'Асуулт 18', '', 2, 1),
('20220000-0012-0019-0000-000000000001', '20220000-0002-0019-0000-000000000001', '19', 'Асуулт 19', '', 2, 1),
('20220000-0012-0020-0000-000000000001', '20220000-0002-0020-0000-000000000001', '20', 'Асуулт 20', '', 2, 1),
('20220000-0012-0021-0000-000000000001', '20220000-0002-0021-0000-000000000001', '21', 'Асуулт 21', '', 2, 1),
('20220000-0012-0022-0000-000000000001', '20220000-0002-0022-0000-000000000001', '22', 'Асуулт 22', '', 2, 1),
('20220000-0012-0023-0000-000000000001', '20220000-0002-0023-0000-000000000001', '23', 'Асуулт 23', '', 2, 1),
('20220000-0012-0024-0000-000000000001', '20220000-0002-0024-0000-000000000001', '24', 'Асуулт 24', '', 2, 1),
('20220000-0012-0025-0000-000000000001', '20220000-0002-0025-0000-000000000001', '25', 'Асуулт 25', '', 2, 1),
('20220000-0012-0026-0000-000000000001', '20220000-0002-0026-0000-000000000001', '26', 'Асуулт 26', '', 2, 1),
('20220000-0012-0027-0000-000000000001', '20220000-0002-0027-0000-000000000001', '27', 'Асуулт 27', '', 2, 1),
('20220000-0012-0028-0000-000000000001', '20220000-0002-0028-0000-000000000001', '28', 'Асуулт 28', '', 2, 1),
('20220000-0012-0029-0000-000000000001', '20220000-0002-0029-0000-000000000001', '29', 'Асуулт 29', '', 3, 1),
('20220000-0012-0030-0000-000000000001', '20220000-0002-0030-0000-000000000001', '30', 'Асуулт 30', '', 3, 1),
('20220000-0012-0031-0000-000000000001', '20220000-0002-0031-0000-000000000001', '31', 'Асуулт 31', '', 3, 1),
('20220000-0012-0032-0000-000000000001', '20220000-0002-0032-0000-000000000001', '32', 'Асуулт 32', '', 3, 1),
('20220000-0012-0033-0000-000000000001', '20220000-0002-0033-0000-000000000001', '33', 'Асуулт 33', '', 3, 1),
('20220000-0012-0034-0000-000000000001', '20220000-0002-0034-0000-000000000001', '34', 'Асуулт 34', '', 3, 1),
('20220000-0012-0035-0000-000000000001', '20220000-0002-0035-0000-000000000001', '35', 'Асуулт 35', '', 3, 1),
('20220000-0012-0036-0000-000000000001', '20220000-0002-0036-0000-000000000001', '36', 'Асуулт 36', '', 3, 1),
('20220000-0012-0037-0000-000000000001', '20220000-0002-0037-0000-000000000001', '2.1', 'Асуулт 2.1', '', 7, 1),
('20220000-0012-0038-0000-000000000001', '20220000-0002-0038-0000-000000000001', '2.2', 'Асуулт 2.2', '', 7, 1),
('20220000-0012-0039-0000-000000000001', '20220000-0002-0039-0000-000000000001', '2.3', 'Асуулт 2.3', '', 7, 1),
('20220000-0012-0040-0000-000000000001', '20220000-0002-0040-0000-000000000001', '2.4', 'Асуулт 2.4', '', 7, 1);

-- 5. OPTIONS (Зөв хариу: 1-B, 2-D, 3-C, 4-E, 5-D, 6-B, 7-B, 8-D, 9-E, 10-D, 11-C, 12-A, 13-A, 14-E, 15-D, 16-C, 17-B, 18-E, 19-D, 20-C, 21-B, 22-D, 23-E, 24-C, 25-A, 26-A, 27-C, 28-D, 29-E, 30-A, 31-A, 32-C, 33-B, 34-D, 35-E, 36-A)
INSERT INTO mock_test_options (id, question_id, option_text, is_correct, order_index) VALUES
('20220000-0022-0001-0001-000000000001', '20220000-0012-0001-0000-000000000001', 'Хариулт A', false, 0),
('20220000-0022-0001-0002-000000000001', '20220000-0012-0001-0000-000000000001', 'Хариулт B', true, 1),
('20220000-0022-0001-0003-000000000001', '20220000-0012-0001-0000-000000000001', 'Хариулт C', false, 2),
('20220000-0022-0001-0004-000000000001', '20220000-0012-0001-0000-000000000001', 'Хариулт D', false, 3),
('20220000-0022-0001-0005-000000000001', '20220000-0012-0001-0000-000000000001', 'Хариулт E', false, 4),
('20220000-0022-0002-0001-000000000001', '20220000-0012-0002-0000-000000000001', 'Хариулт A', false, 0),
('20220000-0022-0002-0002-000000000001', '20220000-0012-0002-0000-000000000001', 'Хариулт B', false, 1),
('20220000-0022-0002-0003-000000000001', '20220000-0012-0002-0000-000000000001', 'Хариулт C', false, 2),
('20220000-0022-0002-0004-000000000001', '20220000-0012-0002-0000-000000000001', 'Хариулт D', true, 3),
('20220000-0022-0002-0005-000000000001', '20220000-0012-0002-0000-000000000001', 'Хариулт E', false, 4),
('20220000-0022-0003-0001-000000000001', '20220000-0012-0003-0000-000000000001', 'Хариулт A', false, 0),
('20220000-0022-0003-0002-000000000001', '20220000-0012-0003-0000-000000000001', 'Хариулт B', false, 1),
('20220000-0022-0003-0003-000000000001', '20220000-0012-0003-0000-000000000001', 'Хариулт C', true, 2),
('20220000-0022-0003-0004-000000000001', '20220000-0012-0003-0000-000000000001', 'Хариулт D', false, 3),
('20220000-0022-0003-0005-000000000001', '20220000-0012-0003-0000-000000000001', 'Хариулт E', false, 4),
('20220000-0022-0004-0001-000000000001', '20220000-0012-0004-0000-000000000001', 'Хариулт A', false, 0),
('20220000-0022-0004-0002-000000000001', '20220000-0012-0004-0000-000000000001', 'Хариулт B', false, 1),
('20220000-0022-0004-0003-000000000001', '20220000-0012-0004-0000-000000000001', 'Хариулт C', false, 2),
('20220000-0022-0004-0004-000000000001', '20220000-0012-0004-0000-000000000001', 'Хариулт D', false, 3),
('20220000-0022-0004-0005-000000000001', '20220000-0012-0004-0000-000000000001', 'Хариулт E', true, 4),
('20220000-0022-0005-0001-000000000001', '20220000-0012-0005-0000-000000000001', 'Хариулт A', false, 0),
('20220000-0022-0005-0002-000000000001', '20220000-0012-0005-0000-000000000001', 'Хариулт B', false, 1),
('20220000-0022-0005-0003-000000000001', '20220000-0012-0005-0000-000000000001', 'Хариулт C', false, 2),
('20220000-0022-0005-0004-000000000001', '20220000-0012-0005-0000-000000000001', 'Хариулт D', true, 3),
('20220000-0022-0005-0005-000000000001', '20220000-0012-0005-0000-000000000001', 'Хариулт E', false, 4),
('20220000-0022-0006-0001-000000000001', '20220000-0012-0006-0000-000000000001', 'Хариулт A', false, 0),
('20220000-0022-0006-0002-000000000001', '20220000-0012-0006-0000-000000000001', 'Хариулт B', true, 1),
('20220000-0022-0006-0003-000000000001', '20220000-0012-0006-0000-000000000001', 'Хариулт C', false, 2),
('20220000-0022-0006-0004-000000000001', '20220000-0012-0006-0000-000000000001', 'Хариулт D', false, 3),
('20220000-0022-0006-0005-000000000001', '20220000-0012-0006-0000-000000000001', 'Хариулт E', false, 4),
('20220000-0022-0007-0001-000000000001', '20220000-0012-0007-0000-000000000001', 'Хариулт A', false, 0),
('20220000-0022-0007-0002-000000000001', '20220000-0012-0007-0000-000000000001', 'Хариулт B', true, 1),
('20220000-0022-0007-0003-000000000001', '20220000-0012-0007-0000-000000000001', 'Хариулт C', false, 2),
('20220000-0022-0007-0004-000000000001', '20220000-0012-0007-0000-000000000001', 'Хариулт D', false, 3),
('20220000-0022-0007-0005-000000000001', '20220000-0012-0007-0000-000000000001', 'Хариулт E', false, 4),
('20220000-0022-0008-0001-000000000001', '20220000-0012-0008-0000-000000000001', 'Хариулт A', false, 0),
('20220000-0022-0008-0002-000000000001', '20220000-0012-0008-0000-000000000001', 'Хариулт B', false, 1),
('20220000-0022-0008-0003-000000000001', '20220000-0012-0008-0000-000000000001', 'Хариулт C', false, 2),
('20220000-0022-0008-0004-000000000001', '20220000-0012-0008-0000-000000000001', 'Хариулт D', true, 3),
('20220000-0022-0008-0005-000000000001', '20220000-0012-0008-0000-000000000001', 'Хариулт E', false, 4),
('20220000-0022-0009-0001-000000000001', '20220000-0012-0009-0000-000000000001', 'Хариулт A', false, 0),
('20220000-0022-0009-0002-000000000001', '20220000-0012-0009-0000-000000000001', 'Хариулт B', false, 1),
('20220000-0022-0009-0003-000000000001', '20220000-0012-0009-0000-000000000001', 'Хариулт C', false, 2),
('20220000-0022-0009-0004-000000000001', '20220000-0012-0009-0000-000000000001', 'Хариулт D', false, 3),
('20220000-0022-0009-0005-000000000001', '20220000-0012-0009-0000-000000000001', 'Хариулт E', true, 4),
('20220000-0022-0010-0001-000000000001', '20220000-0012-0010-0000-000000000001', 'Хариулт A', false, 0),
('20220000-0022-0010-0002-000000000001', '20220000-0012-0010-0000-000000000001', 'Хариулт B', false, 1),
('20220000-0022-0010-0003-000000000001', '20220000-0012-0010-0000-000000000001', 'Хариулт C', false, 2),
('20220000-0022-0010-0004-000000000001', '20220000-0012-0010-0000-000000000001', 'Хариулт D', true, 3),
('20220000-0022-0010-0005-000000000001', '20220000-0012-0010-0000-000000000001', 'Хариулт E', false, 4),
('20220000-0022-0011-0001-000000000001', '20220000-0012-0011-0000-000000000001', 'Хариулт A', false, 0),
('20220000-0022-0011-0002-000000000001', '20220000-0012-0011-0000-000000000001', 'Хариулт B', false, 1),
('20220000-0022-0011-0003-000000000001', '20220000-0012-0011-0000-000000000001', 'Хариулт C', true, 2),
('20220000-0022-0011-0004-000000000001', '20220000-0012-0011-0000-000000000001', 'Хариулт D', false, 3),
('20220000-0022-0011-0005-000000000001', '20220000-0012-0011-0000-000000000001', 'Хариулт E', false, 4),
('20220000-0022-0012-0001-000000000001', '20220000-0012-0012-0000-000000000001', 'Хариулт A', true, 0),
('20220000-0022-0012-0002-000000000001', '20220000-0012-0012-0000-000000000001', 'Хариулт B', false, 1),
('20220000-0022-0012-0003-000000000001', '20220000-0012-0012-0000-000000000001', 'Хариулт C', false, 2),
('20220000-0022-0012-0004-000000000001', '20220000-0012-0012-0000-000000000001', 'Хариулт D', false, 3),
('20220000-0022-0012-0005-000000000001', '20220000-0012-0012-0000-000000000001', 'Хариулт E', false, 4),
('20220000-0022-0013-0001-000000000001', '20220000-0012-0013-0000-000000000001', 'Хариулт A', true, 0),
('20220000-0022-0013-0002-000000000001', '20220000-0012-0013-0000-000000000001', 'Хариулт B', false, 1),
('20220000-0022-0013-0003-000000000001', '20220000-0012-0013-0000-000000000001', 'Хариулт C', false, 2),
('20220000-0022-0013-0004-000000000001', '20220000-0012-0013-0000-000000000001', 'Хариулт D', false, 3),
('20220000-0022-0013-0005-000000000001', '20220000-0012-0013-0000-000000000001', 'Хариулт E', false, 4),
('20220000-0022-0014-0001-000000000001', '20220000-0012-0014-0000-000000000001', 'Хариулт A', false, 0),
('20220000-0022-0014-0002-000000000001', '20220000-0012-0014-0000-000000000001', 'Хариулт B', false, 1),
('20220000-0022-0014-0003-000000000001', '20220000-0012-0014-0000-000000000001', 'Хариулт C', false, 2),
('20220000-0022-0014-0004-000000000001', '20220000-0012-0014-0000-000000000001', 'Хариулт D', false, 3),
('20220000-0022-0014-0005-000000000001', '20220000-0012-0014-0000-000000000001', 'Хариулт E', true, 4),
('20220000-0022-0015-0001-000000000001', '20220000-0012-0015-0000-000000000001', 'Хариулт A', false, 0),
('20220000-0022-0015-0002-000000000001', '20220000-0012-0015-0000-000000000001', 'Хариулт B', false, 1),
('20220000-0022-0015-0003-000000000001', '20220000-0012-0015-0000-000000000001', 'Хариулт C', false, 2),
('20220000-0022-0015-0004-000000000001', '20220000-0012-0015-0000-000000000001', 'Хариулт D', true, 3),
('20220000-0022-0015-0005-000000000001', '20220000-0012-0015-0000-000000000001', 'Хариулт E', false, 4),
('20220000-0022-0016-0001-000000000001', '20220000-0012-0016-0000-000000000001', 'Хариулт A', false, 0),
('20220000-0022-0016-0002-000000000001', '20220000-0012-0016-0000-000000000001', 'Хариулт B', false, 1),
('20220000-0022-0016-0003-000000000001', '20220000-0012-0016-0000-000000000001', 'Хариулт C', true, 2),
('20220000-0022-0016-0004-000000000001', '20220000-0012-0016-0000-000000000001', 'Хариулт D', false, 3),
('20220000-0022-0016-0005-000000000001', '20220000-0012-0016-0000-000000000001', 'Хариулт E', false, 4),
('20220000-0022-0017-0001-000000000001', '20220000-0012-0017-0000-000000000001', 'Хариулт A', false, 0),
('20220000-0022-0017-0002-000000000001', '20220000-0012-0017-0000-000000000001', 'Хариулт B', true, 1),
('20220000-0022-0017-0003-000000000001', '20220000-0012-0017-0000-000000000001', 'Хариулт C', false, 2),
('20220000-0022-0017-0004-000000000001', '20220000-0012-0017-0000-000000000001', 'Хариулт D', false, 3),
('20220000-0022-0017-0005-000000000001', '20220000-0012-0017-0000-000000000001', 'Хариулт E', false, 4),
('20220000-0022-0018-0001-000000000001', '20220000-0012-0018-0000-000000000001', 'Хариулт A', false, 0),
('20220000-0022-0018-0002-000000000001', '20220000-0012-0018-0000-000000000001', 'Хариулт B', false, 1),
('20220000-0022-0018-0003-000000000001', '20220000-0012-0018-0000-000000000001', 'Хариулт C', false, 2),
('20220000-0022-0018-0004-000000000001', '20220000-0012-0018-0000-000000000001', 'Хариулт D', false, 3),
('20220000-0022-0018-0005-000000000001', '20220000-0012-0018-0000-000000000001', 'Хариулт E', true, 4),
('20220000-0022-0019-0001-000000000001', '20220000-0012-0019-0000-000000000001', 'Хариулт A', false, 0),
('20220000-0022-0019-0002-000000000001', '20220000-0012-0019-0000-000000000001', 'Хариулт B', false, 1),
('20220000-0022-0019-0003-000000000001', '20220000-0012-0019-0000-000000000001', 'Хариулт C', false, 2),
('20220000-0022-0019-0004-000000000001', '20220000-0012-0019-0000-000000000001', 'Хариулт D', true, 3),
('20220000-0022-0019-0005-000000000001', '20220000-0012-0019-0000-000000000001', 'Хариулт E', false, 4),
('20220000-0022-0020-0001-000000000001', '20220000-0012-0020-0000-000000000001', 'Хариулт A', false, 0),
('20220000-0022-0020-0002-000000000001', '20220000-0012-0020-0000-000000000001', 'Хариулт B', false, 1),
('20220000-0022-0020-0003-000000000001', '20220000-0012-0020-0000-000000000001', 'Хариулт C', true, 2),
('20220000-0022-0020-0004-000000000001', '20220000-0012-0020-0000-000000000001', 'Хариулт D', false, 3),
('20220000-0022-0020-0005-000000000001', '20220000-0012-0020-0000-000000000001', 'Хариулт E', false, 4),
('20220000-0022-0021-0001-000000000001', '20220000-0012-0021-0000-000000000001', 'Хариулт A', false, 0),
('20220000-0022-0021-0002-000000000001', '20220000-0012-0021-0000-000000000001', 'Хариулт B', true, 1),
('20220000-0022-0021-0003-000000000001', '20220000-0012-0021-0000-000000000001', 'Хариулт C', false, 2),
('20220000-0022-0021-0004-000000000001', '20220000-0012-0021-0000-000000000001', 'Хариулт D', false, 3),
('20220000-0022-0021-0005-000000000001', '20220000-0012-0021-0000-000000000001', 'Хариулт E', false, 4),
('20220000-0022-0022-0001-000000000001', '20220000-0012-0022-0000-000000000001', 'Хариулт A', false, 0),
('20220000-0022-0022-0002-000000000001', '20220000-0012-0022-0000-000000000001', 'Хариулт B', false, 1),
('20220000-0022-0022-0003-000000000001', '20220000-0012-0022-0000-000000000001', 'Хариулт C', false, 2),
('20220000-0022-0022-0004-000000000001', '20220000-0012-0022-0000-000000000001', 'Хариулт D', true, 3),
('20220000-0022-0022-0005-000000000001', '20220000-0012-0022-0000-000000000001', 'Хариулт E', false, 4),
('20220000-0022-0023-0001-000000000001', '20220000-0012-0023-0000-000000000001', 'Хариулт A', false, 0),
('20220000-0022-0023-0002-000000000001', '20220000-0012-0023-0000-000000000001', 'Хариулт B', false, 1),
('20220000-0022-0023-0003-000000000001', '20220000-0012-0023-0000-000000000001', 'Хариулт C', false, 2),
('20220000-0022-0023-0004-000000000001', '20220000-0012-0023-0000-000000000001', 'Хариулт D', false, 3),
('20220000-0022-0023-0005-000000000001', '20220000-0012-0023-0000-000000000001', 'Хариулт E', true, 4),
('20220000-0022-0024-0001-000000000001', '20220000-0012-0024-0000-000000000001', 'Хариулт A', false, 0),
('20220000-0022-0024-0002-000000000001', '20220000-0012-0024-0000-000000000001', 'Хариулт B', false, 1),
('20220000-0022-0024-0003-000000000001', '20220000-0012-0024-0000-000000000001', 'Хариулт C', true, 2),
('20220000-0022-0024-0004-000000000001', '20220000-0012-0024-0000-000000000001', 'Хариулт D', false, 3),
('20220000-0022-0024-0005-000000000001', '20220000-0012-0024-0000-000000000001', 'Хариулт E', false, 4),
('20220000-0022-0025-0001-000000000001', '20220000-0012-0025-0000-000000000001', 'Хариулт A', true, 0),
('20220000-0022-0025-0002-000000000001', '20220000-0012-0025-0000-000000000001', 'Хариулт B', false, 1),
('20220000-0022-0025-0003-000000000001', '20220000-0012-0025-0000-000000000001', 'Хариулт C', false, 2),
('20220000-0022-0025-0004-000000000001', '20220000-0012-0025-0000-000000000001', 'Хариулт D', false, 3),
('20220000-0022-0025-0005-000000000001', '20220000-0012-0025-0000-000000000001', 'Хариулт E', false, 4),
('20220000-0022-0026-0001-000000000001', '20220000-0012-0026-0000-000000000001', 'Хариулт A', true, 0),
('20220000-0022-0026-0002-000000000001', '20220000-0012-0026-0000-000000000001', 'Хариулт B', false, 1),
('20220000-0022-0026-0003-000000000001', '20220000-0012-0026-0000-000000000001', 'Хариулт C', false, 2),
('20220000-0022-0026-0004-000000000001', '20220000-0012-0026-0000-000000000001', 'Хариулт D', false, 3),
('20220000-0022-0026-0005-000000000001', '20220000-0012-0026-0000-000000000001', 'Хариулт E', false, 4),
('20220000-0022-0027-0001-000000000001', '20220000-0012-0027-0000-000000000001', 'Хариулт A', false, 0),
('20220000-0022-0027-0002-000000000001', '20220000-0012-0027-0000-000000000001', 'Хариулт B', false, 1),
('20220000-0022-0027-0003-000000000001', '20220000-0012-0027-0000-000000000001', 'Хариулт C', true, 2),
('20220000-0022-0027-0004-000000000001', '20220000-0012-0027-0000-000000000001', 'Хариулт D', false, 3),
('20220000-0022-0027-0005-000000000001', '20220000-0012-0027-0000-000000000001', 'Хариулт E', false, 4),
('20220000-0022-0028-0001-000000000001', '20220000-0012-0028-0000-000000000001', 'Хариулт A', false, 0),
('20220000-0022-0028-0002-000000000001', '20220000-0012-0028-0000-000000000001', 'Хариулт B', false, 1),
('20220000-0022-0028-0003-000000000001', '20220000-0012-0028-0000-000000000001', 'Хариулт C', false, 2),
('20220000-0022-0028-0004-000000000001', '20220000-0012-0028-0000-000000000001', 'Хариулт D', true, 3),
('20220000-0022-0028-0005-000000000001', '20220000-0012-0028-0000-000000000001', 'Хариулт E', false, 4),
('20220000-0022-0029-0001-000000000001', '20220000-0012-0029-0000-000000000001', 'Хариулт A', false, 0),
('20220000-0022-0029-0002-000000000001', '20220000-0012-0029-0000-000000000001', 'Хариулт B', false, 1),
('20220000-0022-0029-0003-000000000001', '20220000-0012-0029-0000-000000000001', 'Хариулт C', false, 2),
('20220000-0022-0029-0004-000000000001', '20220000-0012-0029-0000-000000000001', 'Хариулт D', false, 3),
('20220000-0022-0029-0005-000000000001', '20220000-0012-0029-0000-000000000001', 'Хариулт E', true, 4),
('20220000-0022-0030-0001-000000000001', '20220000-0012-0030-0000-000000000001', 'Хариулт A', true, 0),
('20220000-0022-0030-0002-000000000001', '20220000-0012-0030-0000-000000000001', 'Хариулт B', false, 1),
('20220000-0022-0030-0003-000000000001', '20220000-0012-0030-0000-000000000001', 'Хариулт C', false, 2),
('20220000-0022-0030-0004-000000000001', '20220000-0012-0030-0000-000000000001', 'Хариулт D', false, 3),
('20220000-0022-0030-0005-000000000001', '20220000-0012-0030-0000-000000000001', 'Хариулт E', false, 4),
('20220000-0022-0031-0001-000000000001', '20220000-0012-0031-0000-000000000001', 'Хариулт A', true, 0),
('20220000-0022-0031-0002-000000000001', '20220000-0012-0031-0000-000000000001', 'Хариулт B', false, 1),
('20220000-0022-0031-0003-000000000001', '20220000-0012-0031-0000-000000000001', 'Хариулт C', false, 2),
('20220000-0022-0031-0004-000000000001', '20220000-0012-0031-0000-000000000001', 'Хариулт D', false, 3),
('20220000-0022-0031-0005-000000000001', '20220000-0012-0031-0000-000000000001', 'Хариулт E', false, 4),
('20220000-0022-0032-0001-000000000001', '20220000-0012-0032-0000-000000000001', 'Хариулт A', false, 0),
('20220000-0022-0032-0002-000000000001', '20220000-0012-0032-0000-000000000001', 'Хариулт B', false, 1),
('20220000-0022-0032-0003-000000000001', '20220000-0012-0032-0000-000000000001', 'Хариулт C', true, 2),
('20220000-0022-0032-0004-000000000001', '20220000-0012-0032-0000-000000000001', 'Хариулт D', false, 3),
('20220000-0022-0032-0005-000000000001', '20220000-0012-0032-0000-000000000001', 'Хариулт E', false, 4),
('20220000-0022-0033-0001-000000000001', '20220000-0012-0033-0000-000000000001', 'Хариулт A', false, 0),
('20220000-0022-0033-0002-000000000001', '20220000-0012-0033-0000-000000000001', 'Хариулт B', true, 1),
('20220000-0022-0033-0003-000000000001', '20220000-0012-0033-0000-000000000001', 'Хариулт C', false, 2),
('20220000-0022-0033-0004-000000000001', '20220000-0012-0033-0000-000000000001', 'Хариулт D', false, 3),
('20220000-0022-0033-0005-000000000001', '20220000-0012-0033-0000-000000000001', 'Хариулт E', false, 4),
('20220000-0022-0034-0001-000000000001', '20220000-0012-0034-0000-000000000001', 'Хариулт A', false, 0),
('20220000-0022-0034-0002-000000000001', '20220000-0012-0034-0000-000000000001', 'Хариулт B', false, 1),
('20220000-0022-0034-0003-000000000001', '20220000-0012-0034-0000-000000000001', 'Хариулт C', false, 2),
('20220000-0022-0034-0004-000000000001', '20220000-0012-0034-0000-000000000001', 'Хариулт D', true, 3),
('20220000-0022-0034-0005-000000000001', '20220000-0012-0034-0000-000000000001', 'Хариулт E', false, 4),
('20220000-0022-0035-0001-000000000001', '20220000-0012-0035-0000-000000000001', 'Хариулт A', false, 0),
('20220000-0022-0035-0002-000000000001', '20220000-0012-0035-0000-000000000001', 'Хариулт B', false, 1),
('20220000-0022-0035-0003-000000000001', '20220000-0012-0035-0000-000000000001', 'Хариулт C', false, 2),
('20220000-0022-0035-0004-000000000001', '20220000-0012-0035-0000-000000000001', 'Хариулт D', false, 3),
('20220000-0022-0035-0005-000000000001', '20220000-0012-0035-0000-000000000001', 'Хариулт E', true, 4),
('20220000-0022-0036-0001-000000000001', '20220000-0012-0036-0000-000000000001', 'Хариулт A', true, 0),
('20220000-0022-0036-0002-000000000001', '20220000-0012-0036-0000-000000000001', 'Хариулт B', false, 1),
('20220000-0022-0036-0003-000000000001', '20220000-0012-0036-0000-000000000001', 'Хариулт C', false, 2),
('20220000-0022-0036-0004-000000000001', '20220000-0012-0036-0000-000000000001', 'Хариулт D', false, 3),
('20220000-0022-0036-0005-000000000001', '20220000-0012-0036-0000-000000000001', 'Хариулт E', false, 4);