-- =====================================================
-- ЭЕШ 2020 Математик C Хувилбар - Supabase Seed Data
-- =====================================================
-- Нийт: 36 сонгох даалгавар (72 оноо) + 4 нөхөх даалгавар (28 оноо) = 100 оноо
-- C хувилбар зөв хариултууд: B,C,D,E,C,B,A,A,E,D,C,B,D,A,E,D,A,C,B,D,A,E,D,C,C,C,E,C,D,C,A,E,D,B,E,D
-- =====================================================

-- 1. Mock Test
INSERT INTO mock_tests (id, title, description, time_limit_minutes, total_questions, passing_score_percentage, is_published, category, eysh_threshold_500, eysh_threshold_600, eysh_threshold_700, eysh_threshold_800, created_at, updated_at) VALUES
('20200000-0000-0000-0000-000000000003', 'ЭЕШ 2020 Математик Хувилбар C', 'Элсэлтийн ерөнхий шалгалт 2020 оны Математикийн хичээлийн Хувилбар C. Нэгдүгээр хэсэг: 36 сонгох даалгавар (72 оноо). Хоёрдугаар хэсэг: 4 нөхөх даалгавар (28 оноо). Нийт 100 оноо.', 180, 40, 60, true, 'math', 60, 70, 80, 90, NOW(), NOW());

-- 2. Sections
INSERT INTO mock_test_sections (id, mock_test_id, subject, title, order_index, created_at) VALUES 
('20200000-0001-0000-0000-000000000003', '20200000-0000-0000-0000-000000000003', 'math', 'Нэгдүгээр хэсэг - Сонгох даалгавар', 1, NOW()),
('20200000-0002-0000-0000-000000000003', '20200000-0000-0000-0000-000000000003', 'math', 'Хоёрдугаар хэсэг - Нөхөх даалгавар', 2, NOW());

-- 3. Problems (36 сонгох + 4 нөхөх)
INSERT INTO mock_test_problems (id, section_id, problem_number, title, context, order_index, created_at) VALUES
('20200001-0001-0000-0000-000000000003', '20200000-0001-0000-0000-000000000003', 1, 'Асуулт 1', 'Утгыг олоорой: (1/6 − 1/7) · 42 =', 1, NOW()),
('20200001-0002-0000-0000-000000000003', '20200000-0001-0000-0000-000000000003', 2, 'Асуулт 2', 'A(1; 3) цэгийг y = x шулууны хувьд тэгш хэмтэй хувиргахад гарах дүрийн координатыг ол.', 2, NOW()),
('20200001-0003-0000-0000-000000000003', '20200000-0001-0000-0000-000000000003', 3, 'Асуулт 3', 'Хоккейн багийн 15 тоглогчийн авсан оноог дор харуулсан бол тоглогчдын онооны моодыг ол.', 3, NOW()),
('20200001-0004-0000-0000-000000000003', '20200000-0001-0000-0000-000000000003', 4, 'Асуулт 4', 'y = 3x + 1 функцийн урвуу функц аль нь вэ?', 4, NOW()),
('20200001-0005-0000-0000-000000000003', '20200000-0001-0000-0000-000000000003', 5, 'Асуулт 5', 'ab/(a+b) · (b/a − a/b) илэрхийллийг хялбарчил.', 5, NOW()),
('20200001-0006-0000-0000-000000000003', '20200000-0001-0000-0000-000000000003', 6, 'Асуулт 6', 'Зурагт дүрслэгдсэн олонлогийн будагдсан хэсгийг тодорхойл.', 6, NOW()),
('20200001-0007-0000-0000-000000000003', '20200000-0001-0000-0000-000000000003', 7, 'Асуулт 7', 'aₙ₊₁ = 2aₙ + 1 дарааллын a₁ = 1 бол a₄ хэд вэ?', 7, NOW()),
('20200001-0008-0000-0000-000000000003', '20200000-0001-0000-0000-000000000003', 8, 'Асуулт 8', 'a⃗(3; −1; 2), b⃗(−1; y; 4) ба a⃗, b⃗ векторууд перпендикуляр бол y-ийн утгыг ол.', 8, NOW()),
('20200001-0009-0000-0000-000000000003', '20200000-0001-0000-0000-000000000003', 9, 'Асуулт 9', 'f(x) = (3 − x)⁶ бол f′(x)-ийг ол.', 9, NOW()),
('20200001-0010-0000-0000-000000000003', '20200000-0001-0000-0000-000000000003', 10, 'Асуулт 10', '(7√3 − 4√3)^(4/3) илэрхийллийн утга аль вэ?', 10, NOW()),
('20200001-0011-0000-0000-000000000003', '20200000-0001-0000-0000-000000000003', 11, 'Асуулт 11', '−1 < a < 0 ба 0 < b < 1 бол −a ба 1/b-г жиш.', 11, NOW()),
('20200001-0012-0000-0000-000000000003', '20200000-0001-0000-0000-000000000003', 12, 'Асуулт 12', 'f(x) = {x², 0≤x≤1; (1/2)x+(1/2), 1≤x≤5} функцийн дүрийг олоорой.', 12, NOW()),
('20200001-0013-0000-0000-000000000003', '20200000-0001-0000-0000-000000000003', 13, 'Асуулт 13', '{5^x + 3^y = 28, 5^x − 3^y = 22} бол x·y үржвэрийг олоорой.', 13, NOW()),
('20200001-0014-0000-0000-000000000003', '20200000-0001-0000-0000-000000000003', 14, 'Асуулт 14', '√(a(√(a+b) + √b)(√(a+b) − √b)) илэрхийллийг хялбарчлаарай.', 14, NOW()),
('20200001-0015-0000-0000-000000000003', '20200000-0001-0000-0000-000000000003', 15, 'Асуулт 15', 'y = 2x + 5 шулуунтай перпендикуляр бөгөөд координатын эхийг дайрсан шулууны тэгшитгэлийг бичээрэй.', 15, NOW()),
('20200001-0016-0000-0000-000000000003', '20200000-0001-0000-0000-000000000003', 16, 'Асуулт 16', '|x − 1| = |x − 2| + 2 тэгшитгэл хэдэн шийдтэй вэ?', 16, NOW()),
('20200001-0017-0000-0000-000000000003', '20200000-0001-0000-0000-000000000003', 17, 'Асуулт 17', '0° < x ≤ 45° бол sinx ба cosx-ийг жишээрэй.', 17, NOW()),
('20200001-0018-0000-0000-000000000003', '20200000-0001-0000-0000-000000000003', 18, 'Асуулт 18', 'A = [[1, 0], [3, 2]] бол 4A⁻¹ + A-г ол.', 18, NOW()),
('20200001-0019-0000-0000-000000000003', '20200000-0001-0000-0000-000000000003', 19, 'Асуулт 19', 'f(x) = x³ + mx² − x + 2 олон гишүүнтийн язгуурууд нь x₁ = 2; x₂; x₃ бол x₁ + x₂ + x₃ хэд вэ?', 19, NOW()),
('20200001-0020-0000-0000-000000000003', '20200000-0001-0000-0000-000000000003', 20, 'Асуулт 20', 'Зураг дээр f(x) функцийн уламжлал болох f′(x) функцийн график [−4; 7] завсарт өгөв. f(x) хамгийн бага утгаа авах x-ийг ол.', 20, NOW()),
('20200001-0021-0000-0000-000000000003', '20200000-0001-0000-0000-000000000003', 21, 'Асуулт 21', 'Хэрэв ∫₀³f(x)dx = 4 бол ∫₀³(f(x) + 2x + 3)dx-ийн утгыг ол.', 21, NOW()),
('20200001-0022-0000-0000-000000000003', '20200000-0001-0000-0000-000000000003', 22, 'Асуулт 22', '4,5,6,7,8 гэсэн дугаартай таван картыг хэрэглэн цифрүүд нь өсөх гурван оронтой тоо хэдийг зохиож болох вэ?', 22, NOW()),
('20200001-0023-0000-0000-000000000003', '20200000-0001-0000-0000-000000000003', 23, 'Асуулт 23', 'AD, BC суурьтай ABCD трапецийн A ба B оройн биссектрисүүдийн огтлолцлын цэг K байв. ABK гурвалжныг багтаасан тойргийн радиус R = 3 бол AB талын уртыг ол.', 23, NOW()),
('20200001-0024-0000-0000-000000000003', '20200000-0001-0000-0000-000000000003', 24, 'Асуулт 24', 'Дугуйг өнцгүүд нь арифметик прогресс үүсгэдэг байхаар дөрвөн секторт хуваажээ. Хамгийн том секторын өнцгийг ол.', 24, NOW()),
('20200001-0025-0000-0000-000000000003', '20200000-0001-0000-0000-000000000003', 25, 'Асуулт 25', 'y = x⁵ функцийн график дээр орших P цэгийн OAPB тэгш өнцөгтийн талбайг y = x⁵ функцийн график ямар харьцаагаар хуваах вэ?', 25, NOW()),
('20200001-0026-0000-0000-000000000003', '20200000-0001-0000-0000-000000000003', 26, 'Асуулт 26', '[[0, 1], [1, 0]] матриц ямар хувиргалтыг тодорхойлох вэ?', 26, NOW()),
('20200001-0027-0000-0000-000000000003', '20200000-0001-0000-0000-000000000003', 27, 'Асуулт 27', 'x ≥ m үед f(x) = 3x² − 6x + 2 гэж тодорхойлогдсон функц харилцан нэгэн утгатай бол m-ийн хамгийн бага утгыг олоорой.', 27, NOW()),
('20200001-0028-0000-0000-000000000003', '20200000-0001-0000-0000-000000000003', 28, 'Асуулт 28', 'Q(x) = x + 1 олон гишүүнт нь P(x) = 3x³ + 2x² + x + 2 олон гишүүнтийг хуваадаг бол ноогдвор олон гишүүнтийн коэффициентүүдийн нийлбэрийг ол.', 28, NOW()),
('20200001-0029-0000-0000-000000000003', '20200000-0001-0000-0000-000000000003', 29, 'Асуулт 29', 'Зурагт y = a + bsinx функцийн график өгөгджээ. Зураг ашиглан a·b үржвэрийг олоорой.', 29, NOW()),
('20200001-0030-0000-0000-000000000003', '20200000-0001-0000-0000-000000000003', 30, 'Асуулт 30', '(2x+1)/(x²(x+1)) = A/x + B/x² + C/(x+1) бол A + B + C-ийг олоорой.', 30, NOW()),
('20200001-0031-0000-0000-000000000003', '20200000-0001-0000-0000-000000000003', 31, 'Асуулт 31', 'ABCD параллелограммын AB тал y = 3x тэгшитгэлтэй, AD тал нь 4y = x + 11 тэгшитгэлтэй. AC ба BD диагоналиудын нь E(6.5; 8.5) цэгт огтлолцдог бол C цэгийн координатыг олоорой.', 31, NOW()),
('20200001-0032-0000-0000-000000000003', '20200000-0001-0000-0000-000000000003', 32, 'Асуулт 32', '20 сурагч нэгэн геометрийн бодлого боджээ. Сурагчдын уг бодлогыг бодсон хугацааны арифметик дунджийг тооцоолоорой.', 32, NOW()),
('20200001-0033-0000-0000-000000000003', '20200000-0001-0000-0000-000000000003', 33, 'Асуулт 33', 'A хайрцагт 4, 5, 8 дугаартай гурван бөмбөг, B хайрцагт 1, 3, 6, 8, 8 дугаартай таван бөмбөг, C хайрцагт 7, 8, 8, 8, 8, 9 дугаартай зургаан бөмбөг байв. Яг хоёр бөмбөг нь ижил дугаартай байх магадлалыг ол.', 33, NOW()),
('20200001-0034-0000-0000-000000000003', '20200000-0001-0000-0000-000000000003', 34, 'Асуулт 34', 'r + h = 9 байх радиустай, h өндөртэй цилиндрийн эзэлхүүн хамгийн их утгыг ол.', 34, NOW()),
('20200001-0035-0000-0000-000000000003', '20200000-0001-0000-0000-000000000003', 35, 'Асуулт 35', 'OACB квадратын AC талын дундаж цэг M ба AB диагональ OM хэрчимтэй P цэгт огтлолцдог. OP⃗-ийг a⃗, b⃗-ээр илэрхийл.', 35, NOW()),
('20200001-0036-0000-0000-000000000003', '20200000-0001-0000-0000-000000000003', 36, 'Асуулт 36', 'y = x² парабол y = a(x − 1) шулуунтай яг хоёр цэгээр огтлолцдог байх a-ийн бүх бодит тоон утгын олонлогийг ол.', 36, NOW()),
('20200002-0001-0000-0000-000000000003', '20200000-0002-0000-0000-000000000003', 1, 'Даалгавар 2.1', '48 периметртэй байшингийн суурь дүрслэгджээ. Тэгвэл суурийн талбай хамгийн ихдээ хэд байж болох вэ? (7 оноо)', 37, NOW()),
('20200002-0002-0000-0000-000000000003', '20200000-0002-0000-0000-000000000003', 2, 'Даалгавар 2.2', 'ABCD тэгш өнцөгт хэлбэртэй цөөрмийн D цэгт завьтай хүн байв. AD = 3км, AB = 6 км бол хамгийн бага хугацааг олоорой. (7 оноо)', 38, NOW()),
('20200002-0003-0000-0000-000000000003', '20200000-0002-0000-0000-000000000003', 3, 'Даалгавар 2.3', 'Бат амралтаараа арван кино үзсэн. Дундаж хугацаа ба стандарт хазайлтыг ол. (7 оноо)', 39, NOW()),
('20200002-0004-0000-0000-000000000003', '20200000-0002-0000-0000-000000000003', 4, 'Даалгавар 2.4', 'R = 6 радиустай тойрогт багтсан ABCDE таван өнцөгтийн талбайг ол. (7 оноо)', 40, NOW());

-- 4. Questions
INSERT INTO mock_test_questions (id, problem_id, question_number, question_text, explanation, points, order_index, created_at) VALUES
('20200001-0001-0001-0000-000000000003', '20200001-0001-0000-0000-000000000003', '1', '(1/6 − 1/7) · 42 утгыг олоорой.', '(1/6 − 1/7) · 42 = (7−6)/42 · 42 = 1', 1, 1, NOW()),
('20200001-0002-0001-0000-000000000003', '20200001-0002-0000-0000-000000000003', '2', 'A(1; 3) цэгийг y = x шулууны хувьд тэгш хэмтэй хувиргахад гарах дүрийн координатыг ол.', 'y = x шулууны хувьд (x, y) → (y, x), тиймээс (1, 3) → (3, 1)', 1, 1, NOW()),
('20200001-0003-0001-0000-000000000003', '20200001-0003-0000-0000-000000000003', '3', 'Тоглогчдын онооны моодыг ол.', 'Моод = хамгийн олон удаа давтагдсан утга. 1 ба 2 тус бүр 4 удаа', 1, 1, NOW()),
('20200001-0004-0001-0000-000000000003', '20200001-0004-0000-0000-000000000003', '4', 'y = 3x + 1 функцийн урвуу функцийг ол.', 'x = 3y + 1 → y = (x−1)/3', 1, 1, NOW()),
('20200001-0005-0001-0000-000000000003', '20200001-0005-0000-0000-000000000003', '5', 'Илэрхийллийг хялбарчил.', 'ab/(a+b) · (b²−a²)/(ab) = (b−a)(b+a)/(a+b) = b − a', 1, 1, NOW()),
('20200001-0006-0001-0000-000000000003', '20200001-0006-0000-0000-000000000003', '6', 'Будагдсан хэсгийг тодорхойл.', 'A ∩ B̅', 1, 1, NOW()),
('20200001-0007-0001-0000-000000000003', '20200001-0007-0000-0000-000000000003', '7', 'a₄ утгыг ол.', 'a₁=1, a₂=3, a₃=7, a₄=15', 1, 1, NOW()),
('20200001-0008-0001-0000-000000000003', '20200001-0008-0000-0000-000000000003', '8', 'y-ийн утгыг ол.', 'a⃗·b⃗ = −3 − y + 8 = 0 → y = 5', 1, 1, NOW()),
('20200001-0009-0001-0000-000000000003', '20200001-0009-0000-0000-000000000003', '9', 'f′(x)-ийг ол.', 'f′(x) = 6(3−x)⁵·(−1) = −6(3−x)⁵', 1, 1, NOW()),
('20200001-0010-0001-0000-000000000003', '20200001-0010-0000-0000-000000000003', '10', 'Илэрхийллийн утгыг ол.', '(3√3)^(4/3) = 3^(4/3)·3^(2/3) = 3² = 9', 1, 1, NOW()),
('20200001-0011-0001-0000-000000000003', '20200001-0011-0000-0000-000000000003', '11', '−a ба 1/b-г жиш.', '0 < −a < 1, 1/b > 1 тул −a < 1/b', 2, 1, NOW()),
('20200001-0012-0001-0000-000000000003', '20200001-0012-0000-0000-000000000003', '12', 'Функцийн дүрийг олоорой.', '[0; 1] ∪ [1; 3] = [0; 3]', 2, 1, NOW()),
('20200001-0013-0001-0000-000000000003', '20200001-0013-0000-0000-000000000003', '13', 'x·y үржвэрийг олоорой.', '5^x = 25, 3^y = 3 → x = 2, y = 1 → xy = 2', 2, 1, NOW()),
('20200001-0014-0001-0000-000000000003', '20200001-0014-0000-0000-000000000003', '14', 'Илэрхийллийг хялбарчлаарай.', '√(a·a) = a', 2, 1, NOW()),
('20200001-0015-0001-0000-000000000003', '20200001-0015-0000-0000-000000000003', '15', 'Шулууны тэгшитгэлийг бичээрэй.', 'Перпендикуляр налалт = −1/2, y = −(1/2)x', 2, 1, NOW()),
('20200001-0016-0001-0000-000000000003', '20200001-0016-0000-0000-000000000003', '16', 'Хэдэн шийдтэй вэ?', 'Шийдгүй', 2, 1, NOW()),
('20200001-0017-0001-0000-000000000003', '20200001-0017-0000-0000-000000000003', '17', 'sinx ба cosx-ийг жишээрэй.', '0° < x ≤ 45° үед sinx < cosx', 2, 1, NOW()),
('20200001-0018-0001-0000-000000000003', '20200001-0018-0000-0000-000000000003', '18', '4A⁻¹ + A-г ол.', 'det = 2, 4A⁻¹ + A = [[5, 0], [−3, 4]]', 2, 1, NOW()),
('20200001-0019-0001-0000-000000000003', '20200001-0019-0000-0000-000000000003', '19', 'x₁ + x₂ + x₃ хэд вэ?', 'Виетийн теорем: x₁ + x₂ + x₃ = −m = 2', 2, 1, NOW()),
('20200001-0020-0001-0000-000000000003', '20200001-0020-0000-0000-000000000003', '20', 'f(x) хамгийн бага утгаа авах x.', 'f′(x) = 0 болох x = 6 дээр f(x) хамгийн бага', 2, 1, NOW()),
('20200001-0021-0001-0000-000000000003', '20200001-0021-0000-0000-000000000003', '21', 'Интегралын утгыг ол.', '4 + 9 + 9 = 22', 2, 1, NOW()),
('20200001-0022-0001-0000-000000000003', '20200001-0022-0000-0000-000000000003', '22', 'Хэдийг зохиож болох вэ?', 'C(5,3) = 10', 2, 1, NOW()),
('20200001-0023-0001-0000-000000000003', '20200001-0023-0000-0000-000000000003', '23', 'AB талын уртыг ол.', 'ABK тэнгүй хажуут, ∠K = 90°, AB = 6', 2, 1, NOW()),
('20200001-0024-0001-0000-000000000003', '20200001-0024-0000-0000-000000000003', '24', 'Хамгийн том секторын өнцгийг ол.', 'a + 4a = 5a, S = 360°, 144°', 2, 1, NOW()),
('20200001-0025-0001-0000-000000000003', '20200001-0025-0000-0000-000000000003', '25', 'Харьцааг ол.', '∫x⁵dx : xy − ∫x⁵dx = 5:1', 2, 1, NOW()),
('20200001-0026-0001-0000-000000000003', '20200001-0026-0000-0000-000000000003', '26', 'Ямар хувиргалтыг тодорхойлох вэ?', 'тэнхлэгийн тэгш хэм (y = x)', 2, 1, NOW()),
('20200001-0027-0001-0000-000000000003', '20200001-0027-0000-0000-000000000003', '27', 'm-ийн хамгийн бага утгыг ол.', 'Оройн x = 1, тиймээс m = 1', 3, 1, NOW()),
('20200001-0028-0001-0000-000000000003', '20200001-0028-0000-0000-000000000003', '28', 'Коэффициентүүдийн нийлбэрийг ол.', 'P(x)/(x+1) = 3x² − x + 2, нийлбэр = 4', 3, 1, NOW()),
('20200001-0029-0001-0000-000000000003', '20200001-0029-0000-0000-000000000003', '29', 'a·b үржвэрийг олоорой.', 'a = 2, b = 2, ab = 4', 3, 1, NOW()),
('20200001-0030-0001-0000-000000000003', '20200001-0030-0000-0000-000000000003', '30', 'A + B + C-ийг олоорой.', 'A = −1, B = 1, C = 1, нийлбэр = 1', 3, 1, NOW()),
('20200001-0031-0001-0000-000000000003', '20200001-0031-0000-0000-000000000003', '31', 'C цэгийн координатыг олоорой.', 'A(1,3), E = (A+C)/2 → C = (12, 14)', 3, 1, NOW()),
('20200001-0032-0001-0000-000000000003', '20200001-0032-0000-0000-000000000003', '32', 'Арифметик дунджийг тооцоол.', '(6·4 + 10·8 + 4·11)/20 = 7.4', 3, 1, NOW()),
('20200001-0033-0001-0000-000000000003', '20200001-0033-0000-0000-000000000003', '33', 'Магадлалыг ол.', 'P = 16/45', 3, 1, NOW()),
('20200001-0034-0001-0000-000000000003', '20200001-0034-0000-0000-000000000003', '34', 'Хамгийн их утгыг ол.', 'V = πr²(9−r), V′ = 0 → r = 6, V = 108π', 3, 1, NOW()),
('20200001-0035-0001-0000-000000000003', '20200001-0035-0000-0000-000000000003', '35', 'OP⃗-ийг илэрхийл.', 'OP⃗ = (2a⃗ + b⃗)/3', 3, 1, NOW()),
('20200001-0036-0001-0000-000000000003', '20200001-0036-0000-0000-000000000003', '36', 'a-ийн утгын олонлогийг ол.', 'a < 0 эсвэл a > 4', 3, 1, NOW()),
('20200002-0001-0001-0000-000000000003', '20200002-0001-0000-0000-000000000003', '2.1', 'a, b, c, d, e, f, g утгуудыг олоорой.', 'C хувилбар: a=8, b=6, c=6, d=0, e=8, f=3, g=4 (түлхүүрээс)', 7, 1, NOW()),
('20200002-0002-0001-0000-000000000003', '20200002-0002-0000-0000-000000000003', '2.2', 'a, b, c, d, e, f, g утгуудыг олоорой.', 'C хувилбар: a=9, b=5, c=4, d=4, e=5, f=5, g=5 (түлхүүрээс)', 7, 1, NOW()),
('20200002-0003-0001-0000-000000000003', '20200002-0003-0000-0000-000000000003', '2.3', 'a, b, c, d, e, f, g утгуудыг олоорой.', 'C хувилбар: a=5, b=8, c=3, d=5, e=8, f=7, g=4 (түлхүүрээс)', 7, 1, NOW()),
('20200002-0004-0001-0000-000000000003', '20200002-0004-0000-0000-000000000003', '2.4', 'a, b, c, d, e, f, g утгуудыг олоорой.', 'C хувилбар: a=2, b=6, c=9, d=3, e=6, f=3, g=3 (түлхүүрээс)', 7, 1, NOW());

-- 5. Options - C хувилбар зөв хариултууд: B,C,D,E,C,B,A,A,E,D,C,B,D,A,E,D,A,C,B,D,A,E,D,C,C,C,E,C,D,C,A,E,D,B,E,D

-- Q1: B=1
INSERT INTO mock_test_options (id, question_id, option_text, is_correct, order_index, created_at) VALUES
('20200001-0001-0001-0001-000000000003', '20200001-0001-0001-0000-000000000003', '1/3', false, 0, NOW()),
('20200001-0001-0001-0002-000000000003', '20200001-0001-0001-0000-000000000003', '1', true, 1, NOW()),
('20200001-0001-0001-0003-000000000003', '20200001-0001-0001-0000-000000000003', '2', false, 2, NOW()),
('20200001-0001-0001-0004-000000000003', '20200001-0001-0001-0000-000000000003', '1/7', false, 3, NOW()),
('20200001-0001-0001-0005-000000000003', '20200001-0001-0001-0000-000000000003', '1/6', false, 4, NOW());

-- Q2: C=(3; 1)
INSERT INTO mock_test_options (id, question_id, option_text, is_correct, order_index, created_at) VALUES
('20200001-0002-0001-0001-000000000003', '20200001-0002-0001-0000-000000000003', '(−1; 3)', false, 0, NOW()),
('20200001-0002-0001-0002-000000000003', '20200001-0002-0001-0000-000000000003', '(3; −1)', false, 1, NOW()),
('20200001-0002-0001-0003-000000000003', '20200001-0002-0001-0000-000000000003', '(3; 1)', true, 2, NOW()),
('20200001-0002-0001-0004-000000000003', '20200001-0002-0001-0000-000000000003', '(−3; 1)', false, 3, NOW()),
('20200001-0002-0001-0005-000000000003', '20200001-0002-0001-0000-000000000003', '(−1; −3)', false, 4, NOW());

-- Q3: D=1 ба 2
INSERT INTO mock_test_options (id, question_id, option_text, is_correct, order_index, created_at) VALUES
('20200001-0003-0001-0001-000000000003', '20200001-0003-0001-0000-000000000003', '0', false, 0, NOW()),
('20200001-0003-0001-0002-000000000003', '20200001-0003-0001-0000-000000000003', '0 ба 1', false, 1, NOW()),
('20200001-0003-0001-0003-000000000003', '20200001-0003-0001-0000-000000000003', '2', false, 2, NOW()),
('20200001-0003-0001-0004-000000000003', '20200001-0003-0001-0000-000000000003', '1 ба 2', true, 3, NOW()),
('20200001-0003-0001-0005-000000000003', '20200001-0003-0001-0000-000000000003', '1', false, 4, NOW());

-- Q4: E=y=(x−1)/3
INSERT INTO mock_test_options (id, question_id, option_text, is_correct, order_index, created_at) VALUES
('20200001-0004-0001-0001-000000000003', '20200001-0004-0001-0000-000000000003', 'y = (x+1)/3', false, 0, NOW()),
('20200001-0004-0001-0002-000000000003', '20200001-0004-0001-0000-000000000003', 'y = 1/(3x+1)', false, 1, NOW()),
('20200001-0004-0001-0003-000000000003', '20200001-0004-0001-0000-000000000003', 'x = (y−1)/3', false, 2, NOW()),
('20200001-0004-0001-0004-000000000003', '20200001-0004-0001-0000-000000000003', 'y = 3x − 1', false, 3, NOW()),
('20200001-0004-0001-0005-000000000003', '20200001-0004-0001-0000-000000000003', 'y = (x−1)/3', true, 4, NOW());

-- Q5: C=b−a
INSERT INTO mock_test_options (id, question_id, option_text, is_correct, order_index, created_at) VALUES
('20200001-0005-0001-0001-000000000003', '20200001-0005-0001-0000-000000000003', 'a − b', false, 0, NOW()),
('20200001-0005-0001-0002-000000000003', '20200001-0005-0001-0000-000000000003', 'b + a', false, 1, NOW()),
('20200001-0005-0001-0003-000000000003', '20200001-0005-0001-0000-000000000003', 'b − a', true, 2, NOW()),
('20200001-0005-0001-0004-000000000003', '20200001-0005-0001-0000-000000000003', '1', false, 3, NOW()),
('20200001-0005-0001-0005-000000000003', '20200001-0005-0001-0000-000000000003', '1/(b−a)', false, 4, NOW());

-- Q6: B=A∩B̅
INSERT INTO mock_test_options (id, question_id, option_text, is_correct, order_index, created_at) VALUES
('20200001-0006-0001-0001-000000000003', '20200001-0006-0001-0000-000000000003', 'A ∪ B̅', false, 0, NOW()),
('20200001-0006-0001-0002-000000000003', '20200001-0006-0001-0000-000000000003', 'A ∩ B̅', true, 1, NOW()),
('20200001-0006-0001-0003-000000000003', '20200001-0006-0001-0000-000000000003', 'A̅ ∪ B', false, 2, NOW()),
('20200001-0006-0001-0004-000000000003', '20200001-0006-0001-0000-000000000003', 'A̅ ∩ B', false, 3, NOW()),
('20200001-0006-0001-0005-000000000003', '20200001-0006-0001-0000-000000000003', 'A ∪ B', false, 4, NOW());

-- Q7: A=15
INSERT INTO mock_test_options (id, question_id, option_text, is_correct, order_index, created_at) VALUES
('20200001-0007-0001-0001-000000000003', '20200001-0007-0001-0000-000000000003', '15', true, 0, NOW()),
('20200001-0007-0001-0002-000000000003', '20200001-0007-0001-0000-000000000003', '7', false, 1, NOW()),
('20200001-0007-0001-0003-000000000003', '20200001-0007-0001-0000-000000000003', '9', false, 2, NOW()),
('20200001-0007-0001-0004-000000000003', '20200001-0007-0001-0000-000000000003', '31', false, 3, NOW()),
('20200001-0007-0001-0005-000000000003', '20200001-0007-0001-0000-000000000003', '14', false, 4, NOW());

-- Q8: A=5
INSERT INTO mock_test_options (id, question_id, option_text, is_correct, order_index, created_at) VALUES
('20200001-0008-0001-0001-000000000003', '20200001-0008-0001-0000-000000000003', '5', true, 0, NOW()),
('20200001-0008-0001-0002-000000000003', '20200001-0008-0001-0000-000000000003', '−4', false, 1, NOW()),
('20200001-0008-0001-0003-000000000003', '20200001-0008-0001-0000-000000000003', '1', false, 2, NOW()),
('20200001-0008-0001-0004-000000000003', '20200001-0008-0001-0000-000000000003', '−5', false, 3, NOW()),
('20200001-0008-0001-0005-000000000003', '20200001-0008-0001-0000-000000000003', '4', false, 4, NOW());

-- Q9: E=−6(3−x)⁵
INSERT INTO mock_test_options (id, question_id, option_text, is_correct, order_index, created_at) VALUES
('20200001-0009-0001-0001-000000000003', '20200001-0009-0001-0000-000000000003', '−(3−x)⁷/7', false, 0, NOW()),
('20200001-0009-0001-0002-000000000003', '20200001-0009-0001-0000-000000000003', '6·(3−x)⁵', false, 1, NOW()),
('20200001-0009-0001-0003-000000000003', '20200001-0009-0001-0000-000000000003', '(3−x)⁷/7', false, 2, NOW()),
('20200001-0009-0001-0004-000000000003', '20200001-0009-0001-0000-000000000003', '−(3−x)⁵/6', false, 3, NOW()),
('20200001-0009-0001-0005-000000000003', '20200001-0009-0001-0000-000000000003', '−6·(3−x)⁵', true, 4, NOW());

-- Q10: D=9
INSERT INTO mock_test_options (id, question_id, option_text, is_correct, order_index, created_at) VALUES
('20200001-0010-0001-0001-000000000003', '20200001-0010-0001-0000-000000000003', '27', false, 0, NOW()),
('20200001-0010-0001-0002-000000000003', '20200001-0010-0001-0000-000000000003', '3', false, 1, NOW()),
('20200001-0010-0001-0003-000000000003', '20200001-0010-0001-0000-000000000003', '3√3', false, 2, NOW()),
('20200001-0010-0001-0004-000000000003', '20200001-0010-0001-0000-000000000003', '9', true, 3, NOW()),
('20200001-0010-0001-0005-000000000003', '20200001-0010-0001-0000-000000000003', '3^(1/3)', false, 4, NOW());

-- Q11: C=−a<1/b
INSERT INTO mock_test_options (id, question_id, option_text, is_correct, order_index, created_at) VALUES
('20200001-0011-0001-0001-000000000003', '20200001-0011-0001-0000-000000000003', '−a ≥ 1/b', false, 0, NOW()),
('20200001-0011-0001-0002-000000000003', '20200001-0011-0001-0000-000000000003', '−a > 1/b', false, 1, NOW()),
('20200001-0011-0001-0003-000000000003', '20200001-0011-0001-0000-000000000003', '−a < 1/b', true, 2, NOW()),
('20200001-0011-0001-0004-000000000003', '20200001-0011-0001-0000-000000000003', '−a = 1/b', false, 3, NOW()),
('20200001-0011-0001-0005-000000000003', '20200001-0011-0001-0000-000000000003', '−a ≤ 1/b', false, 4, NOW());

-- Q12: B=[0; 3]
INSERT INTO mock_test_options (id, question_id, option_text, is_correct, order_index, created_at) VALUES
('20200001-0012-0001-0001-000000000003', '20200001-0012-0001-0000-000000000003', '[0; 1[ ∪ ]1; 3]', false, 0, NOW()),
('20200001-0012-0001-0002-000000000003', '20200001-0012-0001-0000-000000000003', '[0; 3]', true, 1, NOW()),
('20200001-0012-0001-0003-000000000003', '20200001-0012-0001-0000-000000000003', '[0; 1]', false, 2, NOW()),
('20200001-0012-0001-0004-000000000003', '20200001-0012-0001-0000-000000000003', ']0; 3[', false, 3, NOW()),
('20200001-0012-0001-0005-000000000003', '20200001-0012-0001-0000-000000000003', ']1; 3]', false, 4, NOW());

-- Q13: D=2
INSERT INTO mock_test_options (id, question_id, option_text, is_correct, order_index, created_at) VALUES
('20200001-0013-0001-0001-000000000003', '20200001-0013-0001-0000-000000000003', '4', false, 0, NOW()),
('20200001-0013-0001-0002-000000000003', '20200001-0013-0001-0000-000000000003', '0.5', false, 1, NOW()),
('20200001-0013-0001-0003-000000000003', '20200001-0013-0001-0000-000000000003', '6', false, 2, NOW()),
('20200001-0013-0001-0004-000000000003', '20200001-0013-0001-0000-000000000003', '2', true, 3, NOW()),
('20200001-0013-0001-0005-000000000003', '20200001-0013-0001-0000-000000000003', '3', false, 4, NOW());

-- Q14: A=a
INSERT INTO mock_test_options (id, question_id, option_text, is_correct, order_index, created_at) VALUES
('20200001-0014-0001-0001-000000000003', '20200001-0014-0001-0000-000000000003', 'a', true, 0, NOW()),
('20200001-0014-0001-0002-000000000003', '20200001-0014-0001-0000-000000000003', 'a√2', false, 1, NOW()),
('20200001-0014-0001-0003-000000000003', '20200001-0014-0001-0000-000000000003', '−a', false, 2, NOW()),
('20200001-0014-0001-0004-000000000003', '20200001-0014-0001-0000-000000000003', 'b', false, 3, NOW()),
('20200001-0014-0001-0005-000000000003', '20200001-0014-0001-0000-000000000003', '√(ab)', false, 4, NOW());

-- Q15: E=y=−(1/2)x
INSERT INTO mock_test_options (id, question_id, option_text, is_correct, order_index, created_at) VALUES
('20200001-0015-0001-0001-000000000003', '20200001-0015-0001-0000-000000000003', 'y = 2x', false, 0, NOW()),
('20200001-0015-0001-0002-000000000003', '20200001-0015-0001-0000-000000000003', 'y = −2x', false, 1, NOW()),
('20200001-0015-0001-0003-000000000003', '20200001-0015-0001-0000-000000000003', 'y = (1/2)x', false, 2, NOW()),
('20200001-0015-0001-0004-000000000003', '20200001-0015-0001-0000-000000000003', 'y = (1/2)x + 1', false, 3, NOW()),
('20200001-0015-0001-0005-000000000003', '20200001-0015-0001-0000-000000000003', 'y = −(1/2)x', true, 4, NOW());

-- Q16: D=шийдгүй
INSERT INTO mock_test_options (id, question_id, option_text, is_correct, order_index, created_at) VALUES
('20200001-0016-0001-0001-000000000003', '20200001-0016-0001-0000-000000000003', '3 шийдтэй', false, 0, NOW()),
('20200001-0016-0001-0002-000000000003', '20200001-0016-0001-0000-000000000003', '1 шийдтэй', false, 1, NOW()),
('20200001-0016-0001-0003-000000000003', '20200001-0016-0001-0000-000000000003', '2 шийдтэй', false, 2, NOW()),
('20200001-0016-0001-0004-000000000003', '20200001-0016-0001-0000-000000000003', 'шийдгүй', true, 3, NOW()),
('20200001-0016-0001-0005-000000000003', '20200001-0016-0001-0000-000000000003', 'хязгааргүй олон шийдтэй', false, 4, NOW());

-- Q17: A=sinx<cosx
INSERT INTO mock_test_options (id, question_id, option_text, is_correct, order_index, created_at) VALUES
('20200001-0017-0001-0001-000000000003', '20200001-0017-0001-0000-000000000003', 'sinx < cosx', true, 0, NOW()),
('20200001-0017-0001-0002-000000000003', '20200001-0017-0001-0000-000000000003', 'sinx ≤ cosx', false, 1, NOW()),
('20200001-0017-0001-0003-000000000003', '20200001-0017-0001-0000-000000000003', 'sinx > cosx', false, 2, NOW()),
('20200001-0017-0001-0004-000000000003', '20200001-0017-0001-0000-000000000003', 'sinx ≥ cosx', false, 3, NOW()),
('20200001-0017-0001-0005-000000000003', '20200001-0017-0001-0000-000000000003', 'sinx = cosx', false, 4, NOW());

-- Q18: C=[[5, 0], [−3, 4]]
INSERT INTO mock_test_options (id, question_id, option_text, is_correct, order_index, created_at) VALUES
('20200001-0018-0001-0001-000000000003', '20200001-0018-0001-0000-000000000003', '[[1, 0], [−3, 0.5]]', false, 0, NOW()),
('20200001-0018-0001-0002-000000000003', '20200001-0018-0001-0000-000000000003', '[[10, 25], [10, 20]]', false, 1, NOW()),
('20200001-0018-0001-0003-000000000003', '20200001-0018-0001-0000-000000000003', '[[5, 0], [−3, 4]]', true, 2, NOW()),
('20200001-0018-0001-0004-000000000003', '20200001-0018-0001-0000-000000000003', '[[2, −1], [6, 4]]', false, 3, NOW()),
('20200001-0018-0001-0005-000000000003', '20200001-0018-0001-0000-000000000003', '[[5, −6], [3, 4]]', false, 4, NOW());

-- Q19: B=2
INSERT INTO mock_test_options (id, question_id, option_text, is_correct, order_index, created_at) VALUES
('20200001-0019-0001-0001-000000000003', '20200001-0019-0001-0000-000000000003', '3', false, 0, NOW()),
('20200001-0019-0001-0002-000000000003', '20200001-0019-0001-0000-000000000003', '2', true, 1, NOW()),
('20200001-0019-0001-0003-000000000003', '20200001-0019-0001-0000-000000000003', '−1', false, 2, NOW()),
('20200001-0019-0001-0004-000000000003', '20200001-0019-0001-0000-000000000003', '0', false, 3, NOW()),
('20200001-0019-0001-0005-000000000003', '20200001-0019-0001-0000-000000000003', '−2', false, 4, NOW());

-- Q20: D=x=6
INSERT INTO mock_test_options (id, question_id, option_text, is_correct, order_index, created_at) VALUES
('20200001-0020-0001-0001-000000000003', '20200001-0020-0001-0000-000000000003', 'x = 3', false, 0, NOW()),
('20200001-0020-0001-0002-000000000003', '20200001-0020-0001-0000-000000000003', 'x = −4', false, 1, NOW()),
('20200001-0020-0001-0003-000000000003', '20200001-0020-0001-0000-000000000003', 'x = −1', false, 2, NOW()),
('20200001-0020-0001-0004-000000000003', '20200001-0020-0001-0000-000000000003', 'x = 6', true, 3, NOW()),
('20200001-0020-0001-0005-000000000003', '20200001-0020-0001-0000-000000000003', 'x = 7', false, 4, NOW());

-- Q21: A=22
INSERT INTO mock_test_options (id, question_id, option_text, is_correct, order_index, created_at) VALUES
('20200001-0021-0001-0001-000000000003', '20200001-0021-0001-0000-000000000003', '23', false, 0, NOW()),
('20200001-0021-0001-0002-000000000003', '20200001-0021-0001-0000-000000000003', '17', false, 1, NOW()),
('20200001-0021-0001-0003-000000000003', '20200001-0021-0001-0000-000000000003', '14', false, 2, NOW()),
('20200001-0021-0001-0004-000000000003', '20200001-0021-0001-0000-000000000003', '33', false, 3, NOW()),
('20200001-0021-0001-0005-000000000003', '20200001-0021-0001-0000-000000000003', '22', true, 4, NOW());

-- Q22: E=10
INSERT INTO mock_test_options (id, question_id, option_text, is_correct, order_index, created_at) VALUES
('20200001-0022-0001-0001-000000000003', '20200001-0022-0001-0000-000000000003', '8', false, 0, NOW()),
('20200001-0022-0001-0002-000000000003', '20200001-0022-0001-0000-000000000003', '15', false, 1, NOW()),
('20200001-0022-0001-0003-000000000003', '20200001-0022-0001-0000-000000000003', '6', false, 2, NOW()),
('20200001-0022-0001-0004-000000000003', '20200001-0022-0001-0000-000000000003', '9', false, 3, NOW()),
('20200001-0022-0001-0005-000000000003', '20200001-0022-0001-0000-000000000003', '10', true, 4, NOW());

-- Q23: D=6
INSERT INTO mock_test_options (id, question_id, option_text, is_correct, order_index, created_at) VALUES
('20200001-0023-0001-0001-000000000003', '20200001-0023-0001-0000-000000000003', '9', false, 0, NOW()),
('20200001-0023-0001-0002-000000000003', '20200001-0023-0001-0000-000000000003', '2√3', false, 1, NOW()),
('20200001-0023-0001-0003-000000000003', '20200001-0023-0001-0000-000000000003', '3', false, 2, NOW()),
('20200001-0023-0001-0004-000000000003', '20200001-0023-0001-0000-000000000003', '6', true, 3, NOW()),
('20200001-0023-0001-0005-000000000003', '20200001-0023-0001-0000-000000000003', '12', false, 4, NOW());

-- Q24: C=144°
INSERT INTO mock_test_options (id, question_id, option_text, is_correct, order_index, created_at) VALUES
('20200001-0024-0001-0001-000000000003', '20200001-0024-0001-0000-000000000003', '72°', false, 0, NOW()),
('20200001-0024-0001-0002-000000000003', '20200001-0024-0001-0000-000000000003', '36°', false, 1, NOW()),
('20200001-0024-0001-0003-000000000003', '20200001-0024-0001-0000-000000000003', '144°', true, 2, NOW()),
('20200001-0024-0001-0004-000000000003', '20200001-0024-0001-0000-000000000003', '180°', false, 3, NOW()),
('20200001-0024-0001-0005-000000000003', '20200001-0024-0001-0000-000000000003', '108°', false, 4, NOW());

-- Q25: C=5:1
INSERT INTO mock_test_options (id, question_id, option_text, is_correct, order_index, created_at) VALUES
('20200001-0025-0001-0001-000000000003', '20200001-0025-0001-0000-000000000003', '4:5', false, 0, NOW()),
('20200001-0025-0001-0002-000000000003', '20200001-0025-0001-0000-000000000003', '5:6', false, 1, NOW()),
('20200001-0025-0001-0003-000000000003', '20200001-0025-0001-0000-000000000003', '5:1', true, 2, NOW()),
('20200001-0025-0001-0004-000000000003', '20200001-0025-0001-0000-000000000003', '6:1', false, 3, NOW()),
('20200001-0025-0001-0005-000000000003', '20200001-0025-0001-0000-000000000003', '1:2', false, 4, NOW());

-- Q26: C=тэнхлэгийн тэгш хэм
INSERT INTO mock_test_options (id, question_id, option_text, is_correct, order_index, created_at) VALUES
('20200001-0026-0001-0001-000000000003', '20200001-0026-0001-0000-000000000003', 'эргүүлэлт', false, 0, NOW()),
('20200001-0026-0001-0002-000000000003', '20200001-0026-0001-0000-000000000003', 'гомотет', false, 1, NOW()),
('20200001-0026-0001-0003-000000000003', '20200001-0026-0001-0000-000000000003', 'тэнхлэгийн тэгш хэм', true, 2, NOW()),
('20200001-0026-0001-0004-000000000003', '20200001-0026-0001-0000-000000000003', 'төвийн тэгш хэм', false, 3, NOW()),
('20200001-0026-0001-0005-000000000003', '20200001-0026-0001-0000-000000000003', 'параллел зөөлт', false, 4, NOW());

-- Q27: E=1
INSERT INTO mock_test_options (id, question_id, option_text, is_correct, order_index, created_at) VALUES
('20200001-0027-0001-0001-000000000003', '20200001-0027-0001-0000-000000000003', '1/3', false, 0, NOW()),
('20200001-0027-0001-0002-000000000003', '20200001-0027-0001-0000-000000000003', '−1', false, 1, NOW()),
('20200001-0027-0001-0003-000000000003', '20200001-0027-0001-0000-000000000003', '2', false, 2, NOW()),
('20200001-0027-0001-0004-000000000003', '20200001-0027-0001-0000-000000000003', '3', false, 3, NOW()),
('20200001-0027-0001-0005-000000000003', '20200001-0027-0001-0000-000000000003', '1', true, 4, NOW());

-- Q28: C=4
INSERT INTO mock_test_options (id, question_id, option_text, is_correct, order_index, created_at) VALUES
('20200001-0028-0001-0001-000000000003', '20200001-0028-0001-0000-000000000003', '3', false, 0, NOW()),
('20200001-0028-0001-0002-000000000003', '20200001-0028-0001-0000-000000000003', '6', false, 1, NOW()),
('20200001-0028-0001-0003-000000000003', '20200001-0028-0001-0000-000000000003', '4', true, 2, NOW()),
('20200001-0028-0001-0004-000000000003', '20200001-0028-0001-0000-000000000003', '−1', false, 3, NOW()),
('20200001-0028-0001-0005-000000000003', '20200001-0028-0001-0000-000000000003', '5', false, 4, NOW());

-- Q29: D=4
INSERT INTO mock_test_options (id, question_id, option_text, is_correct, order_index, created_at) VALUES
('20200001-0029-0001-0001-000000000003', '20200001-0029-0001-0000-000000000003', '2', false, 0, NOW()),
('20200001-0029-0001-0002-000000000003', '20200001-0029-0001-0000-000000000003', '1', false, 1, NOW()),
('20200001-0029-0001-0003-000000000003', '20200001-0029-0001-0000-000000000003', '8', false, 2, NOW()),
('20200001-0029-0001-0004-000000000003', '20200001-0029-0001-0000-000000000003', '4', true, 3, NOW()),
('20200001-0029-0001-0005-000000000003', '20200001-0029-0001-0000-000000000003', '−4', false, 4, NOW());

-- Q30: C=1
INSERT INTO mock_test_options (id, question_id, option_text, is_correct, order_index, created_at) VALUES
('20200001-0030-0001-0001-000000000003', '20200001-0030-0001-0000-000000000003', '3', false, 0, NOW()),
('20200001-0030-0001-0002-000000000003', '20200001-0030-0001-0000-000000000003', '4', false, 1, NOW()),
('20200001-0030-0001-0003-000000000003', '20200001-0030-0001-0000-000000000003', '1', true, 2, NOW()),
('20200001-0030-0001-0004-000000000003', '20200001-0030-0001-0000-000000000003', '2', false, 3, NOW()),
('20200001-0030-0001-0005-000000000003', '20200001-0030-0001-0000-000000000003', '−2', false, 4, NOW());

-- Q31: A=(12; 14)
INSERT INTO mock_test_options (id, question_id, option_text, is_correct, order_index, created_at) VALUES
('20200001-0031-0001-0001-000000000003', '20200001-0031-0001-0000-000000000003', '(12; 14)', true, 0, NOW()),
('20200001-0031-0001-0002-000000000003', '20200001-0031-0001-0000-000000000003', '(1; 3)', false, 1, NOW()),
('20200001-0031-0001-0003-000000000003', '20200001-0031-0001-0000-000000000003', '(6; 8)', false, 2, NOW()),
('20200001-0031-0001-0004-000000000003', '20200001-0031-0001-0000-000000000003', '(13; 17)', false, 3, NOW()),
('20200001-0031-0001-0005-000000000003', '20200001-0031-0001-0000-000000000003', '(8; 10)', false, 4, NOW());

-- Q32: E=7.4
INSERT INTO mock_test_options (id, question_id, option_text, is_correct, order_index, created_at) VALUES
('20200001-0032-0001-0001-000000000003', '20200001-0032-0001-0000-000000000003', '7', false, 0, NOW()),
('20200001-0032-0001-0002-000000000003', '20200001-0032-0001-0000-000000000003', '6.1', false, 1, NOW()),
('20200001-0032-0001-0003-000000000003', '20200001-0032-0001-0000-000000000003', '7.1', false, 2, NOW()),
('20200001-0032-0001-0004-000000000003', '20200001-0032-0001-0000-000000000003', '8.7', false, 3, NOW()),
('20200001-0032-0001-0005-000000000003', '20200001-0032-0001-0000-000000000003', '7.4', true, 4, NOW());

-- Q33: D=16/45
INSERT INTO mock_test_options (id, question_id, option_text, is_correct, order_index, created_at) VALUES
('20200001-0033-0001-0001-000000000003', '20200001-0033-0001-0000-000000000003', '2/9', false, 0, NOW()),
('20200001-0033-0001-0002-000000000003', '20200001-0033-0001-0000-000000000003', '39/45', false, 1, NOW()),
('20200001-0033-0001-0003-000000000003', '20200001-0033-0001-0000-000000000003', '8/45', false, 2, NOW()),
('20200001-0033-0001-0004-000000000003', '20200001-0033-0001-0000-000000000003', '16/45', true, 3, NOW()),
('20200001-0033-0001-0005-000000000003', '20200001-0033-0001-0000-000000000003', '14/45', false, 4, NOW());

-- Q34: B=108π
INSERT INTO mock_test_options (id, question_id, option_text, is_correct, order_index, created_at) VALUES
('20200001-0034-0001-0001-000000000003', '20200001-0034-0001-0000-000000000003', '0', false, 0, NOW()),
('20200001-0034-0001-0002-000000000003', '20200001-0034-0001-0000-000000000003', '108π', true, 1, NOW()),
('20200001-0034-0001-0003-000000000003', '20200001-0034-0001-0000-000000000003', '144π', false, 2, NOW()),
('20200001-0034-0001-0004-000000000003', '20200001-0034-0001-0000-000000000003', '64π', false, 3, NOW()),
('20200001-0034-0001-0005-000000000003', '20200001-0034-0001-0000-000000000003', '48π', false, 4, NOW());

-- Q35: E=(2a⃗+b⃗)/3
INSERT INTO mock_test_options (id, question_id, option_text, is_correct, order_index, created_at) VALUES
('20200001-0035-0001-0001-000000000003', '20200001-0035-0001-0000-000000000003', 'a⃗ + b⃗', false, 0, NOW()),
('20200001-0035-0001-0002-000000000003', '20200001-0035-0001-0000-000000000003', '(2a⃗ + b⃗)/2', false, 1, NOW()),
('20200001-0035-0001-0003-000000000003', '20200001-0035-0001-0000-000000000003', '(a⃗ + 2b⃗)/3', false, 2, NOW()),
('20200001-0035-0001-0004-000000000003', '20200001-0035-0001-0000-000000000003', '(a⃗ + 2b⃗)/2', false, 3, NOW()),
('20200001-0035-0001-0005-000000000003', '20200001-0035-0001-0000-000000000003', '(2a⃗ + b⃗)/3', true, 4, NOW());

-- Q36: D=]−∞; 0[ ∪ ]4; ∞[
INSERT INTO mock_test_options (id, question_id, option_text, is_correct, order_index, created_at) VALUES
('20200001-0036-0001-0001-000000000003', '20200001-0036-0001-0000-000000000003', ']−∞; 0] ∪ [4; ∞[', false, 0, NOW()),
('20200001-0036-0001-0002-000000000003', '20200001-0036-0001-0000-000000000003', ']−∞; −4] ∪ [0; ∞[', false, 1, NOW()),
('20200001-0036-0001-0003-000000000003', '20200001-0036-0001-0000-000000000003', '[0; 4]', false, 2, NOW()),
('20200001-0036-0001-0004-000000000003', '20200001-0036-0001-0000-000000000003', ']−∞; 0[ ∪ ]4; ∞[', true, 3, NOW()),
('20200001-0036-0001-0005-000000000003', '20200001-0036-0001-0000-000000000003', ']−∞; −4[ ∪ ]0; ∞[', false, 4, NOW());

-- =====================================================
-- SUMMARY
-- =====================================================
-- ЭЕШ 2020 Математик C хувилбар
-- Нийт: 100 оноо (72 сонгох + 28 нөхөх)
-- 
-- C хувилбар зөв хариултууд (1-36):
-- B, C, D, E, C, B, A, A, E, D, C, B, D, A, E, D, A, C, B, D, A, E, D, C, C, C, E, C, D, C, A, E, D, B, E, D
--
-- Нөхөх даалгаврын хариултууд (түлхүүрээс C хувилбар):
-- 2.1: a=8, b=6, c=6, d=0, e=8, f=3, g=4
-- 2.2: a=9, b=5, c=4, d=4, e=5, f=5, g=5
-- 2.3: a=5, b=8, c=3, d=5, e=8, f=7, g=4
-- 2.4: a=2, b=6, c=9, d=3, e=6, f=3, g=3
-- =====================================================
