-- =====================================================
-- ЭЕШ 2020 Математик B Хувилбар - Supabase Seed Data
-- =====================================================
-- Нийт: 36 сонгох даалгавар (72 оноо) + 4 нөхөх даалгавар (28 оноо) = 100 оноо
-- B хувилбар зөв хариултууд: C,B,D,A,C,E,A,D,C,B,D,C,E,A,E,D,C,B,D,C,B,D,A,E,D,C,E,A,D,B,E,A,D,E,A,D
-- =====================================================

-- 1. Mock Test
INSERT INTO mock_tests (
    id,
    title,
    description,
    time_limit_minutes,
    total_questions,
    is_published,
    category
) VALUES (
    '20200000-0000-0000-0000-000000000002',
    'ЭЕШ 2020 Математик Хувилбар B',
    'Элсэлтийн ерөнхий шалгалт 2020 оны Математикийн хичээлийн Хувилбар B. Нэгдүгээр хэсэг: 36 сонгох даалгавар (72 оноо). Хоёрдугаар хэсэг: 4 нөхөх даалгавар (28 оноо). Нийт 100 оноо.',
    180,
    40,
    true,
    'math'
);

-- 2. Sections
INSERT INTO mock_test_sections (id, mock_test_id, subject, title, order_index, created_at) VALUES 
('20200000-0001-0000-0000-000000000002', '20200000-0000-0000-0000-000000000002', 'math', 'Нэгдүгээр хэсэг - Сонгох даалгавар', 1, NOW()),
('20200000-0002-0000-0000-000000000002', '20200000-0000-0000-0000-000000000002', 'math', 'Хоёрдугаар хэсэг - Нөхөх даалгавар', 2, NOW());

-- 3. Problems (36 сонгох + 4 нөхөх)
INSERT INTO mock_test_problems (id, section_id, problem_number, title, context, order_index, created_at) VALUES
-- 1 оноотой (1-10)
('20200001-0001-0000-0000-000000000002', '20200000-0001-0000-0000-000000000002', 1, 'Асуулт 1', 'Утгыг олоорой: (1/7 − 1/8) · 56 =', 1, NOW()),
('20200001-0002-0000-0000-000000000002', '20200000-0001-0000-0000-000000000002', 2, 'Асуулт 2', 'A(1; 3) цэгийг y = x шулууны хувьд тэгш хэмтэй хувиргахад гарах дүрийн координатыг ол.', 2, NOW()),
('20200001-0003-0000-0000-000000000002', '20200000-0001-0000-0000-000000000002', 3, 'Асуулт 3', 'Хоккейн багийн 15 тоглогчийн авсан оноог дор харуулсан бол тоглогчдын онооны моодыг ол. 1,0,2,4,0,1,1,1,2,5,3,0,4,0,2', 3, NOW()),
('20200001-0004-0000-0000-000000000002', '20200000-0001-0000-0000-000000000002', 4, 'Асуулт 4', 'y = 3x + 1 функцийн урвуу функц аль нь вэ?', 4, NOW()),
('20200001-0005-0000-0000-000000000002', '20200000-0001-0000-0000-000000000002', 5, 'Асуулт 5', 'ab/(b−a) · (b/a − a/b) илэрхийллийг хялбарчил.', 5, NOW()),
('20200001-0006-0000-0000-000000000002', '20200000-0001-0000-0000-000000000002', 6, 'Асуулт 6', 'Зурагт дүрслэгдсэн олонлогийн будагдсан хэсгийг тодорхойл.', 6, NOW()),
('20200001-0007-0000-0000-000000000002', '20200000-0001-0000-0000-000000000002', 7, 'Асуулт 7', 'aₙ₊₁ = 2aₙ + 3 дарааллын a₁ = 1 бол a₄ хэд вэ?', 7, NOW()),
('20200001-0008-0000-0000-000000000002', '20200000-0001-0000-0000-000000000002', 8, 'Асуулт 8', 'a⃗(3; −1; 2), b⃗(−1; y; 4) ба a⃗, b⃗ векторууд перпендикуляр бол y-ийн утгыг ол.', 8, NOW()),
('20200001-0009-0000-0000-000000000002', '20200000-0001-0000-0000-000000000002', 9, 'Асуулт 9', 'f(x) = (4 − x)⁵ бол f′(x)-ийг ол.', 9, NOW()),
('20200001-0010-0000-0000-000000000002', '20200000-0001-0000-0000-000000000002', 10, 'Асуулт 10', '(7√3 − 4√3)^(4/3) илэрхийллийн утга аль вэ?', 10, NOW()),
-- 2 оноотой (11-24)
('20200001-0011-0000-0000-000000000002', '20200000-0001-0000-0000-000000000002', 11, 'Асуулт 11', '−1 < a < 0 ба 0 < b < 1 бол 1/a ба −b-г жиш.', 11, NOW()),
('20200001-0012-0000-0000-000000000002', '20200000-0001-0000-0000-000000000002', 12, 'Асуулт 12', 'f(x) = {x², 0≤x≤1; (1/2)x+(1/2), 1≤x≤5} функцийн дүрийг олоорой.', 12, NOW()),
('20200001-0013-0000-0000-000000000002', '20200000-0001-0000-0000-000000000002', 13, 'Асуулт 13', '{2^x + 3^y = 19, 2^x − 3^y = 13} бол x·y үржвэрийг олоорой.', 13, NOW()),
('20200001-0014-0000-0000-000000000002', '20200000-0001-0000-0000-000000000002', 14, 'Асуулт 14', '√(a(√(a+b) + √b)(√(a+b) − √b)) илэрхийллийг хялбарчлаарай. Энд 0 ≤ a ≤ b', 14, NOW()),
('20200001-0015-0000-0000-000000000002', '20200000-0001-0000-0000-000000000002', 15, 'Асуулт 15', 'y = 3x + 1 шулуунтай перпендикуляр бөгөөд координатын эхийг дайрсан шулууны тэгшитгэлийг бичээрэй.', 15, NOW()),
('20200001-0016-0000-0000-000000000002', '20200000-0001-0000-0000-000000000002', 16, 'Асуулт 16', '|x − 1| = |x − 2| + 2 тэгшитгэл хэдэн шийдтэй вэ?', 16, NOW()),
('20200001-0017-0000-0000-000000000002', '20200000-0001-0000-0000-000000000002', 17, 'Асуулт 17', '45° < x ≤ 90° бол sinx ба cosx-ийг жишээрэй.', 17, NOW()),
('20200001-0018-0000-0000-000000000002', '20200000-0001-0000-0000-000000000002', 18, 'Асуулт 18', 'A = [[1, 0], [3, 2]] бол 4A⁻¹ + A-г ол.', 18, NOW()),
('20200001-0019-0000-0000-000000000002', '20200000-0001-0000-0000-000000000002', 19, 'Асуулт 19', 'f(x) = x³ + mx² − x + 3 олон гишүүнтийн язгуурууд нь x₁ = 3; x₂; x₃ бол x₁ + x₂ + x₃ хэд вэ?', 19, NOW()),
('20200001-0020-0000-0000-000000000002', '20200000-0001-0000-0000-000000000002', 20, 'Асуулт 20', 'Зураг дээр f(x) функцийн уламжлал болох f′(x) функцийн график [−4; 7] завсарт өгөв. Энэ завсарын ямар утганд f(x) функц хамгийн бага утгаа авах вэ?', 20, NOW()),
('20200001-0021-0000-0000-000000000002', '20200000-0001-0000-0000-000000000002', 21, 'Асуулт 21', 'Хэрэв ∫₀³f(x)dx = 4 бол ∫₀³(f(x) + 4x + 1)dx-ийн утгыг ол.', 21, NOW()),
('20200001-0022-0000-0000-000000000002', '20200000-0001-0000-0000-000000000002', 22, 'Асуулт 22', '4,5,6,7,8 гэсэн дугаартай таван картыг хэрэглэн цифрүүд нь өсөх гурван оронтой тоо хэдийг зохиож болох вэ?', 22, NOW()),
('20200001-0023-0000-0000-000000000002', '20200000-0001-0000-0000-000000000002', 23, 'Асуулт 23', 'AD, BC суурьтай ABCD трапецийн A ба B оройн биссектрисүүдийн огтлолцлын цэг K байв. ABK гурвалжныг багтаасан тойргийн радиус R = 5 бол AB талын уртыг ол.', 23, NOW()),
('20200001-0024-0000-0000-000000000002', '20200000-0001-0000-0000-000000000002', 24, 'Асуулт 24', 'Дугуйг өнцгүүд нь арифметик прогресс үүсгэдэг байхаар дөрвөн секторт хуваажээ. Хэрэв хамгийн том секторын өнцөг нь хамгийн бага секторын өнцгөөс 4 дахин их бол хамгийн том секторын өнцгийг ол.', 24, NOW()),
-- 2 оноотой үргэлжлэл (25-27)
('20200001-0025-0000-0000-000000000002', '20200000-0001-0000-0000-000000000002', 25, 'Асуулт 25', 'y = x⁶ функцийн график дээр орших P цэгийн Ox, Oy тэнхлэгт буулгасан перпендикуляр суурь харгалзан A, B бол OAPB тэгш өнцөгтийн талбайг y = x⁶ функцийн график ямар харьцаагаар хуваах вэ?', 25, NOW()),
('20200001-0026-0000-0000-000000000002', '20200000-0001-0000-0000-000000000002', 26, 'Асуулт 26', '[[0, 1], [1, 0]] матриц ямар хувиргалтыг тодорхойлох вэ?', 26, NOW()),
('20200001-0027-0000-0000-000000000002', '20200000-0001-0000-0000-000000000002', 27, 'Асуулт 27', 'x ≥ m үед f(x) = 3x² + 6x − 1 гэж тодорхойлогдсон функц харилцан нэгэн утгатай бол m-ийн хамгийн бага утгыг олоорой.', 27, NOW()),
-- 3 оноотой (28-36)
('20200001-0028-0000-0000-000000000002', '20200000-0001-0000-0000-000000000002', 28, 'Асуулт 28', 'Q(x) = x + 1 олон гишүүнт нь P(x) = 3x³ + 2x² + x + 2 олон гишүүнтийг хуваадаг бол ноогдвор олон гишүүнтийн коэффициентүүдийн нийлбэрийг ол.', 28, NOW()),
('20200001-0029-0000-0000-000000000002', '20200000-0001-0000-0000-000000000002', 29, 'Асуулт 29', 'Зурагт y = a + bcosx функцийн график өгөгджээ. Зураг ашиглан a·b үржвэрийг олоорой.', 29, NOW()),
('20200001-0030-0000-0000-000000000002', '20200000-0001-0000-0000-000000000002', 30, 'Асуулт 30', '(2x+1)/(x²(x+1)) = A/x + B/x² + C/(x+1) бол A + B + C-ийг олоорой.', 30, NOW()),
('20200001-0031-0000-0000-000000000002', '20200000-0001-0000-0000-000000000002', 31, 'Асуулт 31', 'ABCD параллелограммын AB тал y = 3x + 1 тэгшитгэлтэй, AD тал нь 4y = x + 15 тэгшитгэлтэй. AC ба BD диагоналиудын нь E(6.5; 7.5) цэгт огтлолцдог бол C цэгийн координатыг олоорой.', 31, NOW()),
('20200001-0032-0000-0000-000000000002', '20200000-0001-0000-0000-000000000002', 32, 'Асуулт 32', '20 сурагч нэгэн геометрийн бодлого боджээ. Тэдний зарцуулсан хугацааг бүлэглэсэн давтамжийн хүснэгтээр харуулав. Сурагчдын уг бодлогыг бодсон хугацааны арифметик дунджийг тооцоолоорой.', 32, NOW()),
('20200001-0033-0000-0000-000000000002', '20200000-0001-0000-0000-000000000002', 33, 'Асуулт 33', 'A хайрцагт 2, 5, 7, 9 дугаартай дөрвөн бөмбөг, B хайрцагт 1, 3, 6, 9, 9 дугаартай таван бөмбөг, C хайрцагт 9, 8, 9, 9, 9 дугаартай таван бөмбөг байв. Яг хоёр бөмбөг нь ижил дугаартай байх магадлалыг ол.', 33, NOW()),
('20200001-0034-0000-0000-000000000002', '20200000-0001-0000-0000-000000000002', 34, 'Асуулт 34', 'r + h = 9 байх радиустай, h өндөртэй цилиндрийн эзэлхүүн хамгийн их утгыг ол. (V = πr²h)', 34, NOW()),
('20200001-0035-0000-0000-000000000002', '20200000-0001-0000-0000-000000000002', 35, 'Асуулт 35', 'OACB квадратын AC талын дундаж цэг M ба AB диагональ OM хэрчимтэй P цэгт огтлолцдог. Хэрэв OA⃗ = a⃗, OB⃗ = b⃗ бол PM⃗-ийг a⃗, b⃗-ээр илэрхийл.', 35, NOW()),
('20200001-0036-0000-0000-000000000002', '20200000-0001-0000-0000-000000000002', 36, 'Асуулт 36', 'y = x² парабол y = a(x − 1) шулуунтай яг хоёр цэгээр огтлолцдог байх a-ийн бүх бодит тоон утгын олонлогийг ол.', 36, NOW()),
-- Нөхөх даалгаврууд (2.1-2.4)
('20200002-0001-0000-0000-000000000002', '20200000-0002-0000-0000-000000000002', 1, 'Даалгавар 2.1', '32 периметртэй байшингийн суурь дүрслэгджээ. Тэгвэл суурийн талбай хамгийн ихдээ хэд байж болох вэ? (7 оноо)', 37, NOW()),
('20200002-0002-0000-0000-000000000002', '20200000-0002-0000-0000-000000000002', 2, 'Даалгавар 2.2', 'ABCD тэгш өнцөгт хэлбэртэй цөөрмийн D цэгт завьтай хүн байв. AD = 3км, AB = 6 км бол хамгийн бага хугацааг олоорой. (7 оноо)', 38, NOW()),
('20200002-0003-0000-0000-000000000002', '20200000-0002-0000-0000-000000000002', 3, 'Даалгавар 2.3', 'Дорж амралтаараа арван кино үзсэн. Дундаж хугацаа ба стандарт хазайлтыг ол. (7 оноо)', 39, NOW()),
('20200002-0004-0000-0000-000000000002', '20200000-0002-0000-0000-000000000002', 4, 'Даалгавар 2.4', 'R = 6 радиустай тойрогт багтсан ABCDE таван өнцөгтийн талбайг ол. (7 оноо)', 40, NOW());

-- 4. Questions
INSERT INTO mock_test_questions (id, problem_id, question_number, question_text, explanation, points, order_index, created_at) VALUES
('20200001-0001-0001-0000-000000000002', '20200001-0001-0000-0000-000000000002', '1', '(1/7 − 1/8) · 56 утгыг олоорой.', '(1/7 − 1/8) · 56 = (8−7)/56 · 56 = 1', 1, 1, NOW()),
('20200001-0002-0001-0000-000000000002', '20200001-0002-0000-0000-000000000002', '2', 'A(1; 3) цэгийг y = x шулууны хувьд тэгш хэмтэй хувиргахад гарах дүрийн координатыг ол.', 'y = x шулууны хувьд (x, y) → (y, x), тиймээс (1, 3) → (3, 1)', 1, 1, NOW()),
('20200001-0003-0001-0000-000000000002', '20200001-0003-0000-0000-000000000002', '3', 'Тоглогчдын онооны моодыг ол.', 'Моод = хамгийн олон удаа давтагдсан утга. 0 ба 1 тус бүр 4 удаа', 1, 1, NOW()),
('20200001-0004-0001-0000-000000000002', '20200001-0004-0000-0000-000000000002', '4', 'y = 3x + 1 функцийн урвуу функцийг ол.', 'x = 3y + 1 → y = (x−1)/3', 1, 1, NOW()),
('20200001-0005-0001-0000-000000000002', '20200001-0005-0000-0000-000000000002', '5', 'Илэрхийллийг хялбарчил.', 'ab/(b−a) · (b²−a²)/(ab) = (b+a)(b−a)/(b−a) = b + a', 1, 1, NOW()),
('20200001-0006-0001-0000-000000000002', '20200001-0006-0000-0000-000000000002', '6', 'Будагдсан хэсгийг тодорхойл.', 'A ∩ B̅', 1, 1, NOW()),
('20200001-0007-0001-0000-000000000002', '20200001-0007-0000-0000-000000000002', '7', 'a₄ утгыг ол.', 'a₁=1, a₂=5, a₃=13, a₄=29', 1, 1, NOW()),
('20200001-0008-0001-0000-000000000002', '20200001-0008-0000-0000-000000000002', '8', 'y-ийн утгыг ол.', 'a⃗·b⃗ = −3 − y + 8 = 0 → y = 5', 1, 1, NOW()),
('20200001-0009-0001-0000-000000000002', '20200001-0009-0000-0000-000000000002', '9', 'f′(x)-ийг ол.', 'f′(x) = 5(4−x)⁴·(−1) = −5(4−x)⁴', 1, 1, NOW()),
('20200001-0010-0001-0000-000000000002', '20200001-0010-0000-0000-000000000002', '10', 'Илэрхийллийн утгыг ол.', '(3√3)^(4/3) = 3^(4/3)·3^(2/3) = 3² = 9', 1, 1, NOW()),
('20200001-0011-0001-0000-000000000002', '20200001-0011-0000-0000-000000000002', '11', '1/a ба −b-г жиш.', '1/a < −1, 0 < −b < 1 тул 1/a < −b', 2, 1, NOW()),
('20200001-0012-0001-0000-000000000002', '20200001-0012-0000-0000-000000000002', '12', 'Функцийн дүрийг олоорой.', '[0; 1] ∪ [1; 3] = [0; 3]', 2, 1, NOW()),
('20200001-0013-0001-0000-000000000002', '20200001-0013-0000-0000-000000000002', '13', 'x·y үржвэрийг олоорой.', '2^x = 16, 3^y = 3 → x = 4, y = 1 → xy = 4', 2, 1, NOW()),
('20200001-0014-0001-0000-000000000002', '20200001-0014-0000-0000-000000000002', '14', 'Илэрхийллийг хялбарчлаарай.', '√(a·a) = a', 2, 1, NOW()),
('20200001-0015-0001-0000-000000000002', '20200001-0015-0000-0000-000000000002', '15', 'Шулууны тэгшитгэлийг бичээрэй.', 'Перпендикуляр налалт = −1/3, y = −(1/3)x', 2, 1, NOW()),
('20200001-0016-0001-0000-000000000002', '20200001-0016-0000-0000-000000000002', '16', 'Хэдэн шийдтэй вэ?', 'Шийдгүй', 2, 1, NOW()),
('20200001-0017-0001-0000-000000000002', '20200001-0017-0000-0000-000000000002', '17', 'sinx ба cosx-ийг жишээрэй.', '45° < x ≤ 90° үед sinx > cosx', 2, 1, NOW()),
('20200001-0018-0001-0000-000000000002', '20200001-0018-0000-0000-000000000002', '18', '4A⁻¹ + A-г ол.', 'det = 2, A⁻¹ = [[1, 0], [−1.5, 0.5]], 4A⁻¹ + A = [[5, 0], [−3, 4]]', 2, 1, NOW()),
('20200001-0019-0001-0000-000000000002', '20200001-0019-0000-0000-000000000002', '19', 'x₁ + x₂ + x₃ хэд вэ?', 'Виетийн теорем: x₁ + x₂ + x₃ = −m = 3', 2, 1, NOW()),
('20200001-0020-0001-0000-000000000002', '20200001-0020-0000-0000-000000000002', '20', 'f(x) хамгийн бага утгаа авах x.', 'f′(x) = 0 болох x = 6 дээр f(x) хамгийн бага', 2, 1, NOW()),
('20200001-0021-0001-0000-000000000002', '20200001-0021-0000-0000-000000000002', '21', 'Интегралын утгыг ол.', '4 + 18 + 3 = 25', 2, 1, NOW()),
('20200001-0022-0001-0000-000000000002', '20200001-0022-0000-0000-000000000002', '22', 'Хэдийг зохиож болох вэ?', 'C(5,3) = 10', 2, 1, NOW()),
('20200001-0023-0001-0000-000000000002', '20200001-0023-0000-0000-000000000002', '23', 'AB талын уртыг ол.', 'ABK тэнгүй хажуут, ∠K = 90°, AB = 10', 2, 1, NOW()),
('20200001-0024-0001-0000-000000000002', '20200001-0024-0000-0000-000000000002', '24', 'Хамгийн том секторын өнцгийг ол.', 'a + 4a = 5a, S = 360°, a = 36°×2 = 144°', 2, 1, NOW()),
('20200001-0025-0001-0000-000000000002', '20200001-0025-0000-0000-000000000002', '25', 'Харьцааг ол.', '∫x⁶dx : xy − ∫x⁶dx = 6:1', 2, 1, NOW()),
('20200001-0026-0001-0000-000000000002', '20200001-0026-0000-0000-000000000002', '26', 'Ямар хувиргалтыг тодорхойлох вэ?', 'тэнхлэгийн тэгш хэм (y = x)', 2, 1, NOW()),
('20200001-0027-0001-0000-000000000002', '20200001-0027-0000-0000-000000000002', '27', 'm-ийн хамгийн бага утгыг ол.', 'Оройн x = −1, тиймээс m = −1', 3, 1, NOW()),
('20200001-0028-0001-0000-000000000002', '20200001-0028-0000-0000-000000000002', '28', 'Коэффициентүүдийн нийлбэрийг ол.', 'P(x)/(x+1) = 3x² − x + 2, нийлбэр = 4', 3, 1, NOW()),
('20200001-0029-0001-0000-000000000002', '20200001-0029-0000-0000-000000000002', '29', 'a·b үржвэрийг олоорой.', 'a = 2, b = −1, ab = −2', 3, 1, NOW()),
('20200001-0030-0001-0000-000000000002', '20200001-0030-0000-0000-000000000002', '30', 'A + B + C-ийг олоорой.', 'A = −1, B = 1, C = 1, нийлбэр = 1', 3, 1, NOW()),
('20200001-0031-0001-0000-000000000002', '20200001-0031-0000-0000-000000000002', '31', 'C цэгийн координатыг олоорой.', 'A(0,1), E = (A+C)/2 → C = (13, 15)', 3, 1, NOW()),
('20200001-0032-0001-0000-000000000002', '20200001-0032-0000-0000-000000000002', '32', 'Арифметик дунджийг тооцоол.', '(6·4 + 10·8 + 4·11)/20 = 148/20 = 7.4', 3, 1, NOW()),
('20200001-0033-0001-0000-000000000002', '20200001-0033-0000-0000-000000000002', '33', 'Магадлалыг ол.', 'P = 19/50', 3, 1, NOW()),
('20200001-0034-0001-0000-000000000002', '20200001-0034-0000-0000-000000000002', '34', 'Хамгийн их утгыг ол.', 'V = πr²(9−r), V′ = 0 → r = 6, V = 108π', 3, 1, NOW()),
('20200001-0035-0001-0000-000000000002', '20200001-0035-0000-0000-000000000002', '35', 'PM⃗-ийг илэрхийл.', 'PM⃗ = (2a⃗ + b⃗)/6', 3, 1, NOW()),
('20200001-0036-0001-0000-000000000002', '20200001-0036-0000-0000-000000000002', '36', 'a-ийн утгын олонлогийг ол.', 'a < 0 эсвэл a > 4', 3, 1, NOW()),
-- Нөхөх даалгаврын асуултууд
('20200002-0001-0001-0000-000000000002', '20200002-0001-0000-0000-000000000002', '2.1', 'a, b, c, d, e, f, g утгуудыг олоорой.', 'B хувилбар: a=8, b=6, c=4, d=4, e=8, f=2, g=8 (түлхүүрээс)', 7, 1, NOW()),
('20200002-0002-0001-0000-000000000002', '20200002-0002-0000-0000-000000000002', '2.2', 'a, b, c, d, e, f, g утгуудыг олоорой.', 'B хувилбар: a=9, b=5, c=4, d=4, e=5, f=5, g=5 (түлхүүрээс)', 7, 1, NOW()),
('20200002-0003-0001-0000-000000000002', '20200002-0003-0000-0000-000000000002', '2.3', 'a, b, c, d, e, f, g утгуудыг олоорой.', 'B хувилбар: a=4, b=0, c=3, d=5, e=8, f=2, g=7 (түлхүүрээс)', 7, 1, NOW()),
('20200002-0004-0001-0000-000000000002', '20200002-0004-0000-0000-000000000002', '2.4', 'a, b, c, d, e, f, g утгуудыг олоорой.', 'B хувилбар: a=2, b=6, c=9, d=3, e=6, f=3, g=3 (түлхүүрээс)', 7, 1, NOW());

-- 5. Options - B хувилбар зөв хариултууд: C,B,D,A,C,E,A,D,C,B,D,C,E,A,E,D,C,B,D,C,B,D,A,E,D,C,E,A,D,B,E,A,D,E,A,D

-- Q1: C=1
INSERT INTO mock_test_options (id, question_id, option_text, is_correct, order_index, created_at) VALUES
('20200001-0001-0001-0001-000000000002', '20200001-0001-0001-0000-000000000002', '2', false, 0, NOW()),
('20200001-0001-0001-0002-000000000002', '20200001-0001-0001-0000-000000000002', '1/4', false, 1, NOW()),
('20200001-0001-0001-0003-000000000002', '20200001-0001-0001-0000-000000000002', '1', true, 2, NOW()),
('20200001-0001-0001-0004-000000000002', '20200001-0001-0001-0000-000000000002', '1/7', false, 3, NOW()),
('20200001-0001-0001-0005-000000000002', '20200001-0001-0001-0000-000000000002', '1/8', false, 4, NOW());

-- Q2: B=(3; 1)
INSERT INTO mock_test_options (id, question_id, option_text, is_correct, order_index, created_at) VALUES
('20200001-0002-0001-0001-000000000002', '20200001-0002-0001-0000-000000000002', '(3; −1)', false, 0, NOW()),
('20200001-0002-0001-0002-000000000002', '20200001-0002-0001-0000-000000000002', '(3; 1)', true, 1, NOW()),
('20200001-0002-0001-0003-000000000002', '20200001-0002-0001-0000-000000000002', '(−1; 3)', false, 2, NOW()),
('20200001-0002-0001-0004-000000000002', '20200001-0002-0001-0000-000000000002', '(−3; 1)', false, 3, NOW()),
('20200001-0002-0001-0005-000000000002', '20200001-0002-0001-0000-000000000002', '(−1; −3)', false, 4, NOW());

-- Q3: D=0 ба 1
INSERT INTO mock_test_options (id, question_id, option_text, is_correct, order_index, created_at) VALUES
('20200001-0003-0001-0001-000000000002', '20200001-0003-0001-0000-000000000002', '0', false, 0, NOW()),
('20200001-0003-0001-0002-000000000002', '20200001-0003-0001-0000-000000000002', '1 ба 2', false, 1, NOW()),
('20200001-0003-0001-0003-000000000002', '20200001-0003-0001-0000-000000000002', '2', false, 2, NOW()),
('20200001-0003-0001-0004-000000000002', '20200001-0003-0001-0000-000000000002', '0 ба 1', true, 3, NOW()),
('20200001-0003-0001-0005-000000000002', '20200001-0003-0001-0000-000000000002', '1', false, 4, NOW());

-- Q4: A=y=(x−1)/3
INSERT INTO mock_test_options (id, question_id, option_text, is_correct, order_index, created_at) VALUES
('20200001-0004-0001-0001-000000000002', '20200001-0004-0001-0000-000000000002', 'y = (x−1)/3', true, 0, NOW()),
('20200001-0004-0001-0002-000000000002', '20200001-0004-0001-0000-000000000002', 'y = 1/(3x+1)', false, 1, NOW()),
('20200001-0004-0001-0003-000000000002', '20200001-0004-0001-0000-000000000002', 'x = (y−1)/3', false, 2, NOW()),
('20200001-0004-0001-0004-000000000002', '20200001-0004-0001-0000-000000000002', 'y = 3x − 1', false, 3, NOW()),
('20200001-0004-0001-0005-000000000002', '20200001-0004-0001-0000-000000000002', 'y = (x+1)/3', false, 4, NOW());

-- Q5: C=b+a
INSERT INTO mock_test_options (id, question_id, option_text, is_correct, order_index, created_at) VALUES
('20200001-0005-0001-0001-000000000002', '20200001-0005-0001-0000-000000000002', 'a − b', false, 0, NOW()),
('20200001-0005-0001-0002-000000000002', '20200001-0005-0001-0000-000000000002', 'b − a', false, 1, NOW()),
('20200001-0005-0001-0003-000000000002', '20200001-0005-0001-0000-000000000002', 'b + a', true, 2, NOW()),
('20200001-0005-0001-0004-000000000002', '20200001-0005-0001-0000-000000000002', '1/(b+a)', false, 3, NOW()),
('20200001-0005-0001-0005-000000000002', '20200001-0005-0001-0000-000000000002', '1/(b−a)', false, 4, NOW());

-- Q6: E=A∩B̅
INSERT INTO mock_test_options (id, question_id, option_text, is_correct, order_index, created_at) VALUES
('20200001-0006-0001-0001-000000000002', '20200001-0006-0001-0000-000000000002', 'A ∪ B', false, 0, NOW()),
('20200001-0006-0001-0002-000000000002', '20200001-0006-0001-0000-000000000002', 'A ∪ B̅', false, 1, NOW()),
('20200001-0006-0001-0003-000000000002', '20200001-0006-0001-0000-000000000002', 'A̅ ∪ B', false, 2, NOW()),
('20200001-0006-0001-0004-000000000002', '20200001-0006-0001-0000-000000000002', 'A̅ ∩ B', false, 3, NOW()),
('20200001-0006-0001-0005-000000000002', '20200001-0006-0001-0000-000000000002', 'A ∩ B̅', true, 4, NOW());

-- Q7: A=29
INSERT INTO mock_test_options (id, question_id, option_text, is_correct, order_index, created_at) VALUES
('20200001-0007-0001-0001-000000000002', '20200001-0007-0001-0000-000000000002', '29', true, 0, NOW()),
('20200001-0007-0001-0002-000000000002', '20200001-0007-0001-0000-000000000002', '11', false, 1, NOW()),
('20200001-0007-0001-0003-000000000002', '20200001-0007-0001-0000-000000000002', '12', false, 2, NOW()),
('20200001-0007-0001-0004-000000000002', '20200001-0007-0001-0000-000000000002', '20', false, 3, NOW()),
('20200001-0007-0001-0005-000000000002', '20200001-0007-0001-0000-000000000002', '13', false, 4, NOW());

-- Q8: D=5
INSERT INTO mock_test_options (id, question_id, option_text, is_correct, order_index, created_at) VALUES
('20200001-0008-0001-0001-000000000002', '20200001-0008-0001-0000-000000000002', '−5', false, 0, NOW()),
('20200001-0008-0001-0002-000000000002', '20200001-0008-0001-0000-000000000002', '−4', false, 1, NOW()),
('20200001-0008-0001-0003-000000000002', '20200001-0008-0001-0000-000000000002', '1', false, 2, NOW()),
('20200001-0008-0001-0004-000000000002', '20200001-0008-0001-0000-000000000002', '5', true, 3, NOW()),
('20200001-0008-0001-0005-000000000002', '20200001-0008-0001-0000-000000000002', '4', false, 4, NOW());

-- Q9: C=−5(4−x)⁴
INSERT INTO mock_test_options (id, question_id, option_text, is_correct, order_index, created_at) VALUES
('20200001-0009-0001-0001-000000000002', '20200001-0009-0001-0000-000000000002', '5·(4−x)⁵', false, 0, NOW()),
('20200001-0009-0001-0002-000000000002', '20200001-0009-0001-0000-000000000002', '5·(4−x)⁴', false, 1, NOW()),
('20200001-0009-0001-0003-000000000002', '20200001-0009-0001-0000-000000000002', '−5·(4−x)⁴', true, 2, NOW()),
('20200001-0009-0001-0004-000000000002', '20200001-0009-0001-0000-000000000002', '−(4−x)⁴/5', false, 3, NOW()),
('20200001-0009-0001-0005-000000000002', '20200001-0009-0001-0000-000000000002', '−(4−x)⁶/6', false, 4, NOW());

-- Q10: B=9
INSERT INTO mock_test_options (id, question_id, option_text, is_correct, order_index, created_at) VALUES
('20200001-0010-0001-0001-000000000002', '20200001-0010-0001-0000-000000000002', '3', false, 0, NOW()),
('20200001-0010-0001-0002-000000000002', '20200001-0010-0001-0000-000000000002', '9', true, 1, NOW()),
('20200001-0010-0001-0003-000000000002', '20200001-0010-0001-0000-000000000002', '3√3', false, 2, NOW()),
('20200001-0010-0001-0004-000000000002', '20200001-0010-0001-0000-000000000002', '27', false, 3, NOW()),
('20200001-0010-0001-0005-000000000002', '20200001-0010-0001-0000-000000000002', '3^(1/3)', false, 4, NOW());

-- Q11: D=1/a<−b
INSERT INTO mock_test_options (id, question_id, option_text, is_correct, order_index, created_at) VALUES
('20200001-0011-0001-0001-000000000002', '20200001-0011-0001-0000-000000000002', '1/a = −b', false, 0, NOW()),
('20200001-0011-0001-0002-000000000002', '20200001-0011-0001-0000-000000000002', '1/a > −b', false, 1, NOW()),
('20200001-0011-0001-0003-000000000002', '20200001-0011-0001-0000-000000000002', '1/a ≤ −b', false, 2, NOW()),
('20200001-0011-0001-0004-000000000002', '20200001-0011-0001-0000-000000000002', '1/a < −b', true, 3, NOW()),
('20200001-0011-0001-0005-000000000002', '20200001-0011-0001-0000-000000000002', '1/a ≥ −b', false, 4, NOW());

-- Q12: C=[0; 3]
INSERT INTO mock_test_options (id, question_id, option_text, is_correct, order_index, created_at) VALUES
('20200001-0012-0001-0001-000000000002', '20200001-0012-0001-0000-000000000002', '[0; 1]', false, 0, NOW()),
('20200001-0012-0001-0002-000000000002', '20200001-0012-0001-0000-000000000002', '[0; 1[ ∪ ]1; 3]', false, 1, NOW()),
('20200001-0012-0001-0003-000000000002', '20200001-0012-0001-0000-000000000002', '[0; 3]', true, 2, NOW()),
('20200001-0012-0001-0004-000000000002', '20200001-0012-0001-0000-000000000002', ']0; 3[', false, 3, NOW()),
('20200001-0012-0001-0005-000000000002', '20200001-0012-0001-0000-000000000002', ']1; 3]', false, 4, NOW());

-- Q13: E=4
INSERT INTO mock_test_options (id, question_id, option_text, is_correct, order_index, created_at) VALUES
('20200001-0013-0001-0001-000000000002', '20200001-0013-0001-0000-000000000002', '48', false, 0, NOW()),
('20200001-0013-0001-0002-000000000002', '20200001-0013-0001-0000-000000000002', '0.5', false, 1, NOW()),
('20200001-0013-0001-0003-000000000002', '20200001-0013-0001-0000-000000000002', '6', false, 2, NOW()),
('20200001-0013-0001-0004-000000000002', '20200001-0013-0001-0000-000000000002', '75', false, 3, NOW()),
('20200001-0013-0001-0005-000000000002', '20200001-0013-0001-0000-000000000002', '4', true, 4, NOW());

-- Q14: A=a
INSERT INTO mock_test_options (id, question_id, option_text, is_correct, order_index, created_at) VALUES
('20200001-0014-0001-0001-000000000002', '20200001-0014-0001-0000-000000000002', 'a', true, 0, NOW()),
('20200001-0014-0001-0002-000000000002', '20200001-0014-0001-0000-000000000002', 'a√2', false, 1, NOW()),
('20200001-0014-0001-0003-000000000002', '20200001-0014-0001-0000-000000000002', '−a', false, 2, NOW()),
('20200001-0014-0001-0004-000000000002', '20200001-0014-0001-0000-000000000002', 'b', false, 3, NOW()),
('20200001-0014-0001-0005-000000000002', '20200001-0014-0001-0000-000000000002', '√(ab)', false, 4, NOW());

-- Q15: E=y=−(1/3)x
INSERT INTO mock_test_options (id, question_id, option_text, is_correct, order_index, created_at) VALUES
('20200001-0015-0001-0001-000000000002', '20200001-0015-0001-0000-000000000002', 'y = −3x', false, 0, NOW()),
('20200001-0015-0001-0002-000000000002', '20200001-0015-0001-0000-000000000002', 'y = 3x', false, 1, NOW()),
('20200001-0015-0001-0003-000000000002', '20200001-0015-0001-0000-000000000002', 'y = (1/3)x', false, 2, NOW()),
('20200001-0015-0001-0004-000000000002', '20200001-0015-0001-0000-000000000002', 'y = (1/3)x + 1', false, 3, NOW()),
('20200001-0015-0001-0005-000000000002', '20200001-0015-0001-0000-000000000002', 'y = −(1/3)x', true, 4, NOW());

-- Q16: D=шийдгүй
INSERT INTO mock_test_options (id, question_id, option_text, is_correct, order_index, created_at) VALUES
('20200001-0016-0001-0001-000000000002', '20200001-0016-0001-0000-000000000002', '3 шийдтэй', false, 0, NOW()),
('20200001-0016-0001-0002-000000000002', '20200001-0016-0001-0000-000000000002', '1 шийдтэй', false, 1, NOW()),
('20200001-0016-0001-0003-000000000002', '20200001-0016-0001-0000-000000000002', '2 шийдтэй', false, 2, NOW()),
('20200001-0016-0001-0004-000000000002', '20200001-0016-0001-0000-000000000002', 'шийдгүй', true, 3, NOW()),
('20200001-0016-0001-0005-000000000002', '20200001-0016-0001-0000-000000000002', 'хязгааргүй олон шийдтэй', false, 4, NOW());

-- Q17: C=sinx>cosx
INSERT INTO mock_test_options (id, question_id, option_text, is_correct, order_index, created_at) VALUES
('20200001-0017-0001-0001-000000000002', '20200001-0017-0001-0000-000000000002', 'sinx < cosx', false, 0, NOW()),
('20200001-0017-0001-0002-000000000002', '20200001-0017-0001-0000-000000000002', 'sinx ≤ cosx', false, 1, NOW()),
('20200001-0017-0001-0003-000000000002', '20200001-0017-0001-0000-000000000002', 'sinx > cosx', true, 2, NOW()),
('20200001-0017-0001-0004-000000000002', '20200001-0017-0001-0000-000000000002', 'sinx ≥ cosx', false, 3, NOW()),
('20200001-0017-0001-0005-000000000002', '20200001-0017-0001-0000-000000000002', 'sinx = cosx', false, 4, NOW());

-- Q18: B=[[5, 0], [−3, 4]]
INSERT INTO mock_test_options (id, question_id, option_text, is_correct, order_index, created_at) VALUES
('20200001-0018-0001-0001-000000000002', '20200001-0018-0001-0000-000000000002', '[[10, 25], [10, 20]]', false, 0, NOW()),
('20200001-0018-0001-0002-000000000002', '20200001-0018-0001-0000-000000000002', '[[5, 0], [−3, 4]]', true, 1, NOW()),
('20200001-0018-0001-0003-000000000002', '20200001-0018-0001-0000-000000000002', '[[1, 0], [−3, 0.5]]', false, 2, NOW()),
('20200001-0018-0001-0004-000000000002', '20200001-0018-0001-0000-000000000002', '[[2, −1], [6, 4]]', false, 3, NOW()),
('20200001-0018-0001-0005-000000000002', '20200001-0018-0001-0000-000000000002', '[[5, −6], [3, 4]]', false, 4, NOW());

-- Q19: D=3
INSERT INTO mock_test_options (id, question_id, option_text, is_correct, order_index, created_at) VALUES
('20200001-0019-0001-0001-000000000002', '20200001-0019-0001-0000-000000000002', '0', false, 0, NOW()),
('20200001-0019-0001-0002-000000000002', '20200001-0019-0001-0000-000000000002', '2', false, 1, NOW()),
('20200001-0019-0001-0003-000000000002', '20200001-0019-0001-0000-000000000002', '−1', false, 2, NOW()),
('20200001-0019-0001-0004-000000000002', '20200001-0019-0001-0000-000000000002', '3', true, 3, NOW()),
('20200001-0019-0001-0005-000000000002', '20200001-0019-0001-0000-000000000002', '−3', false, 4, NOW());

-- Q20: C=x=6
INSERT INTO mock_test_options (id, question_id, option_text, is_correct, order_index, created_at) VALUES
('20200001-0020-0001-0001-000000000002', '20200001-0020-0001-0000-000000000002', 'x = −1', false, 0, NOW()),
('20200001-0020-0001-0002-000000000002', '20200001-0020-0001-0000-000000000002', 'x = −4', false, 1, NOW()),
('20200001-0020-0001-0003-000000000002', '20200001-0020-0001-0000-000000000002', 'x = 6', true, 2, NOW()),
('20200001-0020-0001-0004-000000000002', '20200001-0020-0001-0000-000000000002', 'x = 3', false, 3, NOW()),
('20200001-0020-0001-0005-000000000002', '20200001-0020-0001-0000-000000000002', 'x = 7', false, 4, NOW());

-- Q21: B=25
INSERT INTO mock_test_options (id, question_id, option_text, is_correct, order_index, created_at) VALUES
('20200001-0021-0001-0001-000000000002', '20200001-0021-0001-0000-000000000002', '21', false, 0, NOW()),
('20200001-0021-0001-0002-000000000002', '20200001-0021-0001-0000-000000000002', '25', true, 1, NOW()),
('20200001-0021-0001-0003-000000000002', '20200001-0021-0001-0000-000000000002', '22', false, 2, NOW()),
('20200001-0021-0001-0004-000000000002', '20200001-0021-0001-0000-000000000002', '33', false, 3, NOW()),
('20200001-0021-0001-0005-000000000002', '20200001-0021-0001-0000-000000000002', '30', false, 4, NOW());

-- Q22: D=10
INSERT INTO mock_test_options (id, question_id, option_text, is_correct, order_index, created_at) VALUES
('20200001-0022-0001-0001-000000000002', '20200001-0022-0001-0000-000000000002', '9', false, 0, NOW()),
('20200001-0022-0001-0002-000000000002', '20200001-0022-0001-0000-000000000002', '15', false, 1, NOW()),
('20200001-0022-0001-0003-000000000002', '20200001-0022-0001-0000-000000000002', '6', false, 2, NOW()),
('20200001-0022-0001-0004-000000000002', '20200001-0022-0001-0000-000000000002', '10', true, 3, NOW()),
('20200001-0022-0001-0005-000000000002', '20200001-0022-0001-0000-000000000002', '8', false, 4, NOW());

-- Q23: A=10
INSERT INTO mock_test_options (id, question_id, option_text, is_correct, order_index, created_at) VALUES
('20200001-0023-0001-0001-000000000002', '20200001-0023-0001-0000-000000000002', '10', true, 0, NOW()),
('20200001-0023-0001-0002-000000000002', '20200001-0023-0001-0000-000000000002', '2√5', false, 1, NOW()),
('20200001-0023-0001-0003-000000000002', '20200001-0023-0001-0000-000000000002', '5', false, 2, NOW()),
('20200001-0023-0001-0004-000000000002', '20200001-0023-0001-0000-000000000002', '25', false, 3, NOW()),
('20200001-0023-0001-0005-000000000002', '20200001-0023-0001-0000-000000000002', '20', false, 4, NOW());

-- Q24: E=144°
INSERT INTO mock_test_options (id, question_id, option_text, is_correct, order_index, created_at) VALUES
('20200001-0024-0001-0001-000000000002', '20200001-0024-0001-0000-000000000002', '108°', false, 0, NOW()),
('20200001-0024-0001-0002-000000000002', '20200001-0024-0001-0000-000000000002', '36°', false, 1, NOW()),
('20200001-0024-0001-0003-000000000002', '20200001-0024-0001-0000-000000000002', '72°', false, 2, NOW()),
('20200001-0024-0001-0004-000000000002', '20200001-0024-0001-0000-000000000002', '180°', false, 3, NOW()),
('20200001-0024-0001-0005-000000000002', '20200001-0024-0001-0000-000000000002', '144°', true, 4, NOW());

-- Q25: D=6:1
INSERT INTO mock_test_options (id, question_id, option_text, is_correct, order_index, created_at) VALUES
('20200001-0025-0001-0001-000000000002', '20200001-0025-0001-0000-000000000002', '3:1', false, 0, NOW()),
('20200001-0025-0001-0002-000000000002', '20200001-0025-0001-0000-000000000002', '6:7', false, 1, NOW()),
('20200001-0025-0001-0003-000000000002', '20200001-0025-0001-0000-000000000002', '1:5', false, 2, NOW()),
('20200001-0025-0001-0004-000000000002', '20200001-0025-0001-0000-000000000002', '6:1', true, 3, NOW()),
('20200001-0025-0001-0005-000000000002', '20200001-0025-0001-0000-000000000002', '6:5', false, 4, NOW());

-- Q26: C=тэнхлэгийн тэгш хэм
INSERT INTO mock_test_options (id, question_id, option_text, is_correct, order_index, created_at) VALUES
('20200001-0026-0001-0001-000000000002', '20200001-0026-0001-0000-000000000002', 'эргүүлэлт', false, 0, NOW()),
('20200001-0026-0001-0002-000000000002', '20200001-0026-0001-0000-000000000002', 'гомотет', false, 1, NOW()),
('20200001-0026-0001-0003-000000000002', '20200001-0026-0001-0000-000000000002', 'тэнхлэгийн тэгш хэм', true, 2, NOW()),
('20200001-0026-0001-0004-000000000002', '20200001-0026-0001-0000-000000000002', 'төвийн тэгш хэм', false, 3, NOW()),
('20200001-0026-0001-0005-000000000002', '20200001-0026-0001-0000-000000000002', 'параллел зөөлт', false, 4, NOW());

-- Q27: E=−1
INSERT INTO mock_test_options (id, question_id, option_text, is_correct, order_index, created_at) VALUES
('20200001-0027-0001-0001-000000000002', '20200001-0027-0001-0000-000000000002', '1/3', false, 0, NOW()),
('20200001-0027-0001-0002-000000000002', '20200001-0027-0001-0000-000000000002', '1', false, 1, NOW()),
('20200001-0027-0001-0003-000000000002', '20200001-0027-0001-0000-000000000002', '2', false, 2, NOW()),
('20200001-0027-0001-0004-000000000002', '20200001-0027-0001-0000-000000000002', '3', false, 3, NOW()),
('20200001-0027-0001-0005-000000000002', '20200001-0027-0001-0000-000000000002', '−1', true, 4, NOW());

-- Q28: A=4
INSERT INTO mock_test_options (id, question_id, option_text, is_correct, order_index, created_at) VALUES
('20200001-0028-0001-0001-000000000002', '20200001-0028-0001-0000-000000000002', '4', true, 0, NOW()),
('20200001-0028-0001-0002-000000000002', '20200001-0028-0001-0000-000000000002', '6', false, 1, NOW()),
('20200001-0028-0001-0003-000000000002', '20200001-0028-0001-0000-000000000002', '3', false, 2, NOW()),
('20200001-0028-0001-0004-000000000002', '20200001-0028-0001-0000-000000000002', '−1', false, 3, NOW()),
('20200001-0028-0001-0005-000000000002', '20200001-0028-0001-0000-000000000002', '5', false, 4, NOW());

-- Q29: D=2
INSERT INTO mock_test_options (id, question_id, option_text, is_correct, order_index, created_at) VALUES
('20200001-0029-0001-0001-000000000002', '20200001-0029-0001-0000-000000000002', '−2', false, 0, NOW()),
('20200001-0029-0001-0002-000000000002', '20200001-0029-0001-0000-000000000002', '1', false, 1, NOW()),
('20200001-0029-0001-0003-000000000002', '20200001-0029-0001-0000-000000000002', '8', false, 2, NOW()),
('20200001-0029-0001-0004-000000000002', '20200001-0029-0001-0000-000000000002', '2', true, 3, NOW()),
('20200001-0029-0001-0005-000000000002', '20200001-0029-0001-0000-000000000002', '−4', false, 4, NOW());

-- Q30: B=1
INSERT INTO mock_test_options (id, question_id, option_text, is_correct, order_index, created_at) VALUES
('20200001-0030-0001-0001-000000000002', '20200001-0030-0001-0000-000000000002', '4', false, 0, NOW()),
('20200001-0030-0001-0002-000000000002', '20200001-0030-0001-0000-000000000002', '1', true, 1, NOW()),
('20200001-0030-0001-0003-000000000002', '20200001-0030-0001-0000-000000000002', '3', false, 2, NOW()),
('20200001-0030-0001-0004-000000000002', '20200001-0030-0001-0000-000000000002', '2', false, 3, NOW()),
('20200001-0030-0001-0005-000000000002', '20200001-0030-0001-0000-000000000002', '−2', false, 4, NOW());

-- Q31: E=(12; 11)
INSERT INTO mock_test_options (id, question_id, option_text, is_correct, order_index, created_at) VALUES
('20200001-0031-0001-0001-000000000002', '20200001-0031-0001-0000-000000000002', '(8; 10)', false, 0, NOW()),
('20200001-0031-0001-0002-000000000002', '20200001-0031-0001-0000-000000000002', '(1; 3)', false, 1, NOW()),
('20200001-0031-0001-0003-000000000002', '20200001-0031-0001-0000-000000000002', '(6; 8)', false, 2, NOW()),
('20200001-0031-0001-0004-000000000002', '20200001-0031-0001-0000-000000000002', '(13; 15)', false, 3, NOW()),
('20200001-0031-0001-0005-000000000002', '20200001-0031-0001-0000-000000000002', '(12; 11)', true, 4, NOW());

-- Q32: A=7.4
INSERT INTO mock_test_options (id, question_id, option_text, is_correct, order_index, created_at) VALUES
('20200001-0032-0001-0001-000000000002', '20200001-0032-0001-0000-000000000002', '7.4', true, 0, NOW()),
('20200001-0032-0001-0002-000000000002', '20200001-0032-0001-0000-000000000002', '6.1', false, 1, NOW()),
('20200001-0032-0001-0003-000000000002', '20200001-0032-0001-0000-000000000002', '7.1', false, 2, NOW()),
('20200001-0032-0001-0004-000000000002', '20200001-0032-0001-0000-000000000002', '8.7', false, 3, NOW()),
('20200001-0032-0001-0005-000000000002', '20200001-0032-0001-0000-000000000002', '7', false, 4, NOW());

-- Q33: D=19/50
INSERT INTO mock_test_options (id, question_id, option_text, is_correct, order_index, created_at) VALUES
('20200001-0033-0001-0001-000000000002', '20200001-0033-0001-0000-000000000002', '9/25', false, 0, NOW()),
('20200001-0033-0001-0002-000000000002', '20200001-0033-0001-0000-000000000002', '7/50', false, 1, NOW()),
('20200001-0033-0001-0003-000000000002', '20200001-0033-0001-0000-000000000002', '13/50', false, 2, NOW()),
('20200001-0033-0001-0004-000000000002', '20200001-0033-0001-0000-000000000002', '19/50', true, 3, NOW()),
('20200001-0033-0001-0005-000000000002', '20200001-0033-0001-0000-000000000002', '7/10', false, 4, NOW());

-- Q34: E=108π
INSERT INTO mock_test_options (id, question_id, option_text, is_correct, order_index, created_at) VALUES
('20200001-0034-0001-0001-000000000002', '20200001-0034-0001-0000-000000000002', '48π', false, 0, NOW()),
('20200001-0034-0001-0002-000000000002', '20200001-0034-0001-0000-000000000002', '0', false, 1, NOW()),
('20200001-0034-0001-0003-000000000002', '20200001-0034-0001-0000-000000000002', '144π', false, 2, NOW()),
('20200001-0034-0001-0004-000000000002', '20200001-0034-0001-0000-000000000002', '64π', false, 3, NOW()),
('20200001-0034-0001-0005-000000000002', '20200001-0034-0001-0000-000000000002', '108π', true, 4, NOW());

-- Q35: A=(2a⃗+b⃗)/6
INSERT INTO mock_test_options (id, question_id, option_text, is_correct, order_index, created_at) VALUES
('20200001-0035-0001-0001-000000000002', '20200001-0035-0001-0000-000000000002', '(2a⃗ + b⃗)/6', true, 0, NOW()),
('20200001-0035-0001-0002-000000000002', '20200001-0035-0001-0000-000000000002', '(2a⃗ + b⃗)/3', false, 1, NOW()),
('20200001-0035-0001-0003-000000000002', '20200001-0035-0001-0000-000000000002', '(a⃗ + 2b⃗)/3', false, 2, NOW()),
('20200001-0035-0001-0004-000000000002', '20200001-0035-0001-0000-000000000002', '(a⃗ + 2b⃗)/2', false, 3, NOW()),
('20200001-0035-0001-0005-000000000002', '20200001-0035-0001-0000-000000000002', 'a⃗ + b⃗', false, 4, NOW());

-- Q36: D=]−∞; 0[ ∪ ]4; ∞[
INSERT INTO mock_test_options (id, question_id, option_text, is_correct, order_index, created_at) VALUES
('20200001-0036-0001-0001-000000000002', '20200001-0036-0001-0000-000000000002', ']−∞; 0] ∪ [4; ∞[', false, 0, NOW()),
('20200001-0036-0001-0002-000000000002', '20200001-0036-0001-0000-000000000002', ']−∞; −4] ∪ [0; ∞[', false, 1, NOW()),
('20200001-0036-0001-0003-000000000002', '20200001-0036-0001-0000-000000000002', '[0; 4]', false, 2, NOW()),
('20200001-0036-0001-0004-000000000002', '20200001-0036-0001-0000-000000000002', ']−∞; 0[ ∪ ]4; ∞[', true, 3, NOW()),
('20200001-0036-0001-0005-000000000002', '20200001-0036-0001-0000-000000000002', ']−∞; −4[ ∪ ]0; ∞[', false, 4, NOW());

-- =====================================================
-- SUMMARY
-- =====================================================
-- ЭЕШ 2020 Математик B хувилбар
-- Нийт: 100 оноо (72 сонгох + 28 нөхөх)
-- 
-- B хувилбар зөв хариултууд (1-36):
-- C, B, D, A, C, E, A, D, C, B, D, C, E, A, E, D, C, B, D, C, B, D, A, E, D, C, E, A, D, B, E, A, D, E, A, D
--
-- Нөхөх даалгаврын хариултууд (түлхүүрээс B хувилбар):
-- 2.1: a=8, b=6, c=4, d=4, e=8, f=2, g=8
-- 2.2: a=9, b=5, c=4, d=4, e=5, f=5, g=5
-- 2.3: a=4, b=0, c=3, d=5, e=8, f=2, g=7
-- 2.4: a=2, b=6, c=9, d=3, e=6, f=3, g=3
-- =====================================================
