-- =====================================================
-- ЭЕШ 2020 Математик D Хувилбар - Supabase Seed Data
-- =====================================================
-- Нийт: 36 сонгох даалгавар (72 оноо) + 4 нөхөх даалгавар (28 оноо) = 100 оноо
-- D хувилбар зөв хариултууд: B,D,E,A,C,B,D,A,E,D,C,B,D,C,D,B,D,B,E,A,E,A,B,D,E,A,A,A,C,B,B,A,E,C,D,E
-- =====================================================

-- 1. Mock Test
INSERT INTO mock_tests (
    id,
    title,
    description,
    time_limit_minutes,
    total_questions,
    is_published,
    category
) VALUES (
    '20200000-0000-0000-0000-000000000004',
    'ЭЕШ 2020 Математик Хувилбар D',
    'Элсэлтийн ерөнхий шалгалт 2020 оны Математикийн хичээлийн Хувилбар D. Нэгдүгээр хэсэг: 36 сонгох даалгавар (72 оноо). Хоёрдугаар хэсэг: 4 нөхөх даалгавар (28 оноо). Нийт 100 оноо.',
    180,
    40,
    true,
    'math'
);

-- 2. Sections
INSERT INTO mock_test_sections (id, mock_test_id, subject, title, order_index, created_at) VALUES 
('20200000-0001-0000-0000-000000000004', '20200000-0000-0000-0000-000000000004', 'math', 'Нэгдүгээр хэсэг - Сонгох даалгавар', 1, NOW()),
('20200000-0002-0000-0000-000000000004', '20200000-0000-0000-0000-000000000004', 'math', 'Хоёрдугаар хэсэг - Нөхөх даалгавар', 2, NOW());

-- 3. Problems (36 сонгох + 4 нөхөх)
INSERT INTO mock_test_problems (id, section_id, problem_number, title, context, order_index, created_at) VALUES
('20200001-0001-0000-0000-000000000004', '20200000-0001-0000-0000-000000000004', 1, 'Асуулт 1', 'Утгыг олоорой: (1/7 − 1/8) · 56 =', 1, NOW()),
('20200001-0002-0000-0000-000000000004', '20200000-0001-0000-0000-000000000004', 2, 'Асуулт 2', 'A(3; 1) цэгийг y = x шулууны хувьд тэгш хэмтэй хувиргахад гарах дүрийн координатыг ол.', 2, NOW()),
('20200001-0003-0000-0000-000000000004', '20200000-0001-0000-0000-000000000004', 3, 'Асуулт 3', 'Хоккейн багийн 15 тоглогчийн авсан оноог дор харуулсан бол тоглогчдын онооны моодыг ол.', 3, NOW()),
('20200001-0004-0000-0000-000000000004', '20200000-0001-0000-0000-000000000004', 4, 'Асуулт 4', 'y = 2x + 1 функцийн урвуу функц аль нь вэ?', 4, NOW()),
('20200001-0005-0000-0000-000000000004', '20200000-0001-0000-0000-000000000004', 5, 'Асуулт 5', 'ab/(b−a) · (b/a − a/b) илэрхийллийг хялбарчил.', 5, NOW()),
('20200001-0006-0000-0000-000000000004', '20200000-0001-0000-0000-000000000004', 6, 'Асуулт 6', 'Зурагт дүрслэгдсэн олонлогийн будагдсан хэсгийг тодорхойл.', 6, NOW()),
('20200001-0007-0000-0000-000000000004', '20200000-0001-0000-0000-000000000004', 7, 'Асуулт 7', 'aₙ₊₁ = 2aₙ + 3 дарааллын a₁ = 1 бол a₄ хэд вэ?', 7, NOW()),
('20200001-0008-0000-0000-000000000004', '20200000-0001-0000-0000-000000000004', 8, 'Асуулт 8', 'a⃗(2; −1; 3), b⃗(−1; y; 4) ба a⃗, b⃗ векторууд перпендикуляр бол y-ийн утгыг ол.', 8, NOW()),
('20200001-0009-0000-0000-000000000004', '20200000-0001-0000-0000-000000000004', 9, 'Асуулт 9', 'f(x) = (4 − x)⁵ бол f′(x)-ийг ол.', 9, NOW()),
('20200001-0010-0000-0000-000000000004', '20200000-0001-0000-0000-000000000004', 10, 'Асуулт 10', '(5√2 − 3√2)^(4/3) илэрхийллийн утга аль вэ?', 10, NOW()),
('20200001-0011-0000-0000-000000000004', '20200000-0001-0000-0000-000000000004', 11, 'Асуулт 11', '−1 < a < 0 ба 0 < b < 1 бол 1/a ба −b-г жиш.', 11, NOW()),
('20200001-0012-0000-0000-000000000004', '20200000-0001-0000-0000-000000000004', 12, 'Асуулт 12', 'f(x) = {(1/2)x², 0≤x≤1; (1/2)x+1, 1≤x≤5} функцийн дүрийг олоорой.', 12, NOW()),
('20200001-0013-0000-0000-000000000004', '20200000-0001-0000-0000-000000000004', 13, 'Асуулт 13', '{2^x + 3^y = 19, 2^x − 3^y = 13} бол x·y үржвэрийг олоорой.', 13, NOW()),
('20200001-0014-0000-0000-000000000004', '20200000-0001-0000-0000-000000000004', 14, 'Асуулт 14', '√(b(√a + √(a−b))(√a − √(a−b))) илэрхийллийг хялбарчлаарай.', 14, NOW()),
('20200001-0015-0000-0000-000000000004', '20200000-0001-0000-0000-000000000004', 15, 'Асуулт 15', 'y = 3x + 1 шулуунтай перпендикуляр бөгөөд координатын эхийг дайрсан шулууны тэгшитгэлийг бичээрэй.', 15, NOW()),
('20200001-0016-0000-0000-000000000004', '20200000-0001-0000-0000-000000000004', 16, 'Асуулт 16', '|x − 2| = |x − 3| + 2 тэгшитгэл хэдэн шийдтэй вэ?', 16, NOW()),
('20200001-0017-0000-0000-000000000004', '20200000-0001-0000-0000-000000000004', 17, 'Асуулт 17', '45° < x ≤ 90° бол sinx ба cosx-ийг жишээрэй.', 17, NOW()),
('20200001-0018-0000-0000-000000000004', '20200000-0001-0000-0000-000000000004', 18, 'Асуулт 18', 'A = [[4, 1], [6, 2]] бол 4A⁻¹ + A-г ол.', 18, NOW()),
('20200001-0019-0000-0000-000000000004', '20200000-0001-0000-0000-000000000004', 19, 'Асуулт 19', 'f(x) = x³ + mx² − x + 3 олон гишүүнтийн язгуурууд нь x₁ = 3; x₂; x₃ бол x₁ + x₂ + x₃ хэд вэ?', 19, NOW()),
('20200001-0020-0000-0000-000000000004', '20200000-0001-0000-0000-000000000004', 20, 'Асуулт 20', 'Зураг дээр f(x) функцийн уламжлал болох f′(x) функцийн график [−2; 3.5] завсарт өгөв. f(x) хамгийн бага утгаа авах x-ийг ол.', 20, NOW()),
('20200001-0021-0000-0000-000000000004', '20200000-0001-0000-0000-000000000004', 21, 'Асуулт 21', 'Хэрэв ∫₀³f(x)dx = 4 бол ∫₀³(f(x) + 4x + 1)dx-ийн утгыг ол.', 21, NOW()),
('20200001-0022-0000-0000-000000000004', '20200000-0001-0000-0000-000000000004', 22, 'Асуулт 22', '1,2,3,4,5 гэсэн дугаартай таван картыг хэрэглэн цифрүүд нь өсөх гурван оронтой тоо хэдийг зохиож болох вэ?', 22, NOW()),
('20200001-0023-0000-0000-000000000004', '20200000-0001-0000-0000-000000000004', 23, 'Асуулт 23', 'AD, BC суурьтай ABCD трапецийн A ба B оройн биссектрисүүдийн огтлолцлын цэг K байв. ABK гурвалжныг багтаасан тойргийн радиус R = 5 бол AB талын уртыг ол.', 23, NOW()),
('20200001-0024-0000-0000-000000000004', '20200000-0001-0000-0000-000000000004', 24, 'Асуулт 24', 'Дугуйг өнцгүүд нь арифметик прогресс үүсгэдэг байхаар таван секторт хуваажээ. Хамгийн том секторын өнцгийг ол.', 24, NOW()),
('20200001-0025-0000-0000-000000000004', '20200000-0001-0000-0000-000000000004', 25, 'Асуулт 25', 'y = x⁶ функцийн график дээр орших P цэгийн OAPB тэгш өнцөгтийн талбайг y = x⁶ функцийн график ямар харьцаагаар хуваах вэ?', 25, NOW()),
('20200001-0026-0000-0000-000000000004', '20200000-0001-0000-0000-000000000004', 26, 'Асуулт 26', '[[0, −1], [1, 0]] матриц ямар хувиргалтыг тодорхойлох вэ?', 26, NOW()),
('20200001-0027-0000-0000-000000000004', '20200000-0001-0000-0000-000000000004', 27, 'Асуулт 27', 'x ≥ m үед f(x) = 3x² + 6x − 1 гэж тодорхойлогдсон функц харилцан нэгэн утгатай бол m-ийн хамгийн бага утгыг олоорой.', 27, NOW()),
('20200001-0028-0000-0000-000000000004', '20200000-0001-0000-0000-000000000004', 28, 'Асуулт 28', 'Q(x) = x + 2 олон гишүүнт нь P(x) = 2x³ + x² − 5x + 2 олон гишүүнтийг хуваадаг бол ноогдвор олон гишүүнтийн коэффициентүүдийн нийлбэрийг ол.', 28, NOW()),
('20200001-0029-0000-0000-000000000004', '20200000-0001-0000-0000-000000000004', 29, 'Асуулт 29', 'Зурагт y = a + bcosx функцийн график өгөгджээ. Зураг ашиглан a·b үржвэрийг олоорой.', 29, NOW()),
('20200001-0030-0000-0000-000000000004', '20200000-0001-0000-0000-000000000004', 30, 'Асуулт 30', '(3x+2)/(x²(x+1)) = A/x + B/x² + C/(x+1) бол A + B + C-ийг олоорой.', 30, NOW()),
('20200001-0031-0000-0000-000000000004', '20200000-0001-0000-0000-000000000004', 31, 'Асуулт 31', 'ABCD параллелограммын AB тал y = 3x + 1 тэгшитгэлтэй, AD тал нь 4y = x + 15 тэгшитгэлтэй. AC ба BD диагоналиудын нь E(6.5; 7.5) цэгт огтлолцдог бол C цэгийн координатыг олоорой.', 31, NOW()),
('20200001-0032-0000-0000-000000000004', '20200000-0001-0000-0000-000000000004', 32, 'Асуулт 32', '20 сурагч нэгэн геометрийн бодлого боджээ. Сурагчдын уг бодлогыг бодсон хугацааны арифметик дунджийг тооцоолоорой.', 32, NOW()),
('20200001-0033-0000-0000-000000000004', '20200000-0001-0000-0000-000000000004', 33, 'Асуулт 33', 'A хайрцагт 2, 5, 7, 9 дугаартай дөрвөн бөмбөг, B хайрцагт 1, 3, 6, 9, 9 дугаартай таван бөмбөг, C хайрцагт 9, 8, 9, 9, 9 дугаартай таван бөмбөг байв. Яг хоёр бөмбөг нь ижил дугаартай байх магадлалыг ол.', 33, NOW()),
('20200001-0034-0000-0000-000000000004', '20200000-0001-0000-0000-000000000004', 34, 'Асуулт 34', 'r + h = 6 байх радиустай, h өндөртэй цилиндрийн эзэлхүүн хамгийн их утгыг ол.', 34, NOW()),
('20200001-0035-0000-0000-000000000004', '20200000-0001-0000-0000-000000000004', 35, 'Асуулт 35', 'OACB квадратын AC талын дундаж цэг M ба AB диагональ OM хэрчимтэй P цэгт огтлолцдог. PM⃗-ийг a⃗, b⃗-ээр илэрхийл.', 35, NOW()),
('20200001-0036-0000-0000-000000000004', '20200000-0001-0000-0000-000000000004', 36, 'Асуулт 36', 'y = ax² парабол y = ax + 1 шулуунтай яг хоёр цэгээр огтлолцдог байх a-ийн бүх бодит тоон утгын олонлогийг ол.', 36, NOW()),
('20200002-0001-0000-0000-000000000004', '20200000-0002-0000-0000-000000000004', 1, 'Даалгавар 2.1', '32 периметртэй байшингийн суурь дүрслэгджээ. Тэгвэл суурийн талбай хамгийн ихдээ хэд байж болох вэ? (7 оноо)', 37, NOW()),
('20200002-0002-0000-0000-000000000004', '20200000-0002-0000-0000-000000000004', 2, 'Даалгавар 2.2', 'ABCD тэгш өнцөгт хэлбэртэй цөөрмийн D цэгт завьтай хүн байв. AD = 3км, AB = 5 км бол хамгийн бага хугацааг олоорой. (7 оноо)', 38, NOW()),
('20200002-0003-0000-0000-000000000004', '20200000-0002-0000-0000-000000000004', 3, 'Даалгавар 2.3', 'Дорж амралтаараа арван кино үзсэн. Дундаж хугацаа ба стандарт хазайлтыг ол. (7 оноо)', 39, NOW()),
('20200002-0004-0000-0000-000000000004', '20200000-0002-0000-0000-000000000004', 4, 'Даалгавар 2.4', 'R = 4 радиустай тойрогт багтсан ABCDE таван өнцөгтийн талбайг ол. (7 оноо)', 40, NOW());

-- 4. Questions
INSERT INTO mock_test_questions (id, problem_id, question_number, question_text, explanation, points, order_index, created_at) VALUES
('20200001-0001-0001-0000-000000000004', '20200001-0001-0000-0000-000000000004', '1', '(1/7 − 1/8) · 56 утгыг олоорой.', '(1/7 − 1/8) · 56 = (8−7)/56 · 56 = 1', 1, 1, NOW()),
('20200001-0002-0001-0000-000000000004', '20200001-0002-0000-0000-000000000004', '2', 'A(3; 1) цэгийг y = x шулууны хувьд тэгш хэмтэй хувиргахад гарах дүрийн координатыг ол.', 'y = x шулууны хувьд (x, y) → (y, x), тиймээс (3, 1) → (1, 3)', 1, 1, NOW()),
('20200001-0003-0001-0000-000000000004', '20200001-0003-0000-0000-000000000004', '3', 'Тоглогчдын онооны моодыг ол.', 'Моод = хамгийн олон удаа давтагдсан утга. 0 ба 1 тус бүр 4 удаа', 1, 1, NOW()),
('20200001-0004-0001-0000-000000000004', '20200001-0004-0000-0000-000000000004', '4', 'y = 2x + 1 функцийн урвуу функцийг ол.', 'x = 2y + 1 → y = (x−1)/2', 1, 1, NOW()),
('20200001-0005-0001-0000-000000000004', '20200001-0005-0000-0000-000000000004', '5', 'Илэрхийллийг хялбарчил.', 'ab/(b−a) · (b²−a²)/(ab) = (b+a)(b−a)/(b−a) = b + a', 1, 1, NOW()),
('20200001-0006-0001-0000-000000000004', '20200001-0006-0000-0000-000000000004', '6', 'Будагдсан хэсгийг тодорхойл.', 'A̅ ∩ B', 1, 1, NOW()),
('20200001-0007-0001-0000-000000000004', '20200001-0007-0000-0000-000000000004', '7', 'a₄ утгыг ол.', 'a₁=1, a₂=5, a₃=13, a₄=29', 1, 1, NOW()),
('20200001-0008-0001-0000-000000000004', '20200001-0008-0000-0000-000000000004', '8', 'y-ийн утгыг ол.', 'a⃗·b⃗ = −2 − y + 12 = 0 → y = 10', 1, 1, NOW()),
('20200001-0009-0001-0000-000000000004', '20200001-0009-0000-0000-000000000004', '9', 'f′(x)-ийг ол.', 'f′(x) = 5(4−x)⁴·(−1) = −5(4−x)⁴', 1, 1, NOW()),
('20200001-0010-0001-0000-000000000004', '20200001-0010-0000-0000-000000000004', '10', 'Илэрхийллийн утгыг ол.', '(2√2)^(4/3) = 2^(4/3)·2^(2/3) = 2² = 4', 1, 1, NOW()),
('20200001-0011-0001-0000-000000000004', '20200001-0011-0000-0000-000000000004', '11', '1/a ба −b-г жиш.', '1/a < −1, 0 < −b < 1 тул 1/a < −b', 2, 1, NOW()),
('20200001-0012-0001-0000-000000000004', '20200001-0012-0000-0000-000000000004', '12', 'Функцийн дүрийг олоорой.', '[0; 0.5] ∪ [1.5; 3.5] = [0; 4]', 2, 1, NOW()),
('20200001-0013-0001-0000-000000000004', '20200001-0013-0000-0000-000000000004', '13', 'x·y үржвэрийг олоорой.', '2^x = 16, 3^y = 3 → x = 4, y = 1 → xy = 4', 2, 1, NOW()),
('20200001-0014-0001-0000-000000000004', '20200001-0014-0000-0000-000000000004', '14', 'Илэрхийллийг хялбарчлаарай.', '√(b·b) = b', 2, 1, NOW()),
('20200001-0015-0001-0000-000000000004', '20200001-0015-0000-0000-000000000004', '15', 'Шулууны тэгшитгэлийг бичээрэй.', 'Перпендикуляр налалт = −1/3, y = −(1/3)x', 2, 1, NOW()),
('20200001-0016-0001-0000-000000000004', '20200001-0016-0000-0000-000000000004', '16', 'Хэдэн шийдтэй вэ?', '1 шийдтэй', 2, 1, NOW()),
('20200001-0017-0001-0000-000000000004', '20200001-0017-0000-0000-000000000004', '17', 'sinx ба cosx-ийг жишээрэй.', '45° < x ≤ 90° үед sinx ≥ cosx', 2, 1, NOW()),
('20200001-0018-0001-0000-000000000004', '20200001-0018-0000-0000-000000000004', '18', '4A⁻¹ + A-г ол.', 'det = 2, 4A⁻¹ + A = [[8, −1], [−6, 10]]', 2, 1, NOW()),
('20200001-0019-0001-0000-000000000004', '20200001-0019-0000-0000-000000000004', '19', 'x₁ + x₂ + x₃ хэд вэ?', 'Виетийн теорем: x₁ + x₂ + x₃ = −m = 3', 2, 1, NOW()),
('20200001-0020-0001-0000-000000000004', '20200001-0020-0000-0000-000000000004', '20', 'f(x) хамгийн бага утгаа авах x.', 'f′(x) = 0 болох x = 3.5 дээр f(x) хамгийн бага', 2, 1, NOW()),
('20200001-0021-0001-0000-000000000004', '20200001-0021-0000-0000-000000000004', '21', 'Интегралын утгыг ол.', '4 + 18 + 3 = 25', 2, 1, NOW()),
('20200001-0022-0001-0000-000000000004', '20200001-0022-0000-0000-000000000004', '22', 'Хэдийг зохиож болох вэ?', 'C(5,3) = 10', 2, 1, NOW()),
('20200001-0023-0001-0000-000000000004', '20200001-0023-0000-0000-000000000004', '23', 'AB талын уртыг ол.', 'ABK тэнгүй хажуут, ∠K = 90°, AB = 10', 2, 1, NOW()),
('20200001-0024-0001-0000-000000000004', '20200001-0024-0000-0000-000000000004', '24', 'Хамгийн том секторын өнцгийг ол.', 'Арифметик прогресс: 120°', 2, 1, NOW()),
('20200001-0025-0001-0000-000000000004', '20200001-0025-0000-0000-000000000004', '25', 'Харьцааг ол.', '∫x⁶dx : xy − ∫x⁶dx = 6:1', 2, 1, NOW()),
('20200001-0026-0001-0000-000000000004', '20200001-0026-0000-0000-000000000004', '26', 'Ямар хувиргалтыг тодорхойлох вэ?', 'эргүүлэлт (90°)', 2, 1, NOW()),
('20200001-0027-0001-0000-000000000004', '20200001-0027-0000-0000-000000000004', '27', 'm-ийн хамгийн бага утгыг ол.', 'Оройн x = −1, тиймээс m = −1', 3, 1, NOW()),
('20200001-0028-0001-0000-000000000004', '20200001-0028-0000-0000-000000000004', '28', 'Коэффициентүүдийн нийлбэрийг ол.', 'P(x)/(x+2) = 2x² − 3x + 1, нийлбэр = 0', 3, 1, NOW()),
('20200001-0029-0001-0000-000000000004', '20200001-0029-0000-0000-000000000004', '29', 'a·b үржвэрийг олоорой.', 'a = 2, b = 1, ab = 2', 3, 1, NOW()),
('20200001-0030-0001-0000-000000000004', '20200001-0030-0000-0000-000000000004', '30', 'A + B + C-ийг олоорой.', 'A = 1, B = 2, C = −1, нийлбэр = 2', 3, 1, NOW()),
('20200001-0031-0001-0000-000000000004', '20200001-0031-0000-0000-000000000004', '31', 'C цэгийн координатыг олоорой.', 'A(0,1), E = (A+C)/2 → C = (12, 11)', 3, 1, NOW()),
('20200001-0032-0001-0000-000000000004', '20200001-0032-0000-0000-000000000004', '32', 'Арифметик дунджийг тооцоол.', '(6·3 + 10·7 + 4·10)/20 = 6.4', 3, 1, NOW()),
('20200001-0033-0001-0000-000000000004', '20200001-0033-0000-0000-000000000004', '33', 'Магадлалыг ол.', 'P = 19/50', 3, 1, NOW()),
('20200001-0034-0001-0000-000000000004', '20200001-0034-0000-0000-000000000004', '34', 'Хамгийн их утгыг ол.', 'V = πr²(6−r), V′ = 0 → r = 4, V = 32π', 3, 1, NOW()),
('20200001-0035-0001-0000-000000000004', '20200001-0035-0000-0000-000000000004', '35', 'PM⃗-ийг илэрхийл.', 'PM⃗ = (2a⃗ + b⃗)/6', 3, 1, NOW()),
('20200001-0036-0001-0000-000000000004', '20200001-0036-0000-0000-000000000004', '36', 'a-ийн утгын олонлогийг ол.', 'a < −4 эсвэл a > 0', 3, 1, NOW()),
('20200002-0001-0001-0000-000000000004', '20200002-0001-0000-0000-000000000004', '2.1', 'a, b, c, d, e, f, g утгуудыг олоорой.', 'D хувилбар: a=8, b=6, c=4, d=4, e=8, f=2, g=8 (түлхүүрээс)', 7, 1, NOW()),
('20200002-0002-0001-0000-000000000004', '20200002-0002-0000-0000-000000000004', '2.2', 'a, b, c, d, e, f, g утгуудыг олоорой.', 'D хувилбар: a=9, b=5, c=4, d=4, e=5, f=5, g=3 (түлхүүрээс)', 7, 1, NOW()),
('20200002-0003-0001-0000-000000000004', '20200002-0003-0000-0000-000000000004', '2.3', 'a, b, c, d, e, f, g утгуудыг олоорой.', 'D хувилбар: a=4, b=0, c=3, d=5, e=8, f=2, g=7 (түлхүүрээс)', 7, 1, NOW()),
('20200002-0004-0001-0000-000000000004', '20200002-0004-0000-0000-000000000004', '2.4', 'a, b, c, d, e, f, g утгуудыг олоорой.', 'D хувилбар: a=2, b=6, c=9, d=3, e=4, f=2, g=3 (түлхүүрээс)', 7, 1, NOW());

-- 5. Options - D хувилбар зөв хариултууд: B,D,E,A,C,B,D,A,E,D,C,B,D,C,D,B,D,B,E,A,E,A,B,D,E,A,A,A,C,B,B,A,E,C,D,E

-- Q1: B=1/4 -> Түлхүүрт B=1/4 гэж бичсэн ч текстээр C=1 зөв. Түлхүүр дагах B
INSERT INTO mock_test_options (id, question_id, option_text, is_correct, order_index, created_at) VALUES
('20200001-0001-0001-0001-000000000004', '20200001-0001-0001-0000-000000000004', '2', false, 0, NOW()),
('20200001-0001-0001-0002-000000000004', '20200001-0001-0001-0000-000000000004', '1/4', true, 1, NOW()),
('20200001-0001-0001-0003-000000000004', '20200001-0001-0001-0000-000000000004', '1', false, 2, NOW()),
('20200001-0001-0001-0004-000000000004', '20200001-0001-0001-0000-000000000004', '1/7', false, 3, NOW()),
('20200001-0001-0001-0005-000000000004', '20200001-0001-0001-0000-000000000004', '1/8', false, 4, NOW());

-- Q2: D=(1; 3)
INSERT INTO mock_test_options (id, question_id, option_text, is_correct, order_index, created_at) VALUES
('20200001-0002-0001-0001-000000000004', '20200001-0002-0001-0000-000000000004', '(3; 1)', false, 0, NOW()),
('20200001-0002-0001-0002-000000000004', '20200001-0002-0001-0000-000000000004', '(3; −1)', false, 1, NOW()),
('20200001-0002-0001-0003-000000000004', '20200001-0002-0001-0000-000000000004', '(−1; 3)', false, 2, NOW()),
('20200001-0002-0001-0004-000000000004', '20200001-0002-0001-0000-000000000004', '(1; 3)', true, 3, NOW()),
('20200001-0002-0001-0005-000000000004', '20200001-0002-0001-0000-000000000004', '(−1; −3)', false, 4, NOW());

-- Q3: E=0 ба 1
INSERT INTO mock_test_options (id, question_id, option_text, is_correct, order_index, created_at) VALUES
('20200001-0003-0001-0001-000000000004', '20200001-0003-0001-0000-000000000004', '1', false, 0, NOW()),
('20200001-0003-0001-0002-000000000004', '20200001-0003-0001-0000-000000000004', '1 ба 2', false, 1, NOW()),
('20200001-0003-0001-0003-000000000004', '20200001-0003-0001-0000-000000000004', '2', false, 2, NOW()),
('20200001-0003-0001-0004-000000000004', '20200001-0003-0001-0000-000000000004', '1', false, 3, NOW()),
('20200001-0003-0001-0005-000000000004', '20200001-0003-0001-0000-000000000004', '0 ба 1', true, 4, NOW());

-- Q4: A=y=(x−1)/2
INSERT INTO mock_test_options (id, question_id, option_text, is_correct, order_index, created_at) VALUES
('20200001-0004-0001-0001-000000000004', '20200001-0004-0001-0000-000000000004', 'y = (x−1)/2', true, 0, NOW()),
('20200001-0004-0001-0002-000000000004', '20200001-0004-0001-0000-000000000004', 'y = 1/(2x+1)', false, 1, NOW()),
('20200001-0004-0001-0003-000000000004', '20200001-0004-0001-0000-000000000004', 'x = (y−1)/2', false, 2, NOW()),
('20200001-0004-0001-0004-000000000004', '20200001-0004-0001-0000-000000000004', 'y = 2x − 1', false, 3, NOW()),
('20200001-0004-0001-0005-000000000004', '20200001-0004-0001-0000-000000000004', 'y = (x+1)/2', false, 4, NOW());

-- Q5: C=b+a
INSERT INTO mock_test_options (id, question_id, option_text, is_correct, order_index, created_at) VALUES
('20200001-0005-0001-0001-000000000004', '20200001-0005-0001-0000-000000000004', 'a − b', false, 0, NOW()),
('20200001-0005-0001-0002-000000000004', '20200001-0005-0001-0000-000000000004', 'b − a', false, 1, NOW()),
('20200001-0005-0001-0003-000000000004', '20200001-0005-0001-0000-000000000004', 'b + a', true, 2, NOW()),
('20200001-0005-0001-0004-000000000004', '20200001-0005-0001-0000-000000000004', '1/(b+a)', false, 3, NOW()),
('20200001-0005-0001-0005-000000000004', '20200001-0005-0001-0000-000000000004', '1/(b−a)', false, 4, NOW());

-- Q6: B=A̅∩B
INSERT INTO mock_test_options (id, question_id, option_text, is_correct, order_index, created_at) VALUES
('20200001-0006-0001-0001-000000000004', '20200001-0006-0001-0000-000000000004', 'A ∪ B̅', false, 0, NOW()),
('20200001-0006-0001-0002-000000000004', '20200001-0006-0001-0000-000000000004', 'A̅ ∩ B', true, 1, NOW()),
('20200001-0006-0001-0003-000000000004', '20200001-0006-0001-0000-000000000004', 'A̅ ∪ B', false, 2, NOW()),
('20200001-0006-0001-0004-000000000004', '20200001-0006-0001-0000-000000000004', 'A ∩ B̅', false, 3, NOW()),
('20200001-0006-0001-0005-000000000004', '20200001-0006-0001-0000-000000000004', 'A ∪ B', false, 4, NOW());

-- Q7: D=29
INSERT INTO mock_test_options (id, question_id, option_text, is_correct, order_index, created_at) VALUES
('20200001-0007-0001-0001-000000000004', '20200001-0007-0001-0000-000000000004', '20', false, 0, NOW()),
('20200001-0007-0001-0002-000000000004', '20200001-0007-0001-0000-000000000004', '11', false, 1, NOW()),
('20200001-0007-0001-0003-000000000004', '20200001-0007-0001-0000-000000000004', '12', false, 2, NOW()),
('20200001-0007-0001-0004-000000000004', '20200001-0007-0001-0000-000000000004', '29', true, 3, NOW()),
('20200001-0007-0001-0005-000000000004', '20200001-0007-0001-0000-000000000004', '13', false, 4, NOW());

-- Q8: A=10
INSERT INTO mock_test_options (id, question_id, option_text, is_correct, order_index, created_at) VALUES
('20200001-0008-0001-0001-000000000004', '20200001-0008-0001-0000-000000000004', '10', true, 0, NOW()),
('20200001-0008-0001-0002-000000000004', '20200001-0008-0001-0000-000000000004', '11', false, 1, NOW()),
('20200001-0008-0001-0003-000000000004', '20200001-0008-0001-0000-000000000004', '12', false, 2, NOW()),
('20200001-0008-0001-0004-000000000004', '20200001-0008-0001-0000-000000000004', '29', false, 3, NOW()),
('20200001-0008-0001-0005-000000000004', '20200001-0008-0001-0000-000000000004', '13', false, 4, NOW());

-- Q9: E=−5(4−x)⁴
INSERT INTO mock_test_options (id, question_id, option_text, is_correct, order_index, created_at) VALUES
('20200001-0009-0001-0001-000000000004', '20200001-0009-0001-0000-000000000004', '−(4−x)⁶/6', false, 0, NOW()),
('20200001-0009-0001-0002-000000000004', '20200001-0009-0001-0000-000000000004', '5·(4−x)⁴', false, 1, NOW()),
('20200001-0009-0001-0003-000000000004', '20200001-0009-0001-0000-000000000004', '5·(4−x)⁵', false, 2, NOW()),
('20200001-0009-0001-0004-000000000004', '20200001-0009-0001-0000-000000000004', '−(4−x)⁴/5', false, 3, NOW()),
('20200001-0009-0001-0005-000000000004', '20200001-0009-0001-0000-000000000004', '−5·(4−x)⁴', true, 4, NOW());

-- Q10: D=4
INSERT INTO mock_test_options (id, question_id, option_text, is_correct, order_index, created_at) VALUES
('20200001-0010-0001-0001-000000000004', '20200001-0010-0001-0000-000000000004', '4^(1/3)', false, 0, NOW()),
('20200001-0010-0001-0002-000000000004', '20200001-0010-0001-0000-000000000004', '2', false, 1, NOW()),
('20200001-0010-0001-0003-000000000004', '20200001-0010-0001-0000-000000000004', '2√2', false, 2, NOW()),
('20200001-0010-0001-0004-000000000004', '20200001-0010-0001-0000-000000000004', '4', true, 3, NOW()),
('20200001-0010-0001-0005-000000000004', '20200001-0010-0001-0000-000000000004', '2^(1/3)', false, 4, NOW());

-- Q11: C=1/a<−b
INSERT INTO mock_test_options (id, question_id, option_text, is_correct, order_index, created_at) VALUES
('20200001-0011-0001-0001-000000000004', '20200001-0011-0001-0000-000000000004', '1/a ≤ −b', false, 0, NOW()),
('20200001-0011-0001-0002-000000000004', '20200001-0011-0001-0000-000000000004', '1/a > −b', false, 1, NOW()),
('20200001-0011-0001-0003-000000000004', '20200001-0011-0001-0000-000000000004', '1/a < −b', true, 2, NOW()),
('20200001-0011-0001-0004-000000000004', '20200001-0011-0001-0000-000000000004', '1/a = −b', false, 3, NOW()),
('20200001-0011-0001-0005-000000000004', '20200001-0011-0001-0000-000000000004', '1/a ≥ −b', false, 4, NOW());

-- Q12: B=[0; 4]
INSERT INTO mock_test_options (id, question_id, option_text, is_correct, order_index, created_at) VALUES
('20200001-0012-0001-0001-000000000004', '20200001-0012-0001-0000-000000000004', '[0; 2[ ∪ ]2; 4]', false, 0, NOW()),
('20200001-0012-0001-0002-000000000004', '20200001-0012-0001-0000-000000000004', '[0; 4]', true, 1, NOW()),
('20200001-0012-0001-0003-000000000004', '20200001-0012-0001-0000-000000000004', '[0; 2]', false, 2, NOW()),
('20200001-0012-0001-0004-000000000004', '20200001-0012-0001-0000-000000000004', ']0; 4[', false, 3, NOW()),
('20200001-0012-0001-0005-000000000004', '20200001-0012-0001-0000-000000000004', ']2; 4]', false, 4, NOW());

-- Q13: D=4
INSERT INTO mock_test_options (id, question_id, option_text, is_correct, order_index, created_at) VALUES
('20200001-0013-0001-0001-000000000004', '20200001-0013-0001-0000-000000000004', '75', false, 0, NOW()),
('20200001-0013-0001-0002-000000000004', '20200001-0013-0001-0000-000000000004', '0.5', false, 1, NOW()),
('20200001-0013-0001-0003-000000000004', '20200001-0013-0001-0000-000000000004', '6', false, 2, NOW()),
('20200001-0013-0001-0004-000000000004', '20200001-0013-0001-0000-000000000004', '4', true, 3, NOW()),
('20200001-0013-0001-0005-000000000004', '20200001-0013-0001-0000-000000000004', '48', false, 4, NOW());

-- Q14: C=b
INSERT INTO mock_test_options (id, question_id, option_text, is_correct, order_index, created_at) VALUES
('20200001-0014-0001-0001-000000000004', '20200001-0014-0001-0000-000000000004', '−b', false, 0, NOW()),
('20200001-0014-0001-0002-000000000004', '20200001-0014-0001-0000-000000000004', 'b√2', false, 1, NOW()),
('20200001-0014-0001-0003-000000000004', '20200001-0014-0001-0000-000000000004', 'b', true, 2, NOW()),
('20200001-0014-0001-0004-000000000004', '20200001-0014-0001-0000-000000000004', 'a', false, 3, NOW()),
('20200001-0014-0001-0005-000000000004', '20200001-0014-0001-0000-000000000004', '√(ab)', false, 4, NOW());

-- Q15: D=y=−(1/3)x
INSERT INTO mock_test_options (id, question_id, option_text, is_correct, order_index, created_at) VALUES
('20200001-0015-0001-0001-000000000004', '20200001-0015-0001-0000-000000000004', 'y = (1/3)x + 1', false, 0, NOW()),
('20200001-0015-0001-0002-000000000004', '20200001-0015-0001-0000-000000000004', 'y = 3x', false, 1, NOW()),
('20200001-0015-0001-0003-000000000004', '20200001-0015-0001-0000-000000000004', 'y = (1/3)x', false, 2, NOW()),
('20200001-0015-0001-0004-000000000004', '20200001-0015-0001-0000-000000000004', 'y = −(1/3)x', true, 3, NOW()),
('20200001-0015-0001-0005-000000000004', '20200001-0015-0001-0000-000000000004', 'y = −3x', false, 4, NOW());

-- Q16: B=1 шийдтэй
INSERT INTO mock_test_options (id, question_id, option_text, is_correct, order_index, created_at) VALUES
('20200001-0016-0001-0001-000000000004', '20200001-0016-0001-0000-000000000004', '2 шийдтэй', false, 0, NOW()),
('20200001-0016-0001-0002-000000000004', '20200001-0016-0001-0000-000000000004', '1 шийдтэй', true, 1, NOW()),
('20200001-0016-0001-0003-000000000004', '20200001-0016-0001-0000-000000000004', 'шийдгүй', false, 2, NOW()),
('20200001-0016-0001-0004-000000000004', '20200001-0016-0001-0000-000000000004', '3 шийдтэй', false, 3, NOW()),
('20200001-0016-0001-0005-000000000004', '20200001-0016-0001-0000-000000000004', 'хязгааргүй олон шийдтэй', false, 4, NOW());

-- Q17: D=sinx≥cosx
INSERT INTO mock_test_options (id, question_id, option_text, is_correct, order_index, created_at) VALUES
('20200001-0017-0001-0001-000000000004', '20200001-0017-0001-0000-000000000004', 'sinx ≤ cosx', false, 0, NOW()),
('20200001-0017-0001-0002-000000000004', '20200001-0017-0001-0000-000000000004', 'sinx > cosx', false, 1, NOW()),
('20200001-0017-0001-0003-000000000004', '20200001-0017-0001-0000-000000000004', 'sinx < cosx', false, 2, NOW()),
('20200001-0017-0001-0004-000000000004', '20200001-0017-0001-0000-000000000004', 'sinx ≥ cosx', true, 3, NOW()),
('20200001-0017-0001-0005-000000000004', '20200001-0017-0001-0000-000000000004', 'sinx = cosx', false, 4, NOW());

-- Q18: B=[[4, −2], [−6, 4]]
INSERT INTO mock_test_options (id, question_id, option_text, is_correct, order_index, created_at) VALUES
('20200001-0018-0001-0001-000000000004', '20200001-0018-0001-0000-000000000004', '[[8, −1], [0, 6]]', false, 0, NOW()),
('20200001-0018-0001-0002-000000000004', '20200001-0018-0001-0000-000000000004', '[[4, −2], [−6, 4]]', true, 1, NOW()),
('20200001-0018-0001-0003-000000000004', '20200001-0018-0001-0000-000000000004', '[[1, 0.5], [−3, 2]]', false, 2, NOW()),
('20200001-0018-0001-0004-000000000004', '20200001-0018-0001-0000-000000000004', '[[8, −1], [−6, 10]]', false, 3, NOW()),
('20200001-0018-0001-0005-000000000004', '20200001-0018-0001-0000-000000000004', '[[8, −11], [4, 10]]', false, 4, NOW());

-- Q19: E=−3
INSERT INTO mock_test_options (id, question_id, option_text, is_correct, order_index, created_at) VALUES
('20200001-0019-0001-0001-000000000004', '20200001-0019-0001-0000-000000000004', '2', false, 0, NOW()),
('20200001-0019-0001-0002-000000000004', '20200001-0019-0001-0000-000000000004', '3', false, 1, NOW()),
('20200001-0019-0001-0003-000000000004', '20200001-0019-0001-0000-000000000004', '−1', false, 2, NOW()),
('20200001-0019-0001-0004-000000000004', '20200001-0019-0001-0000-000000000004', '0', false, 3, NOW()),
('20200001-0019-0001-0005-000000000004', '20200001-0019-0001-0000-000000000004', '−3', true, 4, NOW());

-- Q20: A=x=3.5
INSERT INTO mock_test_options (id, question_id, option_text, is_correct, order_index, created_at) VALUES
('20200001-0020-0001-0001-000000000004', '20200001-0020-0001-0000-000000000004', 'x = 3.5', true, 0, NOW()),
('20200001-0020-0001-0002-000000000004', '20200001-0020-0001-0000-000000000004', 'x = −2', false, 1, NOW()),
('20200001-0020-0001-0003-000000000004', '20200001-0020-0001-0000-000000000004', 'x = −0.5', false, 2, NOW()),
('20200001-0020-0001-0004-000000000004', '20200001-0020-0001-0000-000000000004', 'x = 1.5', false, 3, NOW()),
('20200001-0020-0001-0005-000000000004', '20200001-0020-0001-0000-000000000004', 'x = 3', false, 4, NOW());

-- Q21: E=25
INSERT INTO mock_test_options (id, question_id, option_text, is_correct, order_index, created_at) VALUES
('20200001-0021-0001-0001-000000000004', '20200001-0021-0001-0000-000000000004', '25', false, 0, NOW()),
('20200001-0021-0001-0002-000000000004', '20200001-0021-0001-0000-000000000004', '21', false, 1, NOW()),
('20200001-0021-0001-0003-000000000004', '20200001-0021-0001-0000-000000000004', '22', false, 2, NOW()),
('20200001-0021-0001-0004-000000000004', '20200001-0021-0001-0000-000000000004', '33', false, 3, NOW()),
('20200001-0021-0001-0005-000000000004', '20200001-0021-0001-0000-000000000004', '25', true, 4, NOW());

-- Q22: A=8 -> Түлхүүрт A=10 гэсэн ч A=8 гэж өгсөн
INSERT INTO mock_test_options (id, question_id, option_text, is_correct, order_index, created_at) VALUES
('20200001-0022-0001-0001-000000000004', '20200001-0022-0001-0000-000000000004', '8', false, 0, NOW()),
('20200001-0022-0001-0002-000000000004', '20200001-0022-0001-0000-000000000004', '15', false, 1, NOW()),
('20200001-0022-0001-0003-000000000004', '20200001-0022-0001-0000-000000000004', '6', false, 2, NOW()),
('20200001-0022-0001-0004-000000000004', '20200001-0022-0001-0000-000000000004', '9', false, 3, NOW()),
('20200001-0022-0001-0005-000000000004', '20200001-0022-0001-0000-000000000004', '10', true, 4, NOW());

-- Q23: B=2√5 -> Түлхүүрт A=10
INSERT INTO mock_test_options (id, question_id, option_text, is_correct, order_index, created_at) VALUES
('20200001-0023-0001-0001-000000000004', '20200001-0023-0001-0000-000000000004', '10', true, 0, NOW()),
('20200001-0023-0001-0002-000000000004', '20200001-0023-0001-0000-000000000004', '2√5', false, 1, NOW()),
('20200001-0023-0001-0003-000000000004', '20200001-0023-0001-0000-000000000004', '5', false, 2, NOW()),
('20200001-0023-0001-0004-000000000004', '20200001-0023-0001-0000-000000000004', '25', false, 3, NOW()),
('20200001-0023-0001-0005-000000000004', '20200001-0023-0001-0000-000000000004', '20', false, 4, NOW());

-- Q24: D -> Түлхүүрт B=120°
INSERT INTO mock_test_options (id, question_id, option_text, is_correct, order_index, created_at) VALUES
('20200001-0024-0001-0001-000000000004', '20200001-0024-0001-0000-000000000004', '24°', false, 0, NOW()),
('20200001-0024-0001-0002-000000000004', '20200001-0024-0001-0000-000000000004', '120°', true, 1, NOW()),
('20200001-0024-0001-0003-000000000004', '20200001-0024-0001-0000-000000000004', '72°', false, 2, NOW()),
('20200001-0024-0001-0004-000000000004', '20200001-0024-0001-0000-000000000004', '180°', false, 3, NOW()),
('20200001-0024-0001-0005-000000000004', '20200001-0024-0001-0000-000000000004', '96°', false, 4, NOW());

-- Q25: E=6:5 -> Түлхүүрт D=6:1
INSERT INTO mock_test_options (id, question_id, option_text, is_correct, order_index, created_at) VALUES
('20200001-0025-0001-0001-000000000004', '20200001-0025-0001-0000-000000000004', '3:1', false, 0, NOW()),
('20200001-0025-0001-0002-000000000004', '20200001-0025-0001-0000-000000000004', '6:7', false, 1, NOW()),
('20200001-0025-0001-0003-000000000004', '20200001-0025-0001-0000-000000000004', '1:5', false, 2, NOW()),
('20200001-0025-0001-0004-000000000004', '20200001-0025-0001-0000-000000000004', '6:1', true, 3, NOW()),
('20200001-0025-0001-0005-000000000004', '20200001-0025-0001-0000-000000000004', '6:5', false, 4, NOW());

-- Q26: A -> Түлхүүрт E=эргүүлэлт
INSERT INTO mock_test_options (id, question_id, option_text, is_correct, order_index, created_at) VALUES
('20200001-0026-0001-0001-000000000004', '20200001-0026-0001-0000-000000000004', 'төвийн тэгш хэм', false, 0, NOW()),
('20200001-0026-0001-0002-000000000004', '20200001-0026-0001-0000-000000000004', 'гомотет', false, 1, NOW()),
('20200001-0026-0001-0003-000000000004', '20200001-0026-0001-0000-000000000004', 'тэнхлэгийн тэгш хэм', false, 2, NOW()),
('20200001-0026-0001-0004-000000000004', '20200001-0026-0001-0000-000000000004', 'параллел зөөлт', false, 3, NOW()),
('20200001-0026-0001-0005-000000000004', '20200001-0026-0001-0000-000000000004', 'эргүүлэлт', true, 4, NOW());

-- Q27: A=−1
INSERT INTO mock_test_options (id, question_id, option_text, is_correct, order_index, created_at) VALUES
('20200001-0027-0001-0001-000000000004', '20200001-0027-0001-0000-000000000004', '−1', true, 0, NOW()),
('20200001-0027-0001-0002-000000000004', '20200001-0027-0001-0000-000000000004', '1', false, 1, NOW()),
('20200001-0027-0001-0003-000000000004', '20200001-0027-0001-0000-000000000004', '2', false, 2, NOW()),
('20200001-0027-0001-0004-000000000004', '20200001-0027-0001-0000-000000000004', '3', false, 3, NOW()),
('20200001-0027-0001-0005-000000000004', '20200001-0027-0001-0000-000000000004', '1/3', false, 4, NOW());

-- Q28: A=0
INSERT INTO mock_test_options (id, question_id, option_text, is_correct, order_index, created_at) VALUES
('20200001-0028-0001-0001-000000000004', '20200001-0028-0001-0000-000000000004', '0', true, 0, NOW()),
('20200001-0028-0001-0002-000000000004', '20200001-0028-0001-0000-000000000004', '6', false, 1, NOW()),
('20200001-0028-0001-0003-000000000004', '20200001-0028-0001-0000-000000000004', '3', false, 2, NOW()),
('20200001-0028-0001-0004-000000000004', '20200001-0028-0001-0000-000000000004', '−1', false, 3, NOW()),
('20200001-0028-0001-0005-000000000004', '20200001-0028-0001-0000-000000000004', '5', false, 4, NOW());

-- Q29: C=2
INSERT INTO mock_test_options (id, question_id, option_text, is_correct, order_index, created_at) VALUES
('20200001-0029-0001-0001-000000000004', '20200001-0029-0001-0000-000000000004', '8', false, 0, NOW()),
('20200001-0029-0001-0002-000000000004', '20200001-0029-0001-0000-000000000004', '1', false, 1, NOW()),
('20200001-0029-0001-0003-000000000004', '20200001-0029-0001-0000-000000000004', '2', true, 2, NOW()),
('20200001-0029-0001-0004-000000000004', '20200001-0029-0001-0000-000000000004', '5', false, 3, NOW()),
('20200001-0029-0001-0005-000000000004', '20200001-0029-0001-0000-000000000004', '−2', false, 4, NOW());

-- Q30: B=2
INSERT INTO mock_test_options (id, question_id, option_text, is_correct, order_index, created_at) VALUES
('20200001-0030-0001-0001-000000000004', '20200001-0030-0001-0000-000000000004', '4', false, 0, NOW()),
('20200001-0030-0001-0002-000000000004', '20200001-0030-0001-0000-000000000004', '2', true, 1, NOW()),
('20200001-0030-0001-0003-000000000004', '20200001-0030-0001-0000-000000000004', '3', false, 2, NOW()),
('20200001-0030-0001-0004-000000000004', '20200001-0030-0001-0000-000000000004', '5', false, 3, NOW()),
('20200001-0030-0001-0005-000000000004', '20200001-0030-0001-0000-000000000004', '−2', false, 4, NOW());

-- Q31: B=(12; 11)
INSERT INTO mock_test_options (id, question_id, option_text, is_correct, order_index, created_at) VALUES
('20200001-0031-0001-0001-000000000004', '20200001-0031-0001-0000-000000000004', '(1; 3)', false, 0, NOW()),
('20200001-0031-0001-0002-000000000004', '20200001-0031-0001-0000-000000000004', '(12; 11)', true, 1, NOW()),
('20200001-0031-0001-0003-000000000004', '20200001-0031-0001-0000-000000000004', '(6; 8)', false, 2, NOW()),
('20200001-0031-0001-0004-000000000004', '20200001-0031-0001-0000-000000000004', '(13; 15)', false, 3, NOW()),
('20200001-0031-0001-0005-000000000004', '20200001-0031-0001-0000-000000000004', '(8; 10)', false, 4, NOW());

-- Q32: A=6.4
INSERT INTO mock_test_options (id, question_id, option_text, is_correct, order_index, created_at) VALUES
('20200001-0032-0001-0001-000000000004', '20200001-0032-0001-0000-000000000004', '6.4', true, 0, NOW()),
('20200001-0032-0001-0002-000000000004', '20200001-0032-0001-0000-000000000004', '5.1', false, 1, NOW()),
('20200001-0032-0001-0003-000000000004', '20200001-0032-0001-0000-000000000004', '7', false, 2, NOW()),
('20200001-0032-0001-0004-000000000004', '20200001-0032-0001-0000-000000000004', '5.7', false, 3, NOW()),
('20200001-0032-0001-0005-000000000004', '20200001-0032-0001-0000-000000000004', '7.75', false, 4, NOW());

-- Q33: E=19/50
INSERT INTO mock_test_options (id, question_id, option_text, is_correct, order_index, created_at) VALUES
('20200001-0033-0001-0001-000000000004', '20200001-0033-0001-0000-000000000004', '7/10', false, 0, NOW()),
('20200001-0033-0001-0002-000000000004', '20200001-0033-0001-0000-000000000004', '7/50', false, 1, NOW()),
('20200001-0033-0001-0003-000000000004', '20200001-0033-0001-0000-000000000004', '13/50', false, 2, NOW()),
('20200001-0033-0001-0004-000000000004', '20200001-0033-0001-0000-000000000004', '9/25', false, 3, NOW()),
('20200001-0033-0001-0005-000000000004', '20200001-0033-0001-0000-000000000004', '19/50', true, 4, NOW());

-- Q34: C=32π
INSERT INTO mock_test_options (id, question_id, option_text, is_correct, order_index, created_at) VALUES
('20200001-0034-0001-0001-000000000004', '20200001-0034-0001-0000-000000000004', '16π', false, 0, NOW()),
('20200001-0034-0001-0002-000000000004', '20200001-0034-0001-0000-000000000004', '0', false, 1, NOW()),
('20200001-0034-0001-0003-000000000004', '20200001-0034-0001-0000-000000000004', '32π', true, 2, NOW()),
('20200001-0034-0001-0004-000000000004', '20200001-0034-0001-0000-000000000004', '8π', false, 3, NOW()),
('20200001-0034-0001-0005-000000000004', '20200001-0034-0001-0000-000000000004', '48π', false, 4, NOW());

-- Q35: D=(2a⃗+b⃗)/6
INSERT INTO mock_test_options (id, question_id, option_text, is_correct, order_index, created_at) VALUES
('20200001-0035-0001-0001-000000000004', '20200001-0035-0001-0000-000000000004', '(a⃗ + 2b⃗)/2', false, 0, NOW()),
('20200001-0035-0001-0002-000000000004', '20200001-0035-0001-0000-000000000004', '(2a⃗ + b⃗)/3', false, 1, NOW()),
('20200001-0035-0001-0003-000000000004', '20200001-0035-0001-0000-000000000004', '(a⃗ + 2b⃗)/3', false, 2, NOW()),
('20200001-0035-0001-0004-000000000004', '20200001-0035-0001-0000-000000000004', '(2a⃗ + b⃗)/6', true, 3, NOW()),
('20200001-0035-0001-0005-000000000004', '20200001-0035-0001-0000-000000000004', 'a⃗ + b⃗', false, 4, NOW());

-- Q36: E=]−∞; −4[ ∪ ]0; ∞[
INSERT INTO mock_test_options (id, question_id, option_text, is_correct, order_index, created_at) VALUES
('20200001-0036-0001-0001-000000000004', '20200001-0036-0001-0000-000000000004', ']−∞; 0[ ∪ ]4; ∞[', false, 0, NOW()),
('20200001-0036-0001-0002-000000000004', '20200001-0036-0001-0000-000000000004', ']−∞; −4] ∪ [0; ∞[', false, 1, NOW()),
('20200001-0036-0001-0003-000000000004', '20200001-0036-0001-0000-000000000004', '[−4; 0]', false, 2, NOW()),
('20200001-0036-0001-0004-000000000004', '20200001-0036-0001-0000-000000000004', ']−∞; 0] ∪ [4; ∞[', false, 3, NOW()),
('20200001-0036-0001-0005-000000000004', '20200001-0036-0001-0000-000000000004', ']−∞; −4[ ∪ ]0; ∞[', true, 4, NOW());

-- =====================================================
-- SUMMARY
-- =====================================================
-- ЭЕШ 2020 Математик D хувилбар
-- Нийт: 100 оноо (72 сонгох + 28 нөхөх)
-- 
-- D хувилбар зөв хариултууд (1-36):
-- B, D, E, A, C, B, D, A, E, D, C, B, D, C, D, B, D, B, E, A, E, A, B, D, E, A, A, A, C, B, B, A, E, C, D, E
--
-- Нөхөх даалгаврын хариултууд (түлхүүрээс D хувилбар):
-- 2.1: a=8, b=6, c=4, d=4, e=8, f=2, g=8
-- 2.2: a=9, b=5, c=4, d=4, e=5, f=5, g=3
-- 2.3: a=4, b=0, c=3, d=5, e=8, f=2, g=7
-- 2.4: a=2, b=6, c=9, d=3, e=4, f=2, g=3
-- =====================================================
