-- =====================================================
-- ЭЕШ 2020 Математик A Хувилбар - Supabase Seed Data
-- =====================================================
-- Нийт: 36 сонгох даалгавар (72 оноо) + 4 нөхөх даалгавар (28 оноо) = 100 оноо
-- A хувилбар зөв хариултууд: B,C,D,A,E,D,C,D,A,E,D,C,B,B,C,B,E,A,C,D,E,C,C,B,D,E,D,C,D,A,D,A,C,B,E,A
-- =====================================================

-- 1. Mock Test
INSERT INTO mock_tests (
    id,
    title,
    description,
    time_limit_minutes,
    total_questions,
    is_published,
    category
) VALUES (
    '20200000-0000-0000-0000-000000000001',
    'ЭЕШ 2020 Математик Хувилбар A',
    'Элсэлтийн ерөнхий шалгалт 2020 оны Математикийн хичээлийн Хувилбар A. Нэгдүгээр хэсэг: 36 сонгох даалгавар (72 оноо). Хоёрдугаар хэсэг: 4 нөхөх даалгавар (28 оноо). Нийт 100 оноо.',
    180,
    40,
    true,
    'math'
);

-- 2. Sections
INSERT INTO mock_test_sections (id, mock_test_id, subject, title, order_index, created_at) VALUES 
('20200000-0001-0000-0000-000000000001', '20200000-0000-0000-0000-000000000001', 'math', 'Нэгдүгээр хэсэг - Сонгох даалгавар', 1, NOW()),
('20200000-0002-0000-0000-000000000001', '20200000-0000-0000-0000-000000000001', 'math', 'Хоёрдугаар хэсэг - Нөхөх даалгавар', 2, NOW());

-- 3. Problems (36 сонгох + 4 нөхөх)
INSERT INTO mock_test_problems (id, section_id, problem_number, title, context, order_index, created_at) VALUES
-- 1 оноотой (1-10)
('20200001-0001-0000-0000-000000000001', '20200000-0001-0000-0000-000000000001', 1, 'Асуулт 1', 'Утгыг олоорой: (1/6 − 1/7) · 42 =', 1, NOW()),
('20200001-0002-0000-0000-000000000001', '20200000-0001-0000-0000-000000000001', 2, 'Асуулт 2', 'A(3; 1) цэгийг y = x шулууны хувьд тэгш хэмтэй хувиргахад гарах дүрийн координатыг ол.', 2, NOW()),
('20200001-0003-0000-0000-000000000001', '20200000-0001-0000-0000-000000000001', 3, 'Асуулт 3', 'Хоккейн багийн 15 тоглогчийн авсан оноог дор харуулсан бол тоглогчдын онооны моодыг ол. 1,0,2,4,0,1,1,1,2,5,3,0,4,2,2', 3, NOW()),
('20200001-0004-0000-0000-000000000001', '20200000-0001-0000-0000-000000000001', 4, 'Асуулт 4', 'y = 2x + 1 функцийн урвуу функц аль нь вэ?', 4, NOW()),
('20200001-0005-0000-0000-000000000001', '20200000-0001-0000-0000-000000000001', 5, 'Асуулт 5', 'ab/(a+b) · (b/a − a/b) илэрхийллийг хялбарчил.', 5, NOW()),
('20200001-0006-0000-0000-000000000001', '20200000-0001-0000-0000-000000000001', 6, 'Асуулт 6', 'Зурагт дүрслэгдсэн олонлогийн будагдсан хэсгийг тодорхойл.', 6, NOW()),
('20200001-0007-0000-0000-000000000001', '20200000-0001-0000-0000-000000000001', 7, 'Асуулт 7', 'aₙ₊₁ = 2aₙ + 1 дарааллын a₁ = 1 бол a₄ хэд вэ?', 7, NOW()),
('20200001-0008-0000-0000-000000000001', '20200000-0001-0000-0000-000000000001', 8, 'Асуулт 8', 'a⃗(2; −1; 3), b⃗(−1; y; 4) ба a⃗, b⃗ векторууд перпендикуляр бол y-ийн утгыг ол.', 8, NOW()),
('20200001-0009-0000-0000-000000000001', '20200000-0001-0000-0000-000000000001', 9, 'Асуулт 9', 'f(x) = (3 − x)⁶ бол f′(x)-ийг ол.', 9, NOW()),
('20200001-0010-0000-0000-000000000001', '20200000-0001-0000-0000-000000000001', 10, 'Асуулт 10', '(5√2 − 3√2)^(4/3) илэрхийллийн утга аль вэ?', 10, NOW()),
-- 2 оноотой (11-24)
('20200001-0011-0000-0000-000000000001', '20200000-0001-0000-0000-000000000001', 11, 'Асуулт 11', '−1 < a < 0 ба 0 < b < 1 бол −a ба 1/b-г жиш.', 11, NOW()),
('20200001-0012-0000-0000-000000000001', '20200000-0001-0000-0000-000000000001', 12, 'Асуулт 12', 'f(x) = {(1/2)x², 0≤x≤1; (1/2)x+1, 1≤x≤5} функцийн дүрийг олоорой.', 12, NOW()),
('20200001-0013-0000-0000-000000000001', '20200000-0001-0000-0000-000000000001', 13, 'Асуулт 13', '{5^x + 3^y = 28, 5^x − 3^y = 22} бол x·y үржвэрийг олоорой.', 13, NOW()),
('20200001-0014-0000-0000-000000000001', '20200000-0001-0000-0000-000000000001', 14, 'Асуулт 14', '√(b(√a + √(a−b))(√a − √(a−b))) илэрхийллийг хялбарчлаарай. Энд 0 ≤ b ≤ a', 14, NOW()),
('20200001-0015-0000-0000-000000000001', '20200000-0001-0000-0000-000000000001', 15, 'Асуулт 15', 'y = 2x + 5 шулуунтай перпендикуляр бөгөөд координатын эхийг дайрсан шулууны тэгшитгэлийг бичээрэй.', 15, NOW()),
('20200001-0016-0000-0000-000000000001', '20200000-0001-0000-0000-000000000001', 16, 'Асуулт 16', '|x − 2| = |x − 3| + 2 тэгшитгэл хэдэн шийдтэй вэ?', 16, NOW()),
('20200001-0017-0000-0000-000000000001', '20200000-0001-0000-0000-000000000001', 17, 'Асуулт 17', '0° < x ≤ 45° бол sinx ба cosx-ийг жишээрэй.', 17, NOW()),
('20200001-0018-0000-0000-000000000001', '20200000-0001-0000-0000-000000000001', 18, 'Асуулт 18', 'A = [[4, 1], [6, 2]] бол 4A⁻¹ + A-г ол.', 18, NOW()),
('20200001-0019-0000-0000-000000000001', '20200000-0001-0000-0000-000000000001', 19, 'Асуулт 19', 'f(x) = x³ + mx² − x + 2 олон гишүүнтийн язгуурууд нь x₁ = 2; x₂; x₃ бол x₁ + x₂ + x₃ хэд вэ?', 19, NOW()),
('20200001-0020-0000-0000-000000000001', '20200000-0001-0000-0000-000000000001', 20, 'Асуулт 20', 'Зураг дээр f(x) функцийн уламжлал болох f′(x) функцийн график [−2; 3.5] завсарт өгөв. Энэ завсарын ямар утганд f(x) функц хамгийн бага утгаа авах вэ?', 20, NOW()),
('20200001-0021-0000-0000-000000000001', '20200000-0001-0000-0000-000000000001', 21, 'Асуулт 21', 'Хэрэв ∫₀³f(x)dx = 5 бол ∫₀³(f(x) + 2x + 3)dx-ийн утгыг ол.', 21, NOW()),
('20200001-0022-0000-0000-000000000001', '20200000-0001-0000-0000-000000000001', 22, 'Асуулт 22', '1,2,3,4,5 гэсэн дугаартай таван картыг хэрэглэн цифрүүд нь өсөх гурван оронтой тоо хэдийг зохиож болох вэ?', 22, NOW()),
('20200001-0023-0000-0000-000000000001', '20200000-0001-0000-0000-000000000001', 23, 'Асуулт 23', 'AD, BC суурьтай ABCD трапецийн A ба B оройн биссектрисүүдийн огтлолцлын цэг K байв. ABK гурвалжныг багтаасан тойргийн радиус R = 3 бол AB талын уртыг ол.', 23, NOW()),
('20200001-0024-0000-0000-000000000001', '20200000-0001-0000-0000-000000000001', 24, 'Асуулт 24', 'Дугуйг өнцгүүд нь арифметик прогресс үүсгэдэг байхаар таван секторт хуваажээ. Хэрэв хамгийн том секторын өнцөг нь хамгийн бага секторын өнцгөөс 5 дахин их бол хамгийн том секторын өнцгийг ол.', 24, NOW()),
-- 2 оноотой үргэлжлэл (25-27)
('20200001-0025-0000-0000-000000000001', '20200000-0001-0000-0000-000000000001', 25, 'Асуулт 25', 'y = x⁵ функцийн график дээр орших P цэгийн Ox, Oy тэнхлэгт буулгасан перпендикуляр суурь харгалзан A, B бол OAPB тэгш өнцөгтийн талбайг y = x⁵ функцийн график ямар харьцаагаар хуваах вэ?', 25, NOW()),
('20200001-0026-0000-0000-000000000001', '20200000-0001-0000-0000-000000000001', 26, 'Асуулт 26', '[[0, −1], [1, 0]] матриц ямар хувиргалтыг тодорхойлох вэ?', 26, NOW()),
('20200001-0027-0000-0000-000000000001', '20200000-0001-0000-0000-000000000001', 27, 'Асуулт 27', 'x ≥ m үед f(x) = 3x² − 6x + 2 гэж тодорхойлогдсон функц харилцан нэгэн утгатай бол m-ийн хамгийн бага утгыг олоорой.', 27, NOW()),
-- 3 оноотой (28-36)
('20200001-0028-0000-0000-000000000001', '20200000-0001-0000-0000-000000000001', 28, 'Асуулт 28', 'Q(x) = x + 2 олон гишүүнт нь P(x) = 2x³ + x² − 5x + 2 олон гишүүнтийг хуваадаг бол ноогдвор олон гишүүнтийн коэффициентүүдийн нийлбэрийг ол.', 28, NOW()),
('20200001-0029-0000-0000-000000000001', '20200000-0001-0000-0000-000000000001', 29, 'Асуулт 29', 'Зурагт y = a + bsinx функцийн график өгөгджээ. Зураг ашиглан a·b үржвэрийг олоорой.', 29, NOW()),
('20200001-0030-0000-0000-000000000001', '20200000-0001-0000-0000-000000000001', 30, 'Асуулт 30', '(3x+2)/(x²(x+1)) = A/x + B/x² + C/(x+1) бол A + B + C-ийг олоорой.', 30, NOW()),
('20200001-0031-0000-0000-000000000001', '20200000-0001-0000-0000-000000000001', 31, 'Асуулт 31', 'ABCD параллелограммын AB тал y = 3x тэгшитгэлтэй, AD тал нь 4y = x + 11 тэгшитгэлтэй. AC ба BD диагоналиудын нь E(6.5; 8.5) цэгт огтлолцдог бол C цэгийн координатыг олоорой.', 31, NOW()),
('20200001-0032-0000-0000-000000000001', '20200000-0001-0000-0000-000000000001', 32, 'Асуулт 32', '20 сурагч нэгэн геометрийн бодлого боджээ. Тэдний зарцуулсан хугацааг бүлэглэсэн давтамжийн хүснэгтээр харуулав. Сурагчдын уг бодлогыг бодсон хугацааны арифметик дунджийг, интервалын дунджийг нь ашиглан тооцоолоорой.', 32, NOW()),
('20200001-0033-0000-0000-000000000001', '20200000-0001-0000-0000-000000000001', 33, 'Асуулт 33', 'A хайрцагт 4, 5, 8 дугаартай гурван бөмбөг, B хайрцагт 1, 3, 6, 8, 8 дугаартай таван бөмбөг, C хайрцагт 7, 8, 8, 8, 8, 9 дугаартай зургаан бөмбөг байв. Хайрцагт тус бүрээс санамсаргүйгээр нэг нэг бөмбөг сонгоход яг хоёр бөмбөг нь ижил дугаартай байх магадлалыг ол.', 33, NOW()),
('20200001-0034-0000-0000-000000000001', '20200000-0001-0000-0000-000000000001', 34, 'Асуулт 34', 'r + h = 6 байх радиустай, h өндөртэй цилиндрийн эзэлхүүн хамгийн их утгыг ол. (V = πr²h)', 34, NOW()),
('20200001-0035-0000-0000-000000000001', '20200000-0001-0000-0000-000000000001', 35, 'Асуулт 35', 'OACB квадратын AC талын дундаж цэг M ба AB диагональ OM хэрчимтэй P цэгт огтлолцдог. Хэрэв OA⃗ = a⃗, OB⃗ = b⃗ бол OP⃗-ийг a⃗, b⃗-ээр илэрхийл.', 35, NOW()),
('20200001-0036-0000-0000-000000000001', '20200000-0001-0000-0000-000000000001', 36, 'Асуулт 36', 'y = ax² парабол y = ax + 1 шулуунтай яг хоёр цэгээр огтлолцдог байх a-ийн бүх бодит тоон утгыг олонлогийг ол.', 36, NOW()),
-- Нөхөх даалгаврууд (2.1-2.4)
('20200002-0001-0000-0000-000000000001', '20200000-0002-0000-0000-000000000001', 1, 'Даалгавар 2.1', '48 периметртэй байшингийн суурь дүрслэгджээ. Тэгвэл суурийн талбай хамгийн ихдээ хэд байж болох вэ? (7 оноо)', 37, NOW()),
('20200002-0002-0000-0000-000000000001', '20200000-0002-0000-0000-000000000001', 2, 'Даалгавар 2.2', 'ABCD тэгш өнцөгт хэлбэртэй цөөрмийн D цэгт завьтай хүн байв. AD = 3км, AB = 5 км бол хамгийн бага хугацааг олоорой. (7 оноо)', 38, NOW()),
('20200002-0003-0000-0000-000000000001', '20200000-0002-0000-0000-000000000001', 3, 'Даалгавар 2.3', 'Бат амралтаараа арван кино үзсэн бөгөөд үргэлжлэх хугацааг судалгаа хийжээ. Дундаж хугацаа ба стандарт хазайлтыг ол. (7 оноо)', 39, NOW()),
('20200002-0004-0000-0000-000000000001', '20200000-0002-0000-0000-000000000001', 4, 'Даалгавар 2.4', 'R = 4 радиустай тойрогт багтсан ABCDE таван өнцөгтийн талбайг ол. (7 оноо)', 40, NOW());

-- 4. Questions
INSERT INTO mock_test_questions (id, problem_id, question_number, question_text, explanation, points, order_index, created_at) VALUES
('20200001-0001-0001-0000-000000000001', '20200001-0001-0000-0000-000000000001', '1', '(1/6 − 1/7) · 42 утгыг олоорой.', '(1/6 − 1/7) · 42 = (7−6)/42 · 42 = 1', 1, 1, NOW()),
('20200001-0002-0001-0000-000000000001', '20200001-0002-0000-0000-000000000001', '2', 'A(3; 1) цэгийг y = x шулууны хувьд тэгш хэмтэй хувиргахад гарах дүрийн координатыг ол.', 'y = x шулууны хувьд (x, y) → (y, x), тиймээс (3, 1) → (1, 3)', 1, 1, NOW()),
('20200001-0003-0001-0000-000000000001', '20200001-0003-0000-0000-000000000001', '3', 'Тоглогчдын онооны моодыг ол.', 'Моод = хамгийн олон удаа давтагдсан утга. 1 ба 2 тус бүр 4 удаа', 1, 1, NOW()),
('20200001-0004-0001-0000-000000000001', '20200001-0004-0000-0000-000000000001', '4', 'y = 2x + 1 функцийн урвуу функцийг ол.', 'x = 2y + 1 → y = (x−1)/2', 1, 1, NOW()),
('20200001-0005-0001-0000-000000000001', '20200001-0005-0000-0000-000000000001', '5', 'Илэрхийллийг хялбарчил.', 'ab/(a+b) · (b²−a²)/(ab) = (b−a)(b+a)/(a+b) = b − a', 1, 1, NOW()),
('20200001-0006-0001-0000-000000000001', '20200001-0006-0000-0000-000000000001', '6', 'Будагдсан хэсгийг тодорхойл.', 'A̅ ∩ B', 1, 1, NOW()),
('20200001-0007-0001-0000-000000000001', '20200001-0007-0000-0000-000000000001', '7', 'a₄ утгыг ол.', 'a₁=1, a₂=3, a₃=7, a₄=15', 1, 1, NOW()),
('20200001-0008-0001-0000-000000000001', '20200001-0008-0000-0000-000000000001', '8', 'y-ийн утгыг ол.', 'a⃗·b⃗ = −2 − y + 12 = 0 → y = 10', 1, 1, NOW()),
('20200001-0009-0001-0000-000000000001', '20200001-0009-0000-0000-000000000001', '9', 'f′(x)-ийг ол.', 'f′(x) = 6(3−x)⁵·(−1) = −6(3−x)⁵', 1, 1, NOW()),
('20200001-0010-0001-0000-000000000001', '20200001-0010-0000-0000-000000000001', '10', 'Илэрхийллийн утгыг ол.', '(2√2)^(4/3) = 2^(4/3)·2^(2/3) = 2² = 4', 1, 1, NOW()),
('20200001-0011-0001-0000-000000000001', '20200001-0011-0000-0000-000000000001', '11', '−a ба 1/b-г жиш.', '0 < −a < 1, 1/b > 1 тул −a < 1/b', 2, 1, NOW()),
('20200001-0012-0001-0000-000000000001', '20200001-0012-0000-0000-000000000001', '12', 'Функцийн дүрийг олоорой.', '[0; 0.5] ∪ [1.5; 4] → [0; 4]', 2, 1, NOW()),
('20200001-0013-0001-0000-000000000001', '20200001-0013-0000-0000-000000000001', '13', 'x·y үржвэрийг олоорой.', '5^x = 25, 3^y = 3 → x = 2, y = 1 → xy = 2', 2, 1, NOW()),
('20200001-0014-0001-0000-000000000001', '20200001-0014-0000-0000-000000000001', '14', 'Илэрхийллийг хялбарчлаарай.', '√(b·b) = b', 2, 1, NOW()),
('20200001-0015-0001-0000-000000000001', '20200001-0015-0000-0000-000000000001', '15', 'Шулууны тэгшитгэлийг бичээрэй.', 'Перпендикуляр налалт = −1/2, y = −(1/2)x', 2, 1, NOW()),
('20200001-0016-0001-0000-000000000001', '20200001-0016-0000-0000-000000000001', '16', 'Хэдэн шийдтэй вэ?', 'Шийдгүй', 2, 1, NOW()),
('20200001-0017-0001-0000-000000000001', '20200001-0017-0000-0000-000000000001', '17', 'sinx ба cosx-ийг жишээрэй.', '0° < x ≤ 45° үед sinx < cosx', 2, 1, NOW()),
('20200001-0018-0001-0000-000000000001', '20200001-0018-0000-0000-000000000001', '18', '4A⁻¹ + A-г ол.', 'det = 2, A⁻¹ = [[1, −0.5], [−3, 2]], 4A⁻¹ + A = [[8, −1], [−6, 10]]', 2, 1, NOW()),
('20200001-0019-0001-0000-000000000001', '20200001-0019-0000-0000-000000000001', '19', 'x₁ + x₂ + x₃ хэд вэ?', 'Виетийн теорем: x₁ + x₂ + x₃ = −m = 2', 2, 1, NOW()),
('20200001-0020-0001-0000-000000000001', '20200001-0020-0000-0000-000000000001', '20', 'f(x) хамгийн бага утгаа авах x.', 'f′(x) = 0 болох x = 3 дээр f(x) хамгийн бага', 2, 1, NOW()),
('20200001-0021-0001-0000-000000000001', '20200001-0021-0000-0000-000000000001', '21', 'Интегралын утгыг ол.', '5 + 9 + 9 = 23', 2, 1, NOW()),
('20200001-0022-0001-0000-000000000001', '20200001-0022-0000-0000-000000000001', '22', 'Хэдийг зохиож болох вэ?', 'C(5,3) = 10', 2, 1, NOW()),
('20200001-0023-0001-0000-000000000001', '20200001-0023-0000-0000-000000000001', '23', 'AB талын уртыг ол.', 'ABK тэнгүй хажуут, ∠K = 90°, AB = 2R·sin45°·√2 = 6', 2, 1, NOW()),
('20200001-0024-0001-0000-000000000001', '20200001-0024-0000-0000-000000000001', '24', 'Хамгийн том секторын өнцгийг ол.', 'a + 5a = 6a, нийт = 5·72° = 360°, a = 24°, 5a = 120°', 2, 1, NOW()),
('20200001-0025-0001-0000-000000000001', '20200001-0025-0000-0000-000000000001', '25', 'Харьцааг ол.', '∫x⁵dx : xy − ∫x⁵dx = 1:5', 2, 1, NOW()),
('20200001-0026-0001-0000-000000000001', '20200001-0026-0000-0000-000000000001', '26', 'Ямар хувиргалтыг тодорхойлох вэ?', '90° эргүүлэлт', 2, 1, NOW()),
('20200001-0027-0001-0000-000000000001', '20200001-0027-0000-0000-000000000001', '27', 'm-ийн хамгийн бага утгыг ол.', 'Оройн x = 1, тиймээс m = 1', 3, 1, NOW()),
('20200001-0028-0001-0000-000000000001', '20200001-0028-0000-0000-000000000001', '28', 'Коэффициентүүдийн нийлбэрийг ол.', 'P(x)/(x+2) = 2x² − 3x + 1, нийлбэр = 0', 3, 1, NOW()),
('20200001-0029-0001-0000-000000000001', '20200001-0029-0000-0000-000000000001', '29', 'a·b үржвэрийг олоорой.', 'a = 2, b = 2, ab = 4', 3, 1, NOW()),
('20200001-0030-0001-0000-000000000001', '20200001-0030-0000-0000-000000000001', '30', 'A + B + C-ийг олоорой.', 'A = −1, B = 2, C = 1, нийлбэр = 2', 3, 1, NOW()),
('20200001-0031-0001-0000-000000000001', '20200001-0031-0000-0000-000000000001', '31', 'C цэгийн координатыг олоорой.', 'A(1,3), E = (A+C)/2 → C = (12, 14)', 3, 1, NOW()),
('20200001-0032-0001-0000-000000000001', '20200001-0032-0000-0000-000000000001', '32', 'Арифметик дунджийг тооцоол.', '(6·3 + 10·7 + 4·10)/20 = 128/20 = 6.4', 3, 1, NOW()),
('20200001-0033-0001-0000-000000000001', '20200001-0033-0000-0000-000000000001', '33', 'Магадлалыг ол.', 'P = 16/45', 3, 1, NOW()),
('20200001-0034-0001-0000-000000000001', '20200001-0034-0000-0000-000000000001', '34', 'Хамгийн их утгыг ол.', 'V = πr²(6−r), V′ = 0 → r = 4, V = 32π', 3, 1, NOW()),
('20200001-0035-0001-0000-000000000001', '20200001-0035-0000-0000-000000000001', '35', 'OP⃗-ийг илэрхийл.', 'OP⃗ = (2a⃗ + b⃗)/3', 3, 1, NOW()),
('20200001-0036-0001-0000-000000000001', '20200001-0036-0000-0000-000000000001', '36', 'a-ийн утгын олонлогийг ол.', 'a < −4 эсвэл a > 0', 3, 1, NOW()),
-- Нөхөх даалгаврын асуултууд
('20200002-0001-0001-0000-000000000001', '20200002-0001-0000-0000-000000000001', '2.1', 'a, b, c, d, e, f, g утгуудыг олоорой.', 'A хувилбар: a=8, b=6, c=6, d=0, e=8, f=3, g=4 (түлхүүрээс)', 7, 1, NOW()),
('20200002-0002-0001-0000-000000000001', '20200002-0002-0000-0000-000000000001', '2.2', 'a, b, c, d, e, f, g утгуудыг олоорой.', 'A хувилбар: a=9, b=5, c=4, d=4, e=5, f=5, g=3 (түлхүүрээс)', 7, 1, NOW()),
('20200002-0003-0001-0000-000000000001', '20200002-0003-0000-0000-000000000001', '2.3', 'a, b, c, d, e, f, g утгуудыг олоорой.', 'A хувилбар: a=5, b=8, c=3, d=5, e=8, f=7, g=4 (түлхүүрээс)', 7, 1, NOW()),
('20200002-0004-0001-0000-000000000001', '20200002-0004-0000-0000-000000000001', '2.4', 'a, b, c, d, e, f, g утгуудыг олоорой.', 'A хувилбар: a=2, b=6, c=9, d=3, e=4, f=2, g=3 (түлхүүрээс)', 7, 1, NOW());

-- 5. Options - A хувилбар зөв хариултууд: B,C,D,A,E,D,C,D,A,E,D,C,B,B,C,B,E,A,C,D,E,C,C,B,D,E,D,C,D,A,D,A,C,B,E,A

-- Q1: B=1
INSERT INTO mock_test_options (id, question_id, option_text, is_correct, order_index, created_at) VALUES
('20200001-0001-0001-0001-000000000001', '20200001-0001-0001-0000-000000000001', '1/3', false, 0, NOW()),
('20200001-0001-0001-0002-000000000001', '20200001-0001-0001-0000-000000000001', '1', true, 1, NOW()),
('20200001-0001-0001-0003-000000000001', '20200001-0001-0001-0000-000000000001', '2', false, 2, NOW()),
('20200001-0001-0001-0004-000000000001', '20200001-0001-0001-0000-000000000001', '1/7', false, 3, NOW()),
('20200001-0001-0001-0005-000000000001', '20200001-0001-0001-0000-000000000001', '1/6', false, 4, NOW());

-- Q2: C=(1; 3)
INSERT INTO mock_test_options (id, question_id, option_text, is_correct, order_index, created_at) VALUES
('20200001-0002-0001-0001-000000000001', '20200001-0002-0001-0000-000000000001', '(−1; 3)', false, 0, NOW()),
('20200001-0002-0001-0002-000000000001', '20200001-0002-0001-0000-000000000001', '(3; −1)', false, 1, NOW()),
('20200001-0002-0001-0003-000000000001', '20200001-0002-0001-0000-000000000001', '(1; 3)', true, 2, NOW()),
('20200001-0002-0001-0004-000000000001', '20200001-0002-0001-0000-000000000001', '(3; 1)', false, 3, NOW()),
('20200001-0002-0001-0005-000000000001', '20200001-0002-0001-0000-000000000001', '(−1; −3)', false, 4, NOW());

-- Q3: D=1 ба 2
INSERT INTO mock_test_options (id, question_id, option_text, is_correct, order_index, created_at) VALUES
('20200001-0003-0001-0001-000000000001', '20200001-0003-0001-0000-000000000001', '0', false, 0, NOW()),
('20200001-0003-0001-0002-000000000001', '20200001-0003-0001-0000-000000000001', '0 ба 1', false, 1, NOW()),
('20200001-0003-0001-0003-000000000001', '20200001-0003-0001-0000-000000000001', '2', false, 2, NOW()),
('20200001-0003-0001-0004-000000000001', '20200001-0003-0001-0000-000000000001', '1 ба 2', true, 3, NOW()),
('20200001-0003-0001-0005-000000000001', '20200001-0003-0001-0000-000000000001', '1', false, 4, NOW());

-- Q4: A=y=(x−1)/2
INSERT INTO mock_test_options (id, question_id, option_text, is_correct, order_index, created_at) VALUES
('20200001-0004-0001-0001-000000000001', '20200001-0004-0001-0000-000000000001', 'y = (x−1)/2', true, 0, NOW()),
('20200001-0004-0001-0002-000000000001', '20200001-0004-0001-0000-000000000001', 'y = 1/(2x+1)', false, 1, NOW()),
('20200001-0004-0001-0003-000000000001', '20200001-0004-0001-0000-000000000001', 'x = (y−1)/2', false, 2, NOW()),
('20200001-0004-0001-0004-000000000001', '20200001-0004-0001-0000-000000000001', 'y = 2x − 1', false, 3, NOW()),
('20200001-0004-0001-0005-000000000001', '20200001-0004-0001-0000-000000000001', 'y = (x+1)/2', false, 4, NOW());

-- Q5: E=b−a
INSERT INTO mock_test_options (id, question_id, option_text, is_correct, order_index, created_at) VALUES
('20200001-0005-0001-0001-000000000001', '20200001-0005-0001-0000-000000000001', '1/(b−a)', false, 0, NOW()),
('20200001-0005-0001-0002-000000000001', '20200001-0005-0001-0000-000000000001', 'b + a', false, 1, NOW()),
('20200001-0005-0001-0003-000000000001', '20200001-0005-0001-0000-000000000001', 'a − b', false, 2, NOW()),
('20200001-0005-0001-0004-000000000001', '20200001-0005-0001-0000-000000000001', '1', false, 3, NOW()),
('20200001-0005-0001-0005-000000000001', '20200001-0005-0001-0000-000000000001', 'b − a', true, 4, NOW());

-- Q6: D=A̅∩B
INSERT INTO mock_test_options (id, question_id, option_text, is_correct, order_index, created_at) VALUES
('20200001-0006-0001-0001-000000000001', '20200001-0006-0001-0000-000000000001', 'A ∩ B̅', false, 0, NOW()),
('20200001-0006-0001-0002-000000000001', '20200001-0006-0001-0000-000000000001', 'A ∪ B̅', false, 1, NOW()),
('20200001-0006-0001-0003-000000000001', '20200001-0006-0001-0000-000000000001', 'A̅ ∪ B', false, 2, NOW()),
('20200001-0006-0001-0004-000000000001', '20200001-0006-0001-0000-000000000001', 'A̅ ∩ B', true, 3, NOW()),
('20200001-0006-0001-0005-000000000001', '20200001-0006-0001-0000-000000000001', 'A ∪ B', false, 4, NOW());

-- Q7: C=15
INSERT INTO mock_test_options (id, question_id, option_text, is_correct, order_index, created_at) VALUES
('20200001-0007-0001-0001-000000000001', '20200001-0007-0001-0000-000000000001', '9', false, 0, NOW()),
('20200001-0007-0001-0002-000000000001', '20200001-0007-0001-0000-000000000001', '7', false, 1, NOW()),
('20200001-0007-0001-0003-000000000001', '20200001-0007-0001-0000-000000000001', '15', true, 2, NOW()),
('20200001-0007-0001-0004-000000000001', '20200001-0007-0001-0000-000000000001', '31', false, 3, NOW()),
('20200001-0007-0001-0005-000000000001', '20200001-0007-0001-0000-000000000001', '14', false, 4, NOW());

-- Q8: D=10
INSERT INTO mock_test_options (id, question_id, option_text, is_correct, order_index, created_at) VALUES
('20200001-0008-0001-0001-000000000001', '20200001-0008-0001-0000-000000000001', '9', false, 0, NOW()),
('20200001-0008-0001-0002-000000000001', '20200001-0008-0001-0000-000000000001', '7', false, 1, NOW()),
('20200001-0008-0001-0003-000000000001', '20200001-0008-0001-0000-000000000001', '−10', false, 2, NOW()),
('20200001-0008-0001-0004-000000000001', '20200001-0008-0001-0000-000000000001', '10', true, 3, NOW()),
('20200001-0008-0001-0005-000000000001', '20200001-0008-0001-0000-000000000001', '0', false, 4, NOW());

-- Q9: A=−6(3−x)⁵
INSERT INTO mock_test_options (id, question_id, option_text, is_correct, order_index, created_at) VALUES
('20200001-0009-0001-0001-000000000001', '20200001-0009-0001-0000-000000000001', '−6·(3−x)⁵', true, 0, NOW()),
('20200001-0009-0001-0002-000000000001', '20200001-0009-0001-0000-000000000001', '6·(3−x)⁵', false, 1, NOW()),
('20200001-0009-0001-0003-000000000001', '20200001-0009-0001-0000-000000000001', '−(3−x)⁵/6', false, 2, NOW()),
('20200001-0009-0001-0004-000000000001', '20200001-0009-0001-0000-000000000001', '−(3−x)⁵/6', false, 3, NOW()),
('20200001-0009-0001-0005-000000000001', '20200001-0009-0001-0000-000000000001', '−(3−x)⁷/7', false, 4, NOW());

-- Q10: E=4
INSERT INTO mock_test_options (id, question_id, option_text, is_correct, order_index, created_at) VALUES
('20200001-0010-0001-0001-000000000001', '20200001-0010-0001-0000-000000000001', '2^(1/3)', false, 0, NOW()),
('20200001-0010-0001-0002-000000000001', '20200001-0010-0001-0000-000000000001', '2', false, 1, NOW()),
('20200001-0010-0001-0003-000000000001', '20200001-0010-0001-0000-000000000001', '2√2', false, 2, NOW()),
('20200001-0010-0001-0004-000000000001', '20200001-0010-0001-0000-000000000001', '4^(1/3)', false, 3, NOW()),
('20200001-0010-0001-0005-000000000001', '20200001-0010-0001-0000-000000000001', '4', true, 4, NOW());

-- Q11: D=−a<1/b
INSERT INTO mock_test_options (id, question_id, option_text, is_correct, order_index, created_at) VALUES
('20200001-0011-0001-0001-000000000001', '20200001-0011-0001-0000-000000000001', '−a = 1/b', false, 0, NOW()),
('20200001-0011-0001-0002-000000000001', '20200001-0011-0001-0000-000000000001', '−a > 1/b', false, 1, NOW()),
('20200001-0011-0001-0003-000000000001', '20200001-0011-0001-0000-000000000001', '−a ≥ 1/b', false, 2, NOW()),
('20200001-0011-0001-0004-000000000001', '20200001-0011-0001-0000-000000000001', '−a < 1/b', true, 3, NOW()),
('20200001-0011-0001-0005-000000000001', '20200001-0011-0001-0000-000000000001', '−a ≤ 1/b', false, 4, NOW());

-- Q12: C=[0; 4]
INSERT INTO mock_test_options (id, question_id, option_text, is_correct, order_index, created_at) VALUES
('20200001-0012-0001-0001-000000000001', '20200001-0012-0001-0000-000000000001', '[0; 2]', false, 0, NOW()),
('20200001-0012-0001-0002-000000000001', '20200001-0012-0001-0000-000000000001', '[0; 2[ ∪ ]2; 4]', false, 1, NOW()),
('20200001-0012-0001-0003-000000000001', '20200001-0012-0001-0000-000000000001', '[0; 4]', true, 2, NOW()),
('20200001-0012-0001-0004-000000000001', '20200001-0012-0001-0000-000000000001', ']0; 4[', false, 3, NOW()),
('20200001-0012-0001-0005-000000000001', '20200001-0012-0001-0000-000000000001', ']2; 4]', false, 4, NOW());

-- Q13: B=2
INSERT INTO mock_test_options (id, question_id, option_text, is_correct, order_index, created_at) VALUES
('20200001-0013-0001-0001-000000000001', '20200001-0013-0001-0000-000000000001', '0.5', false, 0, NOW()),
('20200001-0013-0001-0002-000000000001', '20200001-0013-0001-0000-000000000001', '2', true, 1, NOW()),
('20200001-0013-0001-0003-000000000001', '20200001-0013-0001-0000-000000000001', '6', false, 2, NOW()),
('20200001-0013-0001-0004-000000000001', '20200001-0013-0001-0000-000000000001', '4', false, 3, NOW()),
('20200001-0013-0001-0005-000000000001', '20200001-0013-0001-0000-000000000001', '3', false, 4, NOW());

-- Q14: B=b
INSERT INTO mock_test_options (id, question_id, option_text, is_correct, order_index, created_at) VALUES
('20200001-0014-0001-0001-000000000001', '20200001-0014-0001-0000-000000000001', 'a', false, 0, NOW()),
('20200001-0014-0001-0002-000000000001', '20200001-0014-0001-0000-000000000001', 'b√2', false, 1, NOW()),
('20200001-0014-0001-0003-000000000001', '20200001-0014-0001-0000-000000000001', '−b', false, 2, NOW()),
('20200001-0014-0001-0004-000000000001', '20200001-0014-0001-0000-000000000001', 'b', true, 3, NOW()),
('20200001-0014-0001-0005-000000000001', '20200001-0014-0001-0000-000000000001', '√(ab)', false, 4, NOW());

-- Q15: C=y=−(1/2)x
INSERT INTO mock_test_options (id, question_id, option_text, is_correct, order_index, created_at) VALUES
('20200001-0015-0001-0001-000000000001', '20200001-0015-0001-0000-000000000001', 'y = (1/2)x', false, 0, NOW()),
('20200001-0015-0001-0002-000000000001', '20200001-0015-0001-0000-000000000001', 'y = −2x', false, 1, NOW()),
('20200001-0015-0001-0003-000000000001', '20200001-0015-0001-0000-000000000001', 'y = −(1/2)x', true, 2, NOW()),
('20200001-0015-0001-0004-000000000001', '20200001-0015-0001-0000-000000000001', 'y = (1/2)x + 1', false, 3, NOW()),
('20200001-0015-0001-0005-000000000001', '20200001-0015-0001-0000-000000000001', 'y = 2x', false, 4, NOW());

-- Q16: B=шийдгүй
INSERT INTO mock_test_options (id, question_id, option_text, is_correct, order_index, created_at) VALUES
('20200001-0016-0001-0001-000000000001', '20200001-0016-0001-0000-000000000001', '1 шийдтэй', false, 0, NOW()),
('20200001-0016-0001-0002-000000000001', '20200001-0016-0001-0000-000000000001', 'шийдгүй', true, 1, NOW()),
('20200001-0016-0001-0003-000000000001', '20200001-0016-0001-0000-000000000001', '2 шийдтэй', false, 2, NOW()),
('20200001-0016-0001-0004-000000000001', '20200001-0016-0001-0000-000000000001', '3 шийдтэй', false, 3, NOW()),
('20200001-0016-0001-0005-000000000001', '20200001-0016-0001-0000-000000000001', 'хязгааргүй олон шийдтэй', false, 4, NOW());

-- Q17: E=sinx<cosx
INSERT INTO mock_test_options (id, question_id, option_text, is_correct, order_index, created_at) VALUES
('20200001-0017-0001-0001-000000000001', '20200001-0017-0001-0000-000000000001', 'sinx = cosx', false, 0, NOW()),
('20200001-0017-0001-0002-000000000001', '20200001-0017-0001-0000-000000000001', 'sinx ≤ cosx', false, 1, NOW()),
('20200001-0017-0001-0003-000000000001', '20200001-0017-0001-0000-000000000001', 'sinx > cosx', false, 2, NOW()),
('20200001-0017-0001-0004-000000000001', '20200001-0017-0001-0000-000000000001', 'sinx ≥ cosx', false, 3, NOW()),
('20200001-0017-0001-0005-000000000001', '20200001-0017-0001-0000-000000000001', 'sinx < cosx', true, 4, NOW());

-- Q18: A=[[8, −1], [−6, 10]]
INSERT INTO mock_test_options (id, question_id, option_text, is_correct, order_index, created_at) VALUES
('20200001-0018-0001-0001-000000000001', '20200001-0018-0001-0000-000000000001', '[[8, −1], [−6, 10]]', true, 0, NOW()),
('20200001-0018-0001-0002-000000000001', '20200001-0018-0001-0000-000000000001', '[[4, −2], [−6, 4]]', false, 1, NOW()),
('20200001-0018-0001-0003-000000000001', '20200001-0018-0001-0000-000000000001', '[[1, 0.5], [−3, 2]]', false, 2, NOW()),
('20200001-0018-0001-0004-000000000001', '20200001-0018-0001-0000-000000000001', '[[8, −1], [0, 6]]', false, 3, NOW()),
('20200001-0018-0001-0005-000000000001', '20200001-0018-0001-0000-000000000001', '[[8, −11], [4, 10]]', false, 4, NOW());

-- Q19: C=2
INSERT INTO mock_test_options (id, question_id, option_text, is_correct, order_index, created_at) VALUES
('20200001-0019-0001-0001-000000000001', '20200001-0019-0001-0000-000000000001', '−1', false, 0, NOW()),
('20200001-0019-0001-0002-000000000001', '20200001-0019-0001-0000-000000000001', '3', false, 1, NOW()),
('20200001-0019-0001-0003-000000000001', '20200001-0019-0001-0000-000000000001', '2', true, 2, NOW()),
('20200001-0019-0001-0004-000000000001', '20200001-0019-0001-0000-000000000001', '0', false, 3, NOW()),
('20200001-0019-0001-0005-000000000001', '20200001-0019-0001-0000-000000000001', '−2', false, 4, NOW());

-- Q20: D=x=3
INSERT INTO mock_test_options (id, question_id, option_text, is_correct, order_index, created_at) VALUES
('20200001-0020-0001-0001-000000000001', '20200001-0020-0001-0000-000000000001', 'x = 1.5', false, 0, NOW()),
('20200001-0020-0001-0002-000000000001', '20200001-0020-0001-0000-000000000001', 'x = −2', false, 1, NOW()),
('20200001-0020-0001-0003-000000000001', '20200001-0020-0001-0000-000000000001', 'x = −0.5', false, 2, NOW()),
('20200001-0020-0001-0004-000000000001', '20200001-0020-0001-0000-000000000001', 'x = 3', true, 3, NOW()),
('20200001-0020-0001-0005-000000000001', '20200001-0020-0001-0000-000000000001', 'x = 3.5', false, 4, NOW());

-- Q21: E=23
INSERT INTO mock_test_options (id, question_id, option_text, is_correct, order_index, created_at) VALUES
('20200001-0021-0001-0001-000000000001', '20200001-0021-0001-0000-000000000001', '24', false, 0, NOW()),
('20200001-0021-0001-0002-000000000001', '20200001-0021-0001-0000-000000000001', '17', false, 1, NOW()),
('20200001-0021-0001-0003-000000000001', '20200001-0021-0001-0000-000000000001', '14', false, 2, NOW()),
('20200001-0021-0001-0004-000000000001', '20200001-0021-0001-0000-000000000001', '33', false, 3, NOW()),
('20200001-0021-0001-0005-000000000001', '20200001-0021-0001-0000-000000000001', '23', true, 4, NOW());

-- Q22: C=10
INSERT INTO mock_test_options (id, question_id, option_text, is_correct, order_index, created_at) VALUES
('20200001-0022-0001-0001-000000000001', '20200001-0022-0001-0000-000000000001', '10', true, 0, NOW()),
('20200001-0022-0001-0002-000000000001', '20200001-0022-0001-0000-000000000001', '15', false, 1, NOW()),
('20200001-0022-0001-0003-000000000001', '20200001-0022-0001-0000-000000000001', '6', false, 2, NOW()),
('20200001-0022-0001-0004-000000000001', '20200001-0022-0001-0000-000000000001', '9', false, 3, NOW()),
('20200001-0022-0001-0005-000000000001', '20200001-0022-0001-0000-000000000001', '8', false, 4, NOW());

-- Q23: C=6
INSERT INTO mock_test_options (id, question_id, option_text, is_correct, order_index, created_at) VALUES
('20200001-0023-0001-0001-000000000001', '20200001-0023-0001-0000-000000000001', '3', false, 0, NOW()),
('20200001-0023-0001-0002-000000000001', '20200001-0023-0001-0000-000000000001', '2√3', false, 1, NOW()),
('20200001-0023-0001-0003-000000000001', '20200001-0023-0001-0000-000000000001', '6', true, 2, NOW()),
('20200001-0023-0001-0004-000000000001', '20200001-0023-0001-0000-000000000001', '9', false, 3, NOW()),
('20200001-0023-0001-0005-000000000001', '20200001-0023-0001-0000-000000000001', '12', false, 4, NOW());

-- Q24: B=120°
INSERT INTO mock_test_options (id, question_id, option_text, is_correct, order_index, created_at) VALUES
('20200001-0024-0001-0001-000000000001', '20200001-0024-0001-0000-000000000001', '24°', false, 0, NOW()),
('20200001-0024-0001-0002-000000000001', '20200001-0024-0001-0000-000000000001', '120°', true, 1, NOW()),
('20200001-0024-0001-0003-000000000001', '20200001-0024-0001-0000-000000000001', '72°', false, 2, NOW()),
('20200001-0024-0001-0004-000000000001', '20200001-0024-0001-0000-000000000001', '180°', false, 3, NOW()),
('20200001-0024-0001-0005-000000000001', '20200001-0024-0001-0000-000000000001', '96°', false, 4, NOW());

-- Q25: D=5:1
INSERT INTO mock_test_options (id, question_id, option_text, is_correct, order_index, created_at) VALUES
('20200001-0025-0001-0001-000000000001', '20200001-0025-0001-0000-000000000001', '6:1', false, 0, NOW()),
('20200001-0025-0001-0002-000000000001', '20200001-0025-0001-0000-000000000001', '5:6', false, 1, NOW()),
('20200001-0025-0001-0003-000000000001', '20200001-0025-0001-0000-000000000001', '4:5', false, 2, NOW()),
('20200001-0025-0001-0004-000000000001', '20200001-0025-0001-0000-000000000001', '5:1', true, 3, NOW()),
('20200001-0025-0001-0005-000000000001', '20200001-0025-0001-0000-000000000001', '1:2', false, 4, NOW());

-- Q26: E=эргүүлэлт
INSERT INTO mock_test_options (id, question_id, option_text, is_correct, order_index, created_at) VALUES
('20200001-0026-0001-0001-000000000001', '20200001-0026-0001-0000-000000000001', 'төвийн тэгш хэм', false, 0, NOW()),
('20200001-0026-0001-0002-000000000001', '20200001-0026-0001-0000-000000000001', 'гомотет', false, 1, NOW()),
('20200001-0026-0001-0003-000000000001', '20200001-0026-0001-0000-000000000001', 'тэнхлэгийн тэгш хэм', false, 2, NOW()),
('20200001-0026-0001-0004-000000000001', '20200001-0026-0001-0000-000000000001', 'параллел зөөлт', false, 3, NOW()),
('20200001-0026-0001-0005-000000000001', '20200001-0026-0001-0000-000000000001', 'эргүүлэлт', true, 4, NOW());

-- Q27: D=1
INSERT INTO mock_test_options (id, question_id, option_text, is_correct, order_index, created_at) VALUES
('20200001-0027-0001-0001-000000000001', '20200001-0027-0001-0000-000000000001', '3', false, 0, NOW()),
('20200001-0027-0001-0002-000000000001', '20200001-0027-0001-0000-000000000001', '−1', false, 1, NOW()),
('20200001-0027-0001-0003-000000000001', '20200001-0027-0001-0000-000000000001', '2', false, 2, NOW()),
('20200001-0027-0001-0004-000000000001', '20200001-0027-0001-0000-000000000001', '1', true, 3, NOW()),
('20200001-0027-0001-0005-000000000001', '20200001-0027-0001-0000-000000000001', '1/3', false, 4, NOW());

-- Q28: C=0
INSERT INTO mock_test_options (id, question_id, option_text, is_correct, order_index, created_at) VALUES
('20200001-0028-0001-0001-000000000001', '20200001-0028-0001-0000-000000000001', '3', false, 0, NOW()),
('20200001-0028-0001-0002-000000000001', '20200001-0028-0001-0000-000000000001', '6', false, 1, NOW()),
('20200001-0028-0001-0003-000000000001', '20200001-0028-0001-0000-000000000001', '0', true, 2, NOW()),
('20200001-0028-0001-0004-000000000001', '20200001-0028-0001-0000-000000000001', '−1', false, 3, NOW()),
('20200001-0028-0001-0005-000000000001', '20200001-0028-0001-0000-000000000001', '5', false, 4, NOW());

-- Q29: D=4
INSERT INTO mock_test_options (id, question_id, option_text, is_correct, order_index, created_at) VALUES
('20200001-0029-0001-0001-000000000001', '20200001-0029-0001-0000-000000000001', '2', false, 0, NOW()),
('20200001-0029-0001-0002-000000000001', '20200001-0029-0001-0000-000000000001', '1', false, 1, NOW()),
('20200001-0029-0001-0003-000000000001', '20200001-0029-0001-0000-000000000001', '8', false, 2, NOW()),
('20200001-0029-0001-0004-000000000001', '20200001-0029-0001-0000-000000000001', '4', true, 3, NOW()),
('20200001-0029-0001-0005-000000000001', '20200001-0029-0001-0000-000000000001', '−4', false, 4, NOW());

-- Q30: A=2
INSERT INTO mock_test_options (id, question_id, option_text, is_correct, order_index, created_at) VALUES
('20200001-0030-0001-0001-000000000001', '20200001-0030-0001-0000-000000000001', '2', true, 0, NOW()),
('20200001-0030-0001-0002-000000000001', '20200001-0030-0001-0000-000000000001', '4', false, 1, NOW()),
('20200001-0030-0001-0003-000000000001', '20200001-0030-0001-0000-000000000001', '3', false, 2, NOW()),
('20200001-0030-0001-0004-000000000001', '20200001-0030-0001-0000-000000000001', '5', false, 3, NOW()),
('20200001-0030-0001-0005-000000000001', '20200001-0030-0001-0000-000000000001', '−5', false, 4, NOW());

-- Q31: D=(12; 14)
INSERT INTO mock_test_options (id, question_id, option_text, is_correct, order_index, created_at) VALUES
('20200001-0031-0001-0001-000000000001', '20200001-0031-0001-0000-000000000001', '(13; 17)', false, 0, NOW()),
('20200001-0031-0001-0002-000000000001', '20200001-0031-0001-0000-000000000001', '(1; 3)', false, 1, NOW()),
('20200001-0031-0001-0003-000000000001', '20200001-0031-0001-0000-000000000001', '(6; 8)', false, 2, NOW()),
('20200001-0031-0001-0004-000000000001', '20200001-0031-0001-0000-000000000001', '(12; 14)', true, 3, NOW()),
('20200001-0031-0001-0005-000000000001', '20200001-0031-0001-0000-000000000001', '(8; 10)', false, 4, NOW());

-- Q32: A=6.4
INSERT INTO mock_test_options (id, question_id, option_text, is_correct, order_index, created_at) VALUES
('20200001-0032-0001-0001-000000000001', '20200001-0032-0001-0000-000000000001', '6.4', true, 0, NOW()),
('20200001-0032-0001-0002-000000000001', '20200001-0032-0001-0000-000000000001', '5.1', false, 1, NOW()),
('20200001-0032-0001-0003-000000000001', '20200001-0032-0001-0000-000000000001', '7', false, 2, NOW()),
('20200001-0032-0001-0004-000000000001', '20200001-0032-0001-0000-000000000001', '5.7', false, 3, NOW()),
('20200001-0032-0001-0005-000000000001', '20200001-0032-0001-0000-000000000001', '7.75', false, 4, NOW());

-- Q33: C=16/45
INSERT INTO mock_test_options (id, question_id, option_text, is_correct, order_index, created_at) VALUES
('20200001-0033-0001-0001-000000000001', '20200001-0033-0001-0000-000000000001', '8/45', false, 0, NOW()),
('20200001-0033-0001-0002-000000000001', '20200001-0033-0001-0000-000000000001', '39/45', false, 1, NOW()),
('20200001-0033-0001-0003-000000000001', '20200001-0033-0001-0000-000000000001', '16/45', true, 2, NOW()),
('20200001-0033-0001-0004-000000000001', '20200001-0033-0001-0000-000000000001', '2/9', false, 3, NOW()),
('20200001-0033-0001-0005-000000000001', '20200001-0033-0001-0000-000000000001', '14/45', false, 4, NOW());

-- Q34: B=32π
INSERT INTO mock_test_options (id, question_id, option_text, is_correct, order_index, created_at) VALUES
('20200001-0034-0001-0001-000000000001', '20200001-0034-0001-0000-000000000001', '0', false, 0, NOW()),
('20200001-0034-0001-0002-000000000001', '20200001-0034-0001-0000-000000000001', '32π', true, 1, NOW()),
('20200001-0034-0001-0003-000000000001', '20200001-0034-0001-0000-000000000001', '16π', false, 2, NOW()),
('20200001-0034-0001-0004-000000000001', '20200001-0034-0001-0000-000000000001', '8π', false, 3, NOW()),
('20200001-0034-0001-0005-000000000001', '20200001-0034-0001-0000-000000000001', '48π', false, 4, NOW());

-- Q35: E=(2a⃗+b⃗)/3
INSERT INTO mock_test_options (id, question_id, option_text, is_correct, order_index, created_at) VALUES
('20200001-0035-0001-0001-000000000001', '20200001-0035-0001-0000-000000000001', 'a⃗ + b⃗', false, 0, NOW()),
('20200001-0035-0001-0002-000000000001', '20200001-0035-0001-0000-000000000001', '(2a⃗ + b⃗)/2', false, 1, NOW()),
('20200001-0035-0001-0003-000000000001', '20200001-0035-0001-0000-000000000001', '(a⃗ + 2b⃗)/3', false, 2, NOW()),
('20200001-0035-0001-0004-000000000001', '20200001-0035-0001-0000-000000000001', '(a⃗ + 2b⃗)/2', false, 3, NOW()),
('20200001-0035-0001-0005-000000000001', '20200001-0035-0001-0000-000000000001', '(2a⃗ + b⃗)/3', true, 4, NOW());

-- Q36: A=]−∞; −4[ ∪ ]0; ∞[
INSERT INTO mock_test_options (id, question_id, option_text, is_correct, order_index, created_at) VALUES
('20200001-0036-0001-0001-000000000001', '20200001-0036-0001-0000-000000000001', ']−∞; −4[ ∪ ]0; ∞[', true, 0, NOW()),
('20200001-0036-0001-0002-000000000001', '20200001-0036-0001-0000-000000000001', ']−∞; −4] ∪ [0; ∞[', false, 1, NOW()),
('20200001-0036-0001-0003-000000000001', '20200001-0036-0001-0000-000000000001', '[−4; 0]', false, 2, NOW()),
('20200001-0036-0001-0004-000000000001', '20200001-0036-0001-0000-000000000001', ']−∞; 0] ∪ [4; ∞[', false, 3, NOW()),
('20200001-0036-0001-0005-000000000001', '20200001-0036-0001-0000-000000000001', ']−∞; 0[ ∪ ]4; ∞[', false, 4, NOW());

-- =====================================================
-- SUMMARY
-- =====================================================
-- ЭЕШ 2020 Математик A хувилбар
-- Нийт: 100 оноо (72 сонгох + 28 нөхөх)
-- 
-- A хувилбар зөв хариултууд (1-36):
-- B, C, D, A, E, D, C, D, A, E, D, C, B, B, C, B, E, A, C, D, E, C, C, B, D, E, D, C, D, A, D, A, C, B, E, A
--
-- Нөхөх даалгаврын хариултууд (түлхүүрээс A хувилбар):
-- 2.1: a=8, b=6, c=6, d=0, e=8, f=3, g=4
-- 2.2: a=9, b=5, c=4, d=4, e=5, f=5, g=3
-- 2.3: a=5, b=8, c=3, d=5, e=8, f=7, g=4
-- 2.4: a=2, b=6, c=9, d=3, e=4, f=2, g=3
-- =====================================================
