-- =====================================================
-- ЭЕШ 2021 Математик C Хувилбар - Supabase Seed Data
-- =====================================================
-- Нийт: 36 сонгох даалгавар (72 оноо) + 4 нөхөх даалгавар (28 оноо) = 100 оноо
-- C хувилбар зөв хариултууд: A,D,C,B,B,D,E,D,C,B,D,B,D,E,D,E,A,E,A,E,A,C,A,C,C,B,C,B,D,E,C,B,A,A,D,C
-- =====================================================

-- 1. Mock Test
INSERT INTO mock_tests (
    id,
    title,
    description,
    time_limit_minutes,
    total_questions,
    is_published,
    category
) VALUES (
    '20210000-0000-0000-0000-000000000003',
    'ЭЕШ 2021 Математик Хувилбар C',
    'Элсэлтийн ерөнхий шалгалт 2021 оны Математикийн хичээлийн Хувилбар C. Нэгдүгээр хэсэг: 36 сонгох даалгавар (72 оноо). Хоёрдугаар хэсэг: 4 нөхөх даалгавар (28 оноо). Нийт 100 оноо.',
    180,
    40,
    true,
    'math'
);

-- 2. Sections
INSERT INTO mock_test_sections (id, mock_test_id, subject, title, order_index, created_at) VALUES 
('20210000-0001-0000-0000-000000000003', '20210000-0000-0000-0000-000000000003', 'math', 'Нэгдүгээр хэсэг - Сонгох даалгавар', 1, NOW()),
('20210000-0002-0000-0000-000000000003', '20210000-0000-0000-0000-000000000003', 'math', 'Хоёрдугаар хэсэг - Нөхөх даалгавар', 2, NOW());

-- 3. Problems (36 сонгох + 4 нөхөх)
INSERT INTO mock_test_problems (id, section_id, problem_number, title, context, order_index, created_at) VALUES
-- 1 оноотой (1-10)
('20210001-0001-0000-0000-000000000003', '20210000-0001-0000-0000-000000000003', 1, 'Асуулт 1', '7.3 тоог бүхлээр тоймлоорой.', 1, NOW()),
('20210001-0002-0000-0000-000000000003', '20210000-0001-0000-0000-000000000003', 2, 'Асуулт 2', '54600 тоог стандарт хэлбэрт бичээрэй.', 2, NOW()),
('20210001-0003-0000-0000-000000000003', '20210000-0001-0000-0000-000000000003', 3, 'Асуулт 3', '0.2(6) үет аравтын бутархайг энгийн бутархайд шилжүүлээрэй.', 3, NOW()),
('20210001-0004-0000-0000-000000000003', '20210000-0001-0000-0000-000000000003', 4, 'Асуулт 4', 'P(A) = 2/5 бол A үзэгдлийн эсрэг үзэгдлийн магадлалыг олоорой.', 4, NOW()),
('20210001-0005-0000-0000-000000000003', '20210000-0001-0000-0000-000000000003', 5, 'Асуулт 5', '5^(2/3) зэргийг язгуур хэрэглэн бичээрэй.', 5, NOW()),
('20210001-0006-0000-0000-000000000003', '20210000-0001-0000-0000-000000000003', 6, 'Асуулт 6', 'f(x) = 3x + a функцийн график дээр M(−1, 2) цэг оршдог бол a тоог олоорой.', 6, NOW()),
('20210001-0007-0000-0000-000000000003', '20210000-0001-0000-0000-000000000003', 7, 'Асуулт 7', 'M(−3, 3√2) цэгээс координатын эх хүртэлх зайг олоорой.', 7, NOW()),
('20210001-0008-0000-0000-000000000003', '20210000-0001-0000-0000-000000000003', 8, 'Асуулт 8', 'A = [[5, −2], [3, 4]], B = [[2], [−3]] матрицуудын хувьд аль үйлдлийг гүйцэтгэж болох вэ?', 8, NOW()),
('20210001-0009-0000-0000-000000000003', '20210000-0001-0000-0000-000000000003', 9, 'Асуулт 9', 'cosα = −3/4, (180° < α < 270°) бол sinα-ийн утгыг олоорой.', 9, NOW()),
('20210001-0010-0000-0000-000000000003', '20210000-0001-0000-0000-000000000003', 10, 'Асуулт 10', 'f(x) = 2/√x функцийн хувьд f′(4)-ийн утгыг олоорой.', 10, NOW()),
-- 2 оноотой (11-27)
('20210001-0011-0000-0000-000000000003', '20210000-0001-0000-0000-000000000003', 11, 'Асуулт 11', '1, 1.8, 7/4, π/2 тоонуудаас √3-аас их байх бүх тоог ялган бичээрэй.', 11, NOW()),
('20210001-0012-0000-0000-000000000003', '20210000-0001-0000-0000-000000000003', 12, 'Асуулт 12', 'Есөн сурагчийн математикийн шалгалтын оноо 70, 70, 58, 41, 43, 74, 100, 60, 45 байв. Сурагчдын онооны квартиль хоорондын далайцыг олоорой.', 12, NOW()),
('20210001-0013-0000-0000-000000000003', '20210000-0001-0000-0000-000000000003', 13, 'Асуулт 13', '−1 < a < 3 үед √((a+1)²) + √(a²−6a+9) илэрхийллийг хялбарчлаарай.', 13, NOW()),
('20210001-0014-0000-0000-000000000003', '20210000-0001-0000-0000-000000000003', 14, 'Асуулт 14', 'M = [[−4, −3], [6, 4]] бол M⁻¹ матрицыг олоорой.', 14, NOW()),
('20210001-0015-0000-0000-000000000003', '20210000-0001-0000-0000-000000000003', 15, 'Асуулт 15', '{x + y = 1, 3^(x−1) = 9^y} систем тэгшитгэлээс x − y-ийг олоорой.', 15, NOW()),
('20210001-0016-0000-0000-000000000003', '20210000-0001-0000-0000-000000000003', 16, 'Асуулт 16', 'y = x² − 4x + 3, (1 ≤ x ≤ 4) функцийн утгын мужийг олоорой.', 16, NOW()),
('20210001-0017-0000-0000-000000000003', '20210000-0001-0000-0000-000000000003', 17, 'Асуулт 17', 'P(x) = x³ + x² − 3x − 5 олон гишүүнтийг Q(x) = x + 2 олон гишүүнтэд хуваахад гарах үлдэгдлийг олоорой.', 17, NOW()),
('20210001-0018-0000-0000-000000000003', '20210000-0001-0000-0000-000000000003', 18, 'Асуулт 18', 'A, B олонлогуудын хувьд |A| = 7, |A ∩ B| = 4, |A ∪ B| = 13 бол |B|-ийг олоорой.', 18, NOW()),
('20210001-0019-0000-0000-000000000003', '20210000-0001-0000-0000-000000000003', 19, 'Асуулт 19', 'x + y + z = 8 тэгшитгэл хэдэн натурал шийдтэй вэ?', 19, NOW()),
('20210001-0020-0000-0000-000000000003', '20210000-0001-0000-0000-000000000003', 20, 'Асуулт 20', 'Конусын байгуулагч нь 12 нэгж, суурийн радиус нь 8 нэгж урттай байв. Энэ конусын хажуу гадаргуугийн дэлгээс болох секторын өнцгийг олоорой.', 20, NOW()),
('20210001-0021-0000-0000-000000000003', '20210000-0001-0000-0000-000000000003', 21, 'Асуулт 21', '−2, 2, 1 тоонууд язгуур нь болох гурван зэргийн олон гишүүнт аль нь вэ?', 21, NOW()),
('20210001-0022-0000-0000-000000000003', '20210000-0001-0000-0000-000000000003', 22, 'Асуулт 22', '|2x + 1| + |x − 3| = 5 тэгшитгэлийн шийдийг олоорой.', 22, NOW()),
('20210001-0023-0000-0000-000000000003', '20210000-0001-0000-0000-000000000003', 23, 'Асуулт 23', 'dy/dx = 4x − 3 ба P(−1; 1) цэгийг дайрах муруйг олоорой.', 23, NOW()),
('20210001-0024-0000-0000-000000000003', '20210000-0001-0000-0000-000000000003', 24, 'Асуулт 24', 'f(x) = x² − 6x + 5 функцийн x = 2 цэгт татсан нормаль шулууны тэгшитгэлийг бичээрэй.', 24, NOW()),
('20210001-0025-0000-0000-000000000003', '20210000-0001-0000-0000-000000000003', 25, 'Асуулт 25', 'OAB гурвалжны AB тал дээр AC : CB = 3 : 1 байх C цэг авав. OA⃗ = a⃗, OB⃗ = b⃗ бол OC⃗-ийг a⃗, b⃗-ээр илэрхийлээрэй.', 25, NOW()),
('20210001-0026-0000-0000-000000000003', '20210000-0001-0000-0000-000000000003', 26, 'Асуулт 26', 'n ширхэг элементтэй өгөгдлийн арифметик дундаж 11.5 ба Σ(x − 10) = 27 бол n-ийн утгыг олоорой.', 26, NOW()),
('20210001-0027-0000-0000-000000000003', '20210000-0001-0000-0000-000000000003', 27, 'Асуулт 27', '(1/(x−1) + (x²−3x)/(x²−1)) ÷ (2x−2)/(x²−x−2) илэрхийллийг хялбарчлаарай.', 27, NOW()),
-- 3 оноотой (28-36)
('20210001-0028-0000-0000-000000000003', '20210000-0001-0000-0000-000000000003', 28, 'Асуулт 28', 'Зэс ба төмрийн 60 кг хайлшинд 15 кг төмөр нэмэхэд зэсийн эзлэх хувь нь 12 хувиар багассан бол хайлшинд хэдэн килограмм зэс байсан бэ?', 28, NOW()),
('20210001-0029-0000-0000-000000000003', '20210000-0001-0000-0000-000000000003', 29, 'Асуулт 29', 'Зурагт өгөгдсөн A дүрсийг B дүрсэд хувиргажээ. Хувиргалтын матрицыг олоорой.', 29, NOW()),
('20210001-0030-0000-0000-000000000003', '20210000-0001-0000-0000-000000000003', 30, 'Асуулт 30', 'Арифметик прогрессийн эхний гишүүн нь 41 ба ялгавар нь −3 байв. Эхний n гишүүний нийлбэрийн хамгийн их утгыг олоорой.', 30, NOW()),
('20210001-0031-0000-0000-000000000003', '20210000-0001-0000-0000-000000000003', 31, 'Асуулт 31', 'a⃗ = (−2, p, −3p), b⃗ = (4, p+3, 3+p), c⃗ = (2, p−2, q) байв. b⃗ − a⃗ вектор c⃗ вектортой параллель бол p, q-ийн утгыг олоорой.', 31, NOW()),
('20210001-0032-0000-0000-000000000003', '20210000-0001-0000-0000-000000000003', 32, 'Асуулт 32', '∫₁⁴ |x − 2| dx тодорхой интегралыг бодоорой.', 32, NOW()),
('20210001-0033-0000-0000-000000000003', '20210000-0001-0000-0000-000000000003', 33, 'Асуулт 33', '2 радиустай тойрогт багтсан тэгш өнцөгт гурвалжны периметр 4 + 2√5 бол гурвалжны талбайг олоорой.', 33, NOW()),
('20210001-0034-0000-0000-000000000003', '20210000-0001-0000-0000-000000000003', 34, 'Асуулт 34', 'Зурагт өгөгдсөн кубийн A₁B₁ ба D₁C₁ ирмэгүүд дээр харгалзан N, M цэгүүдийг A₁N : NB₁ = 1 : 4, D₁M : MC₁ = 1 : 4 байхаар авчээ. Кубийг MNBC хавтгайгаар огтлоход үүссэн BB₁NCC₁M ба ABNA₁DCMD₁ призмүүдийн эзлэхүүний харьцааг олоорой.', 34, NOW()),
('20210001-0035-0000-0000-000000000003', '20210000-0001-0000-0000-000000000003', 35, 'Асуулт 35', 'A(6, 2) цэгийг y = 3x − 1 шулууны хувьд тэгш хэмээр хувиргахад үүсэх цэгийн координатыг олоорой.', 35, NOW()),
('20210001-0036-0000-0000-000000000003', '20210000-0001-0000-0000-000000000003', 36, 'Асуулт 36', 'x² − 2ax + a + 6 > 0 тэнцэтгэл биш бүх бодит тоо x-ийн хувьд үнэн байх a тооны утгын мужийг олоорой.', 36, NOW()),
-- Нөхөх даалгаврууд (2.1-2.4)
('20210002-0001-0000-0000-000000000003', '20210000-0002-0000-0000-000000000003', 1, 'Даалгавар 2.1', 'Тойрогт багтсан ABCD дөрвөн өнцөгтийн AB = 5, BC = 8, CD = 3, ∠ABC = 60° байв. Тойргийн радиус болон дөрвөн өнцөгтийн талбайг олоорой. (7 оноо)', 37, NOW()),
('20210002-0002-0000-0000-000000000003', '20210000-0002-0000-0000-000000000003', 2, 'Даалгавар 2.2', 'Уутанд 2, 3, 4 дугаартай хөх өнгийн мөн 2, 3 дугаартай улаан өнгийн, нийт таван бөмбөг байв. Тоглогч уутнаас санамсаргүйгээр хоёр бөмбөг авч, дугаарын нийлбэрийг өөрийн оноо гэж тооцно. (7 оноо)', 38, NOW()),
('20210002-0003-0000-0000-000000000003', '20210000-0002-0000-0000-000000000003', 3, 'Даалгавар 2.3', 'y = (1/3)x³ − (1/2)x² − 2x + 5/6 функцийг уламжлал хэрэглэн шинжилье. (7 оноо)', 39, NOW()),
('20210002-0004-0000-0000-000000000003', '20210000-0002-0000-0000-000000000003', 4, 'Даалгавар 2.4', 'f(x) = (2x−4)/(x−3) функц авч үзье. (7 оноо)', 40, NOW());

-- 4. Questions
INSERT INTO mock_test_questions (id, problem_id, question_number, question_text, explanation, points, order_index, created_at) VALUES
('20210001-0001-0001-0000-000000000003', '20210001-0001-0000-0000-000000000003', '1', '7.3 тоог бүхлээр тоймлоорой.', '7.3 ≈ 7', 1, 1, NOW()),
('20210001-0002-0001-0000-000000000003', '20210001-0002-0000-0000-000000000003', '2', '54600 тоог стандарт хэлбэрт бичээрэй.', '54600 = 5.46 × 10⁴', 1, 1, NOW()),
('20210001-0003-0001-0000-000000000003', '20210001-0003-0000-0000-000000000003', '3', '0.2(6) бутархайг энгийн бутархайд шилжүүлээрэй.', '0.2666... = 4/15', 1, 1, NOW()),
('20210001-0004-0001-0000-000000000003', '20210001-0004-0000-0000-000000000003', '4', 'Эсрэг үзэгдлийн магадлалыг олоорой.', 'P(Ā) = 1 − 2/5 = 3/5', 1, 1, NOW()),
('20210001-0005-0001-0000-000000000003', '20210001-0005-0000-0000-000000000003', '5', '5^(2/3) зэргийг язгуур хэрэглэн бичээрэй.', '5^(2/3) = ³√25', 1, 1, NOW()),
('20210001-0006-0001-0000-000000000003', '20210001-0006-0000-0000-000000000003', '6', 'a тоог олоорой.', 'f(−1) = 3(−1) + a = 2 → a = 5', 1, 1, NOW()),
('20210001-0007-0001-0000-000000000003', '20210001-0007-0000-0000-000000000003', '7', 'Координатын эх хүртэлх зайг олоорой.', 'd = √(9 + 18) = √27 = 3√3', 1, 1, NOW()),
('20210001-0008-0001-0000-000000000003', '20210001-0008-0000-0000-000000000003', '8', 'Аль үйлдлийг гүйцэтгэж болох вэ?', 'A(2×2), B(2×1) → A·B боломжтой', 1, 1, NOW()),
('20210001-0009-0001-0000-000000000003', '20210001-0009-0000-0000-000000000003', '9', 'sinα-ийн утгыг олоорой.', 'sin²α = 1 − 9/16 = 7/16, sinα = −√7/4 (III улирал)', 1, 1, NOW()),
('20210001-0010-0001-0000-000000000003', '20210001-0010-0000-0000-000000000003', '10', 'f′(4)-ийн утгыг олоорой.', 'f(x) = 2x^(-1/2), f′(x) = −x^(-3/2), f′(4) = −1/8', 1, 1, NOW()),
('20210001-0011-0001-0000-000000000003', '20210001-0011-0000-0000-000000000003', '11', '√3-аас их байх бүх тоог ялган бичээрэй.', '√3 ≈ 1.732. 1.8 > √3, 7/4 = 1.75 > √3', 2, 1, NOW()),
('20210001-0012-0001-0000-000000000003', '20210001-0012-0000-0000-000000000003', '12', 'Квартиль хоорондын далайцыг олоорой.', 'Эрэмбэлбэл: 41,43,45,58,60,70,70,74,100. Q1=44, Q3=72, IQR=28', 2, 1, NOW()),
('20210001-0013-0001-0000-000000000003', '20210001-0013-0000-0000-000000000003', '13', 'Илэрхийллийг хялбарчлаарай.', '|a+1| + |a−3| = (a+1) + (3−a) = 4', 2, 1, NOW()),
('20210001-0014-0001-0000-000000000003', '20210001-0014-0000-0000-000000000003', '14', 'M⁻¹ матрицыг олоорой.', 'det = −16+18 = 2. M⁻¹ = [[2, 1.5], [−3, −2]]', 2, 1, NOW()),
('20210001-0015-0001-0000-000000000003', '20210001-0015-0000-0000-000000000003', '15', 'x − y-ийг олоорой.', 'x+y = 1, x−1 = 2y → x = 1, y = 0 → x−y = 1', 2, 1, NOW()),
('20210001-0016-0001-0000-000000000003', '20210001-0016-0000-0000-000000000003', '16', 'Функцийн утгын мужийг олоорой.', 'y = (x−2)² − 1. x∈[1,4], y∈[−1, 3]', 2, 1, NOW()),
('20210001-0017-0001-0000-000000000003', '20210001-0017-0000-0000-000000000003', '17', 'Үлдэгдлийг олоорой.', 'P(−2) = −8 + 4 + 6 − 5 = −3', 2, 1, NOW()),
('20210001-0018-0001-0000-000000000003', '20210001-0018-0000-0000-000000000003', '18', '|B|-ийг олоорой.', '|A∪B| = |A| + |B| − |A∩B| → 13 = 7 + |B| − 4 → |B| = 10', 2, 1, NOW()),
('20210001-0019-0001-0000-000000000003', '20210001-0019-0000-0000-000000000003', '19', 'Хэдэн натурал шийдтэй вэ?', 'C(7,2) = 21', 2, 1, NOW()),
('20210001-0020-0001-0000-000000000003', '20210001-0020-0000-0000-000000000003', '20', 'Секторын өнцгийг олоорой.', 'θ = (2πr)/l = (2π·8)/12 · (180/π) = 240°', 2, 1, NOW()),
('20210001-0021-0001-0000-000000000003', '20210001-0021-0000-0000-000000000003', '21', 'Гурван зэргийн олон гишүүнт аль нь вэ?', '(x+2)(x−2)(x−1) = x³ − x² − 4x + 4', 2, 1, NOW()),
('20210001-0022-0001-0000-000000000003', '20210001-0022-0000-0000-000000000003', '22', 'Тэгшитгэлийн шийдийг олоорой.', 'x = −1, x = 1 → {−1, 1}', 2, 1, NOW()),
('20210001-0023-0001-0000-000000000003', '20210001-0023-0000-0000-000000000003', '23', 'Муруйг олоорой.', 'y = 2x² − 3x + c, 1 = 2 + 3 + c → c = −4. y = 2x² − 3x − 4', 2, 1, NOW()),
('20210001-0024-0001-0000-000000000003', '20210001-0024-0000-0000-000000000003', '24', 'Нормаль шулууны тэгшитгэлийг бичээрэй.', 'f′(2) = −2, нормаль налалт = 1/2. y = (1/2)x − 4', 2, 1, NOW()),
('20210001-0025-0001-0000-000000000003', '20210001-0025-0000-0000-000000000003', '25', 'OC⃗-ийг илэрхийлээрэй.', 'OC⃗ = (a⃗ + 3b⃗)/4', 2, 1, NOW()),
('20210001-0026-0001-0000-000000000003', '20210001-0026-0000-0000-000000000003', '26', 'n-ийн утгыг олоорой.', 'Σ(x−10) = Σx − 10n = 11.5n − 10n = 1.5n = 27 → n = 18', 2, 1, NOW()),
('20210001-0027-0001-0000-000000000003', '20210001-0027-0000-0000-000000000003', '27', 'Илэрхийллийг хялбарчлаарай.', '= (x−2)/2', 3, 1, NOW()),
('20210001-0028-0001-0000-000000000003', '20210001-0028-0000-0000-000000000003', '28', 'Хэдэн килограмм зэс байсан бэ?', 'x/60 − x/75 = 0.12 → x = 36 кг', 3, 1, NOW()),
('20210001-0029-0001-0000-000000000003', '20210001-0029-0000-0000-000000000003', '29', 'Хувиргалтын матрицыг олоорой.', 'Тусгал матриц', 3, 1, NOW()),
('20210001-0030-0001-0000-000000000003', '20210001-0030-0000-0000-000000000003', '30', 'Нийлбэрийн хамгийн их утгыг олоорой.', 'aₙ = 41 + (n−1)(−3) > 0 → n ≤ 14. S₁₄ = 301', 3, 1, NOW()),
('20210001-0031-0001-0000-000000000003', '20210001-0031-0000-0000-000000000003', '31', 'p, q-ийн утгыг олоорой.', 'p = 3, q = 5', 3, 1, NOW()),
('20210001-0032-0001-0000-000000000003', '20210001-0032-0000-0000-000000000003', '32', 'Интегралыг бодоорой.', '∫₁²(2−x)dx + ∫₂⁴(x−2)dx = 0.5 + 2 = 2.5 = 5/2', 3, 1, NOW()),
('20210001-0033-0001-0000-000000000003', '20210001-0033-0000-0000-000000000003', '33', 'Гурвалжны талбайг олоорой.', 'S = 2', 3, 1, NOW()),
('20210001-0034-0001-0000-000000000003', '20210001-0034-0000-0000-000000000003', '34', 'Эзлэхүүний харьцааг олоорой.', '1 : 4', 3, 1, NOW()),
('20210001-0035-0001-0000-000000000003', '20210001-0035-0000-0000-000000000003', '35', 'Үүсэх цэгийн координатыг олоорой.', '(−3, 5) эсвэл D', 3, 1, NOW()),
('20210001-0036-0001-0000-000000000003', '20210001-0036-0000-0000-000000000003', '36', 'a тооны утгын мужийг олоорой.', 'D < 0 → 4a² − 4(a+6) < 0 → −2 < a < 3', 3, 1, NOW()),
-- Нөхөх даалгаврын асуултууд
('20210002-0001-0001-0000-000000000003', '20210002-0001-0000-0000-000000000003', '2.1', 'a, b, c, d, e, f, g утгуудыг олоорой.', 'C хувилбар: a=7, b=7, c=5, d=1, e=0, f=37 (түлхүүрээс)', 7, 1, NOW()),
('20210002-0002-0001-0000-000000000003', '20210002-0002-0000-0000-000000000003', '2.2', 'a, b, c, d, e, f, g утгуудыг олоорой.', 'C хувилбар: a=2, b=c, c=2, d=2, e=5, f=5 (түлхүүрээс)', 7, 1, NOW()),
('20210002-0003-0001-0000-000000000003', '20210002-0003-0000-0000-000000000003', '2.3', 'a, b, c, d, e, f, g утгуудыг олоорой.', 'C хувилбар: a=2, b=1, c=2, d=2, e=5, f=5, g=2 (түлхүүрээс)', 7, 1, NOW()),
('20210002-0004-0001-0000-000000000003', '20210002-0004-0000-0000-000000000003', '2.4', 'a, b, c, d, e, f, g утгуудыг олоорой.', 'C хувилбар: a=3, b=3, c=5, d=3, e=2, f=1, g=4 (түлхүүрээс)', 7, 1, NOW());

-- 5. Options - C хувилбар зөв хариултууд: A,D,C,B,B,D,E,D,C,B,D,B,D,E,D,E,A,E,A,E,A,C,A,C,C,B,C,B,D,E,C,B,A,A,D,C

-- Q1: A=7
INSERT INTO mock_test_options (id, question_id, option_text, is_correct, order_index, created_at) VALUES
('20210001-0001-0001-0001-000000000003', '20210001-0001-0001-0000-000000000003', '7', true, 0, NOW()),
('20210001-0001-0001-0002-000000000003', '20210001-0001-0001-0000-000000000003', '8', false, 1, NOW()),
('20210001-0001-0001-0003-000000000003', '20210001-0001-0001-0000-000000000003', '10', false, 2, NOW()),
('20210001-0001-0001-0004-000000000003', '20210001-0001-0001-0000-000000000003', '5', false, 3, NOW()),
('20210001-0001-0001-0005-000000000003', '20210001-0001-0001-0000-000000000003', '0', false, 4, NOW());

-- Q2: D=5.46×10⁴
INSERT INTO mock_test_options (id, question_id, option_text, is_correct, order_index, created_at) VALUES
('20210001-0002-0001-0001-000000000003', '20210001-0002-0001-0000-000000000003', '0.546 × 10⁵', false, 0, NOW()),
('20210001-0002-0001-0002-000000000003', '20210001-0002-0001-0000-000000000003', '546 × 10²', false, 1, NOW()),
('20210001-0002-0001-0003-000000000003', '20210001-0002-0001-0000-000000000003', '54.6 × 10³', false, 2, NOW()),
('20210001-0002-0001-0004-000000000003', '20210001-0002-0001-0000-000000000003', '5.46 × 10⁴', true, 3, NOW()),
('20210001-0002-0001-0005-000000000003', '20210001-0002-0001-0000-000000000003', '5.46 × 10³', false, 4, NOW());

-- Q3: C=4/15
INSERT INTO mock_test_options (id, question_id, option_text, is_correct, order_index, created_at) VALUES
('20210001-0003-0001-0001-000000000003', '20210001-0003-0001-0000-000000000003', '8/3', false, 0, NOW()),
('20210001-0003-0001-0002-000000000003', '20210001-0003-0001-0000-000000000003', '13/45', false, 1, NOW()),
('20210001-0003-0001-0003-000000000003', '20210001-0003-0001-0000-000000000003', '4/15', true, 2, NOW()),
('20210001-0003-0001-0004-000000000003', '20210001-0003-0001-0000-000000000003', '26/99', false, 3, NOW()),
('20210001-0003-0001-0005-000000000003', '20210001-0003-0001-0000-000000000003', '8/33', false, 4, NOW());

-- Q4: B=3/5
INSERT INTO mock_test_options (id, question_id, option_text, is_correct, order_index, created_at) VALUES
('20210001-0004-0001-0001-000000000003', '20210001-0004-0001-0000-000000000003', '−2/5', false, 0, NOW()),
('20210001-0004-0001-0002-000000000003', '20210001-0004-0001-0000-000000000003', '3/5', true, 1, NOW()),
('20210001-0004-0001-0003-000000000003', '20210001-0004-0001-0000-000000000003', '1', false, 2, NOW()),
('20210001-0004-0001-0004-000000000003', '20210001-0004-0001-0000-000000000003', '0', false, 3, NOW()),
('20210001-0004-0001-0005-000000000003', '20210001-0004-0001-0000-000000000003', '5/2', false, 4, NOW());

-- Q5: B=³√25
INSERT INTO mock_test_options (id, question_id, option_text, is_correct, order_index, created_at) VALUES
('20210001-0005-0001-0001-000000000003', '20210001-0005-0001-0000-000000000003', '√125', false, 0, NOW()),
('20210001-0005-0001-0002-000000000003', '20210001-0005-0001-0000-000000000003', '³√25', true, 1, NOW()),
('20210001-0005-0001-0003-000000000003', '20210001-0005-0001-0000-000000000003', '³√5', false, 2, NOW()),
('20210001-0005-0001-0004-000000000003', '20210001-0005-0001-0000-000000000003', '√5', false, 3, NOW()),
('20210001-0005-0001-0005-000000000003', '20210001-0005-0001-0000-000000000003', '³√125', false, 4, NOW());

-- Q6: D=5
INSERT INTO mock_test_options (id, question_id, option_text, is_correct, order_index, created_at) VALUES
('20210001-0006-0001-0001-000000000003', '20210001-0006-0001-0000-000000000003', '2', false, 0, NOW()),
('20210001-0006-0001-0002-000000000003', '20210001-0006-0001-0000-000000000003', '−7', false, 1, NOW()),
('20210001-0006-0001-0003-000000000003', '20210001-0006-0001-0000-000000000003', '3', false, 2, NOW()),
('20210001-0006-0001-0004-000000000003', '20210001-0006-0001-0000-000000000003', '5', true, 3, NOW()),
('20210001-0006-0001-0005-000000000003', '20210001-0006-0001-0000-000000000003', '−1', false, 4, NOW());

-- Q7: E=3√3
INSERT INTO mock_test_options (id, question_id, option_text, is_correct, order_index, created_at) VALUES
('20210001-0007-0001-0001-000000000003', '20210001-0007-0001-0000-000000000003', '−3 + 3√2', false, 0, NOW()),
('20210001-0007-0001-0002-000000000003', '20210001-0007-0001-0000-000000000003', '3', false, 1, NOW()),
('20210001-0007-0001-0003-000000000003', '20210001-0007-0001-0000-000000000003', '3√2', false, 2, NOW()),
('20210001-0007-0001-0004-000000000003', '20210001-0007-0001-0000-000000000003', '3√5', false, 3, NOW()),
('20210001-0007-0001-0005-000000000003', '20210001-0007-0001-0000-000000000003', '3√3', true, 4, NOW());

-- Q8: D=A·B
INSERT INTO mock_test_options (id, question_id, option_text, is_correct, order_index, created_at) VALUES
('20210001-0008-0001-0001-000000000003', '20210001-0008-0001-0000-000000000003', 'B − A', false, 0, NOW()),
('20210001-0008-0001-0002-000000000003', '20210001-0008-0001-0000-000000000003', 'B · A', false, 1, NOW()),
('20210001-0008-0001-0003-000000000003', '20210001-0008-0001-0000-000000000003', 'A + B', false, 2, NOW()),
('20210001-0008-0001-0004-000000000003', '20210001-0008-0001-0000-000000000003', 'A · B', true, 3, NOW()),
('20210001-0008-0001-0005-000000000003', '20210001-0008-0001-0000-000000000003', 'B²', false, 4, NOW());

-- Q9: C=−√7/4
INSERT INTO mock_test_options (id, question_id, option_text, is_correct, order_index, created_at) VALUES
('20210001-0009-0001-0001-000000000003', '20210001-0009-0001-0000-000000000003', '−1/4', false, 0, NOW()),
('20210001-0009-0001-0002-000000000003', '20210001-0009-0001-0000-000000000003', '√7/4', false, 1, NOW()),
('20210001-0009-0001-0003-000000000003', '20210001-0009-0001-0000-000000000003', '−√7/4', true, 2, NOW()),
('20210001-0009-0001-0004-000000000003', '20210001-0009-0001-0000-000000000003', '3/4', false, 3, NOW()),
('20210001-0009-0001-0005-000000000003', '20210001-0009-0001-0000-000000000003', '5/4', false, 4, NOW());

-- Q10: B=−1/8
INSERT INTO mock_test_options (id, question_id, option_text, is_correct, order_index, created_at) VALUES
('20210001-0010-0001-0001-000000000003', '20210001-0010-0001-0000-000000000003', '−1/4', false, 0, NOW()),
('20210001-0010-0001-0002-000000000003', '20210001-0010-0001-0000-000000000003', '−1/8', true, 1, NOW()),
('20210001-0010-0001-0003-000000000003', '20210001-0010-0001-0000-000000000003', '−3/8', false, 2, NOW()),
('20210001-0010-0001-0004-000000000003', '20210001-0010-0001-0000-000000000003', '−2', false, 3, NOW()),
('20210001-0010-0001-0005-000000000003', '20210001-0010-0001-0000-000000000003', '8', false, 4, NOW());

-- Q11: D=1.8, 7/4
INSERT INTO mock_test_options (id, question_id, option_text, is_correct, order_index, created_at) VALUES
('20210001-0011-0001-0001-000000000003', '20210001-0011-0001-0000-000000000003', '1.8, π/2', false, 0, NOW()),
('20210001-0011-0001-0002-000000000003', '20210001-0011-0001-0000-000000000003', '7/4', false, 1, NOW()),
('20210001-0011-0001-0003-000000000003', '20210001-0011-0001-0000-000000000003', 'π/2', false, 2, NOW()),
('20210001-0011-0001-0004-000000000003', '20210001-0011-0001-0000-000000000003', '1.8, 7/4', true, 3, NOW()),
('20210001-0011-0001-0005-000000000003', '20210001-0011-0001-0000-000000000003', '7/4, 1', false, 4, NOW());

-- Q12: B=28
INSERT INTO mock_test_options (id, question_id, option_text, is_correct, order_index, created_at) VALUES
('20210001-0012-0001-0001-000000000003', '20210001-0012-0001-0000-000000000003', '25', false, 0, NOW()),
('20210001-0012-0001-0002-000000000003', '20210001-0012-0001-0000-000000000003', '28', true, 1, NOW()),
('20210001-0012-0001-0003-000000000003', '20210001-0012-0001-0000-000000000003', '59', false, 2, NOW()),
('20210001-0012-0001-0004-000000000003', '20210001-0012-0001-0000-000000000003', '26', false, 3, NOW()),
('20210001-0012-0001-0005-000000000003', '20210001-0012-0001-0000-000000000003', '70', false, 4, NOW());

-- Q13: D=4
INSERT INTO mock_test_options (id, question_id, option_text, is_correct, order_index, created_at) VALUES
('20210001-0013-0001-0001-000000000003', '20210001-0013-0001-0000-000000000003', '−4', false, 0, NOW()),
('20210001-0013-0001-0002-000000000003', '20210001-0013-0001-0000-000000000003', '2a − 2', false, 1, NOW()),
('20210001-0013-0001-0003-000000000003', '20210001-0013-0001-0000-000000000003', '2 − 2a', false, 2, NOW()),
('20210001-0013-0001-0004-000000000003', '20210001-0013-0001-0000-000000000003', '4', true, 3, NOW()),
('20210001-0013-0001-0005-000000000003', '20210001-0013-0001-0000-000000000003', '5', false, 4, NOW());

-- Q14: E=[[2, 1.5], [−3, −2]]
INSERT INTO mock_test_options (id, question_id, option_text, is_correct, order_index, created_at) VALUES
('20210001-0014-0001-0001-000000000003', '20210001-0014-0001-0000-000000000003', '[[4, 3], [−6, −4]]', false, 0, NOW()),
('20210001-0014-0001-0002-000000000003', '20210001-0014-0001-0000-000000000003', '[[−4, 6], [−3, 4]]', false, 1, NOW()),
('20210001-0014-0001-0003-000000000003', '20210001-0014-0001-0000-000000000003', '[[2, 3], [−1.5, −2]]', false, 2, NOW()),
('20210001-0014-0001-0004-000000000003', '20210001-0014-0001-0000-000000000003', '[[2, −1.5], [−3, 2]]', false, 3, NOW()),
('20210001-0014-0001-0005-000000000003', '20210001-0014-0001-0000-000000000003', '[[2, 1.5], [−3, −2]]', true, 4, NOW());

-- Q15: D=1
INSERT INTO mock_test_options (id, question_id, option_text, is_correct, order_index, created_at) VALUES
('20210001-0015-0001-0001-000000000003', '20210001-0015-0001-0000-000000000003', '5', false, 0, NOW()),
('20210001-0015-0001-0002-000000000003', '20210001-0015-0001-0000-000000000003', '1; 3', false, 1, NOW()),
('20210001-0015-0001-0003-000000000003', '20210001-0015-0001-0000-000000000003', '−1', false, 2, NOW()),
('20210001-0015-0001-0004-000000000003', '20210001-0015-0001-0000-000000000003', '1', true, 3, NOW()),
('20210001-0015-0001-0005-000000000003', '20210001-0015-0001-0000-000000000003', '3', false, 4, NOW());

-- Q16: E=−1≤y≤3
INSERT INTO mock_test_options (id, question_id, option_text, is_correct, order_index, created_at) VALUES
('20210001-0016-0001-0001-000000000003', '20210001-0016-0001-0000-000000000003', '−1 ≤ y ≤ 0', false, 0, NOW()),
('20210001-0016-0001-0002-000000000003', '20210001-0016-0001-0000-000000000003', '0 ≤ y ≤ 3', false, 1, NOW()),
('20210001-0016-0001-0003-000000000003', '20210001-0016-0001-0000-000000000003', '2 ≤ y ≤ 3', false, 2, NOW()),
('20210001-0016-0001-0004-000000000003', '20210001-0016-0001-0000-000000000003', 'y ≥ −1', false, 3, NOW()),
('20210001-0016-0001-0005-000000000003', '20210001-0016-0001-0000-000000000003', '−1 ≤ y ≤ 3', true, 4, NOW());

-- Q17: A=−3
INSERT INTO mock_test_options (id, question_id, option_text, is_correct, order_index, created_at) VALUES
('20210001-0017-0001-0001-000000000003', '20210001-0017-0001-0000-000000000003', '−3', true, 0, NOW()),
('20210001-0017-0001-0002-000000000003', '20210001-0017-0001-0000-000000000003', '1', false, 1, NOW()),
('20210001-0017-0001-0003-000000000003', '20210001-0017-0001-0000-000000000003', '5', false, 2, NOW()),
('20210001-0017-0001-0004-000000000003', '20210001-0017-0001-0000-000000000003', '−7', false, 3, NOW()),
('20210001-0017-0001-0005-000000000003', '20210001-0017-0001-0000-000000000003', '−5', false, 4, NOW());

-- Q18: E=10
INSERT INTO mock_test_options (id, question_id, option_text, is_correct, order_index, created_at) VALUES
('20210001-0018-0001-0001-000000000003', '20210001-0018-0001-0000-000000000003', '6', false, 0, NOW()),
('20210001-0018-0001-0002-000000000003', '20210001-0018-0001-0000-000000000003', '2', false, 1, NOW()),
('20210001-0018-0001-0003-000000000003', '20210001-0018-0001-0000-000000000003', '16', false, 2, NOW()),
('20210001-0018-0001-0004-000000000003', '20210001-0018-0001-0000-000000000003', '9', false, 3, NOW()),
('20210001-0018-0001-0005-000000000003', '20210001-0018-0001-0000-000000000003', '10', true, 4, NOW());

-- Q19: A=21
INSERT INTO mock_test_options (id, question_id, option_text, is_correct, order_index, created_at) VALUES
('20210001-0019-0001-0001-000000000003', '20210001-0019-0001-0000-000000000003', '21', true, 0, NOW()),
('20210001-0019-0001-0002-000000000003', '20210001-0019-0001-0000-000000000003', '45', false, 1, NOW()),
('20210001-0019-0001-0003-000000000003', '20210001-0019-0001-0000-000000000003', '5', false, 2, NOW()),
('20210001-0019-0001-0004-000000000003', '20210001-0019-0001-0000-000000000003', '20', false, 3, NOW()),
('20210001-0019-0001-0005-000000000003', '20210001-0019-0001-0000-000000000003', '18', false, 4, NOW());

-- Q20: E=240°
INSERT INTO mock_test_options (id, question_id, option_text, is_correct, order_index, created_at) VALUES
('20210001-0020-0001-0001-000000000003', '20210001-0020-0001-0000-000000000003', 'arccos(1/9)', false, 0, NOW()),
('20210001-0020-0001-0002-000000000003', '20210001-0020-0001-0000-000000000003', '120°', false, 1, NOW()),
('20210001-0020-0001-0003-000000000003', '20210001-0020-0001-0000-000000000003', '540°', false, 2, NOW()),
('20210001-0020-0001-0004-000000000003', '20210001-0020-0001-0000-000000000003', '270°', false, 3, NOW()),
('20210001-0020-0001-0005-000000000003', '20210001-0020-0001-0000-000000000003', '240°', true, 4, NOW());

-- Q21: A=x³−x²−4x+4
INSERT INTO mock_test_options (id, question_id, option_text, is_correct, order_index, created_at) VALUES
('20210001-0021-0001-0001-000000000003', '20210001-0021-0001-0000-000000000003', 'x³ − x² − 4x + 4', true, 0, NOW()),
('20210001-0021-0001-0002-000000000003', '20210001-0021-0001-0000-000000000003', 'x³ + x² − 4x + 4', false, 1, NOW()),
('20210001-0021-0001-0003-000000000003', '20210001-0021-0001-0000-000000000003', 'x³ + 3x² − 4x − 12', false, 2, NOW()),
('20210001-0021-0001-0004-000000000003', '20210001-0021-0001-0000-000000000003', 'x³ − 2x² − x + 2', false, 3, NOW()),
('20210001-0021-0001-0005-000000000003', '20210001-0021-0001-0000-000000000003', 'x³ + x² + 4x − 4', false, 4, NOW());

-- Q22: C={−1, 1}
INSERT INTO mock_test_options (id, question_id, option_text, is_correct, order_index, created_at) VALUES
('20210001-0022-0001-0001-000000000003', '20210001-0022-0001-0000-000000000003', '{−1, 7/3}', false, 0, NOW()),
('20210001-0022-0001-0002-000000000003', '20210001-0022-0001-0000-000000000003', '{−1, 1, 7/3}', false, 1, NOW()),
('20210001-0022-0001-0003-000000000003', '20210001-0022-0001-0000-000000000003', '{−1, 1}', true, 2, NOW()),
('20210001-0022-0001-0004-000000000003', '20210001-0022-0001-0000-000000000003', '{1, 7/3}', false, 3, NOW()),
('20210001-0022-0001-0005-000000000003', '20210001-0022-0001-0000-000000000003', '{1}', false, 4, NOW());

-- Q23: A=y=2x²−3x−4
INSERT INTO mock_test_options (id, question_id, option_text, is_correct, order_index, created_at) VALUES
('20210001-0023-0001-0001-000000000003', '20210001-0023-0001-0000-000000000003', 'y = 2x² − 3x − 4', true, 0, NOW()),
('20210001-0023-0001-0002-000000000003', '20210001-0023-0001-0000-000000000003', 'y = 2x² − 1', false, 1, NOW()),
('20210001-0023-0001-0003-000000000003', '20210001-0023-0001-0000-000000000003', 'y = 4x² − 3x − 6', false, 2, NOW()),
('20210001-0023-0001-0004-000000000003', '20210001-0023-0001-0000-000000000003', 'y = 2x² − 3x + 2', false, 3, NOW()),
('20210001-0023-0001-0005-000000000003', '20210001-0023-0001-0000-000000000003', 'y = 4x² − 3x', false, 4, NOW());

-- Q24: C=y=(1/2)x−4
INSERT INTO mock_test_options (id, question_id, option_text, is_correct, order_index, created_at) VALUES
('20210001-0024-0001-0001-000000000003', '20210001-0024-0001-0000-000000000003', 'y = −(1/2)x − 2', false, 0, NOW()),
('20210001-0024-0001-0002-000000000003', '20210001-0024-0001-0000-000000000003', 'y = −2x + 1', false, 1, NOW()),
('20210001-0024-0001-0003-000000000003', '20210001-0024-0001-0000-000000000003', 'y = (1/2)x − 4', true, 2, NOW()),
('20210001-0024-0001-0004-000000000003', '20210001-0024-0001-0000-000000000003', 'y = 2x − 7', false, 3, NOW()),
('20210001-0024-0001-0005-000000000003', '20210001-0024-0001-0000-000000000003', 'y = 2x − 6', false, 4, NOW());

-- Q25: C=(3b⃗+a⃗)/4
INSERT INTO mock_test_options (id, question_id, option_text, is_correct, order_index, created_at) VALUES
('20210001-0025-0001-0001-000000000003', '20210001-0025-0001-0000-000000000003', '(−b⃗ + 5a⃗)/4', false, 0, NOW()),
('20210001-0025-0001-0002-000000000003', '20210001-0025-0001-0000-000000000003', '(3b⃗ − a⃗)/4', false, 1, NOW()),
('20210001-0025-0001-0003-000000000003', '20210001-0025-0001-0000-000000000003', '(3b⃗ + a⃗)/4', true, 2, NOW()),
('20210001-0025-0001-0004-000000000003', '20210001-0025-0001-0000-000000000003', '(b⃗ + 3a⃗)/4', false, 3, NOW()),
('20210001-0025-0001-0005-000000000003', '20210001-0025-0001-0000-000000000003', '(b⃗ − a⃗)/4', false, 4, NOW());

-- Q26: B=18
INSERT INTO mock_test_options (id, question_id, option_text, is_correct, order_index, created_at) VALUES
('20210001-0026-0001-0001-000000000003', '20210001-0026-0001-0000-000000000003', '3', false, 0, NOW()),
('20210001-0026-0001-0002-000000000003', '20210001-0026-0001-0000-000000000003', '18', true, 1, NOW()),
('20210001-0026-0001-0003-000000000003', '20210001-0026-0001-0000-000000000003', '2', false, 2, NOW()),
('20210001-0026-0001-0004-000000000003', '20210001-0026-0001-0000-000000000003', '15', false, 3, NOW()),
('20210001-0026-0001-0005-000000000003', '20210001-0026-0001-0000-000000000003', '17', false, 4, NOW());

-- Q27: C=(x−2)/2
INSERT INTO mock_test_options (id, question_id, option_text, is_correct, order_index, created_at) VALUES
('20210001-0027-0001-0001-000000000003', '20210001-0027-0001-0000-000000000003', '(x−1)(x−2)/(2(x+1))', false, 0, NOW()),
('20210001-0027-0001-0002-000000000003', '20210001-0027-0001-0000-000000000003', '(x−1)(x+2)/(2(x+1))', false, 1, NOW()),
('20210001-0027-0001-0003-000000000003', '20210001-0027-0001-0000-000000000003', '(x−2)/2', true, 2, NOW()),
('20210001-0027-0001-0004-000000000003', '20210001-0027-0001-0000-000000000003', '(x+2)/2', false, 3, NOW()),
('20210001-0027-0001-0005-000000000003', '20210001-0027-0001-0000-000000000003', '(x+1)/2', false, 4, NOW());

-- Q28: B=36 кг
INSERT INTO mock_test_options (id, question_id, option_text, is_correct, order_index, created_at) VALUES
('20210001-0028-0001-0001-000000000003', '20210001-0028-0001-0000-000000000003', '24 кг', false, 0, NOW()),
('20210001-0028-0001-0002-000000000003', '20210001-0028-0001-0000-000000000003', '36 кг', true, 1, NOW()),
('20210001-0028-0001-0003-000000000003', '20210001-0028-0001-0000-000000000003', '33 кг', false, 2, NOW()),
('20210001-0028-0001-0004-000000000003', '20210001-0028-0001-0000-000000000003', '48 кг', false, 3, NOW()),
('20210001-0028-0001-0005-000000000003', '20210001-0028-0001-0000-000000000003', '45 кг', false, 4, NOW());

-- Q29: D=[[0, 1], [−1, 0]]
INSERT INTO mock_test_options (id, question_id, option_text, is_correct, order_index, created_at) VALUES
('20210001-0029-0001-0001-000000000003', '20210001-0029-0001-0000-000000000003', '[[0, −1], [−1, 0]]', false, 0, NOW()),
('20210001-0029-0001-0002-000000000003', '20210001-0029-0001-0000-000000000003', '[[0, −1], [1, 0]]', false, 1, NOW()),
('20210001-0029-0001-0003-000000000003', '20210001-0029-0001-0000-000000000003', '[[1, 0], [0, −1]]', false, 2, NOW()),
('20210001-0029-0001-0004-000000000003', '20210001-0029-0001-0000-000000000003', '[[0, 1], [−1, 0]]', true, 3, NOW()),
('20210001-0029-0001-0005-000000000003', '20210001-0029-0001-0000-000000000003', '[[−1, 0], [0, 1]]', false, 4, NOW());

-- Q30: E=301
INSERT INTO mock_test_options (id, question_id, option_text, is_correct, order_index, created_at) VALUES
('20210001-0030-0001-0001-000000000003', '20210001-0030-0001-0000-000000000003', '294', false, 0, NOW()),
('20210001-0030-0001-0002-000000000003', '20210001-0030-0001-0000-000000000003', '300', false, 1, NOW()),
('20210001-0030-0001-0003-000000000003', '20210001-0030-0001-0000-000000000003', '302', false, 2, NOW()),
('20210001-0030-0001-0004-000000000003', '20210001-0030-0001-0000-000000000003', '299', false, 3, NOW()),
('20210001-0030-0001-0005-000000000003', '20210001-0030-0001-0000-000000000003', '301', true, 4, NOW());

-- Q31: C=p=3, q=5
INSERT INTO mock_test_options (id, question_id, option_text, is_correct, order_index, created_at) VALUES
('20210001-0031-0001-0001-000000000003', '20210001-0031-0001-0000-000000000003', 'p = 3, q = 45', false, 0, NOW()),
('20210001-0031-0001-0002-000000000003', '20210001-0031-0001-0000-000000000003', 'p = 11, q = 135', false, 1, NOW()),
('20210001-0031-0001-0003-000000000003', '20210001-0031-0001-0000-000000000003', 'p = 3, q = 5', true, 2, NOW()),
('20210001-0031-0001-0004-000000000003', '20210001-0031-0001-0000-000000000003', 'p = 3, q = 48', false, 3, NOW()),
('20210001-0031-0001-0005-000000000003', '20210001-0031-0001-0000-000000000003', 'p = 2, q = −1', false, 4, NOW());

-- Q32: B=5/2
INSERT INTO mock_test_options (id, question_id, option_text, is_correct, order_index, created_at) VALUES
('20210001-0032-0001-0001-000000000003', '20210001-0032-0001-0000-000000000003', '3/2', false, 0, NOW()),
('20210001-0032-0001-0002-000000000003', '20210001-0032-0001-0000-000000000003', '5/2', true, 1, NOW()),
('20210001-0032-0001-0003-000000000003', '20210001-0032-0001-0000-000000000003', '−3/2', false, 2, NOW()),
('20210001-0032-0001-0004-000000000003', '20210001-0032-0001-0000-000000000003', '1', false, 3, NOW()),
('20210001-0032-0001-0005-000000000003', '20210001-0032-0001-0000-000000000003', '3', false, 4, NOW());

-- Q33: A=2
INSERT INTO mock_test_options (id, question_id, option_text, is_correct, order_index, created_at) VALUES
('20210001-0033-0001-0001-000000000003', '20210001-0033-0001-0000-000000000003', '1', false, 0, NOW()),
('20210001-0033-0001-0002-000000000003', '20210001-0033-0001-0000-000000000003', '2', true, 1, NOW()),
('20210001-0033-0001-0003-000000000003', '20210001-0033-0001-0000-000000000003', '9', false, 2, NOW()),
('20210001-0033-0001-0004-000000000003', '20210001-0033-0001-0000-000000000003', '4', false, 3, NOW()),
('20210001-0033-0001-0005-000000000003', '20210001-0033-0001-0000-000000000003', '5 + 2√5', false, 4, NOW());

-- Q34: A=1:4
INSERT INTO mock_test_options (id, question_id, option_text, is_correct, order_index, created_at) VALUES
('20210001-0034-0001-0001-000000000003', '20210001-0034-0001-0000-000000000003', '2 : 3', false, 0, NOW()),
('20210001-0034-0001-0002-000000000003', '20210001-0034-0001-0000-000000000003', '1 : 4', true, 1, NOW()),
('20210001-0034-0001-0003-000000000003', '20210001-0034-0001-0000-000000000003', '3 : 5', false, 2, NOW()),
('20210001-0034-0001-0004-000000000003', '20210001-0034-0001-0000-000000000003', '2 : 5', false, 3, NOW()),
('20210001-0034-0001-0005-000000000003', '20210001-0034-0001-0000-000000000003', '1 : 9', false, 4, NOW());

-- Q35: D=(−3, 5)
INSERT INTO mock_test_options (id, question_id, option_text, is_correct, order_index, created_at) VALUES
('20210001-0035-0001-0001-000000000003', '20210001-0035-0001-0000-000000000003', '(−7/2, 7/2)', false, 0, NOW()),
('20210001-0035-0001-0002-000000000003', '20210001-0035-0001-0000-000000000003', '(−3, 9/2)', false, 1, NOW()),
('20210001-0035-0001-0003-000000000003', '20210001-0035-0001-0000-000000000003', '(−4, 2)', false, 2, NOW()),
('20210001-0035-0001-0004-000000000003', '20210001-0035-0001-0000-000000000003', '(−3, 5)', true, 3, NOW()),
('20210001-0035-0001-0005-000000000003', '20210001-0035-0001-0000-000000000003', '(2, 6)', false, 4, NOW());

-- Q36: C=−2<a<3
INSERT INTO mock_test_options (id, question_id, option_text, is_correct, order_index, created_at) VALUES
('20210001-0036-0001-0001-000000000003', '20210001-0036-0001-0000-000000000003', 'a < −2, a > 3', false, 0, NOW()),
('20210001-0036-0001-0002-000000000003', '20210001-0036-0001-0000-000000000003', 'a < −3, a > 2', false, 1, NOW()),
('20210001-0036-0001-0003-000000000003', '20210001-0036-0001-0000-000000000003', '−2 < a < 3', true, 2, NOW()),
('20210001-0036-0001-0004-000000000003', '20210001-0036-0001-0000-000000000003', '−3 < a < 2', false, 3, NOW()),
('20210001-0036-0001-0005-000000000003', '20210001-0036-0001-0000-000000000003', 'a > −6', false, 4, NOW());

-- =====================================================
-- SUMMARY
-- =====================================================
-- ЭЕШ 2021 Математик C хувилбар
-- Нийт: 100 оноо (72 сонгох + 28 нөхөх)
-- 
-- C хувилбар зөв хариултууд (1-36):
-- A, D, C, B, B, D, E, D, C, B, D, B, D, E, D, E, A, E, A, E, A, C, A, C, C, B, C, B, D, E, C, B, A, A, D, C
-- (Note: Q33 and Q34 keys show A which could be indices 0 or actual answer check needed)
--
-- Нөхөх даалгаврын хариултууд (түлхүүрээс C хувилбар):
-- 2.1: a=7, b=7, c=5, d=1, e=0 ...
-- 2.2: a=2, b=c, c=2, d=2, e=5 ...
-- 2.3: a=2, b=1, c=2, d=2, e=5, f=5, g=2
-- 2.4: a=3, b=3, c=5, d=3, e=2, f=1, g=4
-- =====================================================
