-- =====================================================
-- ЭЕШ 2021 Математик B Хувилбар - Supabase Seed Data
-- =====================================================
-- Нийт: 36 сонгох даалгавар (72 оноо) + 4 нөхөх даалгавар (28 оноо) = 100 оноо
-- B хувилбар зөв хариултууд: A,D,B,E,D,C,B,D,E,A,D,C,B,E,D,A,C,D,E,A,D,C,B,B,D,E,D,A,D,E,C,B,D,A,E,D
-- =====================================================

-- 1. Mock Test
INSERT INTO mock_tests (
    id,
    title,
    description,
    time_limit_minutes,
    total_questions,
    is_published,
    category
) VALUES (
    '20210000-0000-0000-0000-000000000002',
    'ЭЕШ 2021 Математик Хувилбар B',
    'Элсэлтийн ерөнхий шалгалт 2021 оны Математикийн хичээлийн Хувилбар B. Нэгдүгээр хэсэг: 36 сонгох даалгавар (72 оноо). Хоёрдугаар хэсэг: 4 нөхөх даалгавар (28 оноо). Нийт 100 оноо.',
    180,
    40,
    true,
    'math'
);

-- 2. Sections
INSERT INTO mock_test_sections (id, mock_test_id, subject, title, order_index, created_at) VALUES 
('20210000-0001-0000-0000-000000000002', '20210000-0000-0000-0000-000000000002', 'math', 'Нэгдүгээр хэсэг - Сонгох даалгавар', 1, NOW()),
('20210000-0002-0000-0000-000000000002', '20210000-0000-0000-0000-000000000002', 'math', 'Хоёрдугаар хэсэг - Нөхөх даалгавар', 2, NOW());

-- 3. Problems (36 сонгох + 4 нөхөх)
INSERT INTO mock_test_problems (id, section_id, problem_number, title, context, order_index, created_at) VALUES
-- 1 оноотой (1-10)
('20210001-0001-0000-0000-000000000002', '20210000-0001-0000-0000-000000000002', 1, 'Асуулт 1', '7.3 тоог бүхлээр тоймлоорой.', 1, NOW()),
('20210001-0002-0000-0000-000000000002', '20210000-0001-0000-0000-000000000002', 2, 'Асуулт 2', '341000 тоог стандарт хэлбэрт бичээрэй.', 2, NOW()),
('20210001-0003-0000-0000-000000000002', '20210000-0001-0000-0000-000000000002', 3, 'Асуулт 3', '0.2(6) үет аравтын бутархайг энгийн бутархайд шилжүүлээрэй.', 3, NOW()),
('20210001-0004-0000-0000-000000000002', '20210000-0001-0000-0000-000000000002', 4, 'Асуулт 4', 'P(A) = 3/4 бол A үзэгдлийн эсрэг үзэгдлийн магадлалыг олоорой.', 4, NOW()),
('20210001-0005-0000-0000-000000000002', '20210000-0001-0000-0000-000000000002', 5, 'Асуулт 5', '5^(2/3) зэргийг язгуур хэрэглэн бичээрэй.', 5, NOW()),
('20210001-0006-0000-0000-000000000002', '20210000-0001-0000-0000-000000000002', 6, 'Асуулт 6', 'f(x) = 2x + a функцийн график дээр M(−1, 3) цэг оршдог бол a тоог олоорой.', 6, NOW()),
('20210001-0007-0000-0000-000000000002', '20210000-0001-0000-0000-000000000002', 7, 'Асуулт 7', 'M(−3, 3√2) цэгээс координатын эх хүртэлх зайг олоорой.', 7, NOW()),
('20210001-0008-0000-0000-000000000002', '20210000-0001-0000-0000-000000000002', 8, 'Асуулт 8', 'A = [[1], [3]], B = [[-2, 1], [4, 6]] матрицуудын хувьд аль үйлдлийг гүйцэтгэж болох вэ?', 8, NOW()),
('20210001-0009-0000-0000-000000000002', '20210000-0001-0000-0000-000000000002', 9, 'Асуулт 9', 'cosα = −3/4, (180° < α < 270°) бол sinα-ийн утгыг олоорой.', 9, NOW()),
('20210001-0010-0000-0000-000000000002', '20210000-0001-0000-0000-000000000002', 10, 'Асуулт 10', 'f(x) = 4/√x функцийн хувьд f′(9)-ийн утгыг олоорой.', 10, NOW()),
-- 2 оноотой (11-27)
('20210001-0011-0000-0000-000000000002', '20210000-0001-0000-0000-000000000002', 11, 'Асуулт 11', '1, 1.8, 7/4, π/2 тоонуудаас √3-аас их байх бүх тоог ялган бичээрэй.', 11, NOW()),
('20210001-0012-0000-0000-000000000002', '20210000-0001-0000-0000-000000000002', 12, 'Асуулт 12', 'Есөн сурагчийн математикийн шалгалтын оноо 62, 62, 56, 83, 78, 51, 100, 85, 70 байв. Сурагчдын онооны квартиль хоорондын далайцыг олоорой.', 12, NOW()),
('20210001-0013-0000-0000-000000000002', '20210000-0001-0000-0000-000000000002', 13, 'Асуулт 13', '−1 < a < 3 үед √((a+1)²) + √(a²−6a+9) илэрхийллийг хялбарчлаарай.', 13, NOW()),
('20210001-0014-0000-0000-000000000002', '20210000-0001-0000-0000-000000000002', 14, 'Асуулт 14', 'M = [[10, 6], [3, 2]] бол M⁻¹ матрицыг олоорой.', 14, NOW()),
('20210001-0015-0000-0000-000000000002', '20210000-0001-0000-0000-000000000002', 15, 'Асуулт 15', '{x + y = 1, 3^(x−1) = 9^y} систем тэгшитгэлээс x − y-ийг олоорой.', 15, NOW()),
('20210001-0016-0000-0000-000000000002', '20210000-0001-0000-0000-000000000002', 16, 'Асуулт 16', 'y = x² − 6x + 7, (2 ≤ x ≤ 5) функцийн утгын мужийг олоорой.', 16, NOW()),
('20210001-0017-0000-0000-000000000002', '20210000-0001-0000-0000-000000000002', 17, 'Асуулт 17', 'P(x) = x³ + x² − 3x − 5 олон гишүүнтийг Q(x) = x + 2 олон гишүүнтэд хуваахад гарах үлдэгдлийг олоорой.', 17, NOW()),
('20210001-0018-0000-0000-000000000002', '20210000-0001-0000-0000-000000000002', 18, 'Асуулт 18', 'A, B олонлогуудын хувьд |A| = 8, |A ∩ B| = 3, |A ∪ B| = 14 бол |B|-ийг олоорой.', 18, NOW()),
('20210001-0019-0000-0000-000000000002', '20210000-0001-0000-0000-000000000002', 19, 'Асуулт 19', 'x + y + z = 8 тэгшитгэл хэдэн натурал шийдтэй вэ?', 19, NOW()),
('20210001-0020-0000-0000-000000000002', '20210000-0001-0000-0000-000000000002', 20, 'Асуулт 20', 'Конусын байгуулагч нь 8 нэгж, суурийн радиус нь 6 нэгж урттай байв. Энэ конусын хажуу гадаргуугийн дэлгээс болох секторын өнцгийг олоорой.', 20, NOW()),
('20210001-0021-0000-0000-000000000002', '20210000-0001-0000-0000-000000000002', 21, 'Асуулт 21', '−2, 2, 1 тоонууд язгуур нь болох гурван зэргийн олон гишүүнт аль нь вэ?', 21, NOW()),
('20210001-0022-0000-0000-000000000002', '20210000-0001-0000-0000-000000000002', 22, 'Асуулт 22', '|2x − 1| + |x + 5| = 10 тэгшитгэлийн шийдийг олоорой.', 22, NOW()),
('20210001-0023-0000-0000-000000000002', '20210000-0001-0000-0000-000000000002', 23, 'Асуулт 23', 'dy/dx = 4x − 3 ба P(−1; 1) цэгийг дайрах муруйг олоорой.', 23, NOW()),
('20210001-0024-0000-0000-000000000002', '20210000-0001-0000-0000-000000000002', 24, 'Асуулт 24', 'f(x) = x² − 4x + 5 функцийн x = 1 цэгт татсан нормаль шулууны тэгшитгэлийг бичээрэй.', 24, NOW()),
('20210001-0025-0000-0000-000000000002', '20210000-0001-0000-0000-000000000002', 25, 'Асуулт 25', 'OAB гурвалжны AB тал дээр AC : CB = 3 : 1 байх C цэг авав. OA⃗ = a⃗, OB⃗ = b⃗ бол OC⃗-ийг a⃗, b⃗-ээр илэрхийлээрэй.', 25, NOW()),
('20210001-0026-0000-0000-000000000002', '20210000-0001-0000-0000-000000000002', 26, 'Асуулт 26', 'n ширхэг элементтэй өгөгдлийн арифметик дундаж 12.5 ба Σ(x − 10) = 35 бол n-ийн утгыг олоорой.', 26, NOW()),
('20210001-0027-0000-0000-000000000002', '20210000-0001-0000-0000-000000000002', 27, 'Асуулт 27', '(1/(x−1) + (x²−3x)/(x²−1)) ÷ (2x−2)/(x²−x−2) илэрхийллийг хялбарчлаарай.', 27, NOW()),
-- 3 оноотой (28-36)
('20210001-0028-0000-0000-000000000002', '20210000-0001-0000-0000-000000000002', 28, 'Асуулт 28', 'Зэс ба төмрийн 40 кг хайлшинд 10 кг төмөр нэмэхэд зэсийн эзлэх хувь нь 12 хувиар багассан бол хайлшинд хэдэн килограмм зэс байсан бэ?', 28, NOW()),
('20210001-0029-0000-0000-000000000002', '20210000-0001-0000-0000-000000000002', 29, 'Асуулт 29', 'Зурагт өгөгдсөн A дүрсийг B дүрсэд хувиргажээ. Хувиргалтын матрицыг олоорой.', 29, NOW()),
('20210001-0030-0000-0000-000000000002', '20210000-0001-0000-0000-000000000002', 30, 'Асуулт 30', 'Арифметик прогрессийн эхний гишүүн нь 51 ба ялгавар нь −4 байв. Эхний n гишүүний нийлбэрийн хамгийн их утгыг олоорой.', 30, NOW()),
('20210001-0031-0000-0000-000000000002', '20210000-0001-0000-0000-000000000002', 31, 'Асуулт 31', 'a⃗ = (−2, p, −3p), b⃗ = (4, p+3, 3+p), c⃗ = (2, p−2, q) байв. b⃗ − a⃗ вектор c⃗ вектортой параллель бол p, q-ийн утгыг олоорой.', 31, NOW()),
('20210001-0032-0000-0000-000000000002', '20210000-0001-0000-0000-000000000002', 32, 'Асуулт 32', '∫₁⁴ |x − 3| dx тодорхой интегралыг бодоорой.', 32, NOW()),
('20210001-0033-0000-0000-000000000002', '20210000-0001-0000-0000-000000000002', 33, 'Асуулт 33', '2 радиустай тойрогт багтсан тэгш өнцөгт гурвалжны периметр 4 + 2√5 бол гурвалжны талбайг олоорой.', 33, NOW()),
('20210001-0034-0000-0000-000000000002', '20210000-0001-0000-0000-000000000002', 34, 'Асуулт 34', 'Зурагт өгөгдсөн кубийн A₁B₁ ба D₁C₁ ирмэгүүд дээр харгалзан N, M цэгүүдийг A₁N : NB₁ = 2 : 3, D₁M : MC₁ = 2 : 3 байхаар авчээ. Кубийг MNBC хавтгайгаар огтлоход үүссэн BB₁NCC₁M ба ABNA₁DCMD₁ призмүүдийн эзлэхүүний харьцааг олоорой.', 34, NOW()),
('20210001-0035-0000-0000-000000000002', '20210000-0001-0000-0000-000000000002', 35, 'Асуулт 35', 'A(6, 2) цэгийг y = 3x − 1 шулууны хувьд тэгш хэмээр хувиргахад үүсэх цэгийн координатыг олоорой.', 35, NOW()),
('20210001-0036-0000-0000-000000000002', '20210000-0001-0000-0000-000000000002', 36, 'Асуулт 36', 'x² + 2ax + a + 2 > 0 тэнцэтгэл биш бүх бодит тоо x-ийн хувьд үнэн байх a тооны утгын мужийг олоорой.', 36, NOW()),
-- Нөхөх даалгаврууд (2.1-2.4)
('20210002-0001-0000-0000-000000000002', '20210000-0002-0000-0000-000000000002', 1, 'Даалгавар 2.1', 'Тойрогт багтсан ABCD дөрвөн өнцөгтийн AB = 5, BC = 8, CD = 3, ∠ABC = 60° байв. Тойргийн радиус болон дөрвөн өнцөгтийн талбайг олоорой. (7 оноо)', 37, NOW()),
('20210002-0002-0000-0000-000000000002', '20210000-0002-0000-0000-000000000002', 2, 'Даалгавар 2.2', 'Уутанд 2, 3 дугаартай хөх өнгийн мөн 1, 2, 3 дугаартай улаан өнгийн, нийт таван бөмбөг байв. Тоглогч уутнаас санамсаргүйгээр хоёр бөмбөг авч, дугаарын нийлбэрийг өөрийн оноо гэж тооцно. (7 оноо)', 38, NOW()),
('20210002-0003-0000-0000-000000000002', '20210000-0002-0000-0000-000000000002', 3, 'Даалгавар 2.3', 'y = (1/3)x³ − (1/2)x² − 2x + 5/6 функцийг уламжлал хэрэглэн шинжилье. (7 оноо)', 39, NOW()),
('20210002-0004-0000-0000-000000000002', '20210000-0002-0000-0000-000000000002', 4, 'Даалгавар 2.4', 'f(x) = (3x−10)/(x−4) функц авч үзье. (7 оноо)', 40, NOW());

-- 4. Questions
INSERT INTO mock_test_questions (id, problem_id, question_number, question_text, explanation, points, order_index, created_at) VALUES
('20210001-0001-0001-0000-000000000002', '20210001-0001-0000-0000-000000000002', '1', '7.3 тоог бүхлээр тоймлоорой.', '7.3 ≈ 7', 1, 1, NOW()),
('20210001-0002-0001-0000-000000000002', '20210001-0002-0000-0000-000000000002', '2', '341000 тоог стандарт хэлбэрт бичээрэй.', '341000 = 3.41 × 10⁵', 1, 1, NOW()),
('20210001-0003-0001-0000-000000000002', '20210001-0003-0000-0000-000000000002', '3', '0.2(6) бутархайг энгийн бутархайд шилжүүлээрэй.', '0.2666... = 4/15', 1, 1, NOW()),
('20210001-0004-0001-0000-000000000002', '20210001-0004-0000-0000-000000000002', '4', 'Эсрэг үзэгдлийн магадлалыг олоорой.', 'P(Ā) = 1 − 3/4 = 1/4', 1, 1, NOW()),
('20210001-0005-0001-0000-000000000002', '20210001-0005-0000-0000-000000000002', '5', '5^(2/3) зэргийг язгуур хэрэглэн бичээрэй.', '5^(2/3) = ³√25', 1, 1, NOW()),
('20210001-0006-0001-0000-000000000002', '20210001-0006-0000-0000-000000000002', '6', 'a тоог олоорой.', 'f(−1) = 2(−1) + a = 3 → a = 5', 1, 1, NOW()),
('20210001-0007-0001-0000-000000000002', '20210001-0007-0000-0000-000000000002', '7', 'Координатын эх хүртэлх зайг олоорой.', 'd = √(9 + 18) = √27 = 3√3', 1, 1, NOW()),
('20210001-0008-0001-0000-000000000002', '20210001-0008-0000-0000-000000000002', '8', 'Аль үйлдлийг гүйцэтгэж болох вэ?', 'A(2×1), B(2×2) → B·A боломжтой', 1, 1, NOW()),
('20210001-0009-0001-0000-000000000002', '20210001-0009-0000-0000-000000000002', '9', 'sinα-ийн утгыг олоорой.', 'sin²α = 1 − 9/16 = 7/16, sinα = −√7/4 (III улирал)', 1, 1, NOW()),
('20210001-0010-0001-0000-000000000002', '20210001-0010-0000-0000-000000000002', '10', 'f′(9)-ийн утгыг олоорой.', 'f(x) = 4x^(-1/2), f′(x) = −2x^(-3/2), f′(9) = −2/27', 1, 1, NOW()),
('20210001-0011-0001-0000-000000000002', '20210001-0011-0000-0000-000000000002', '11', '√3-аас их байх бүх тоог ялган бичээрэй.', '√3 ≈ 1.732. 1.8 > √3, 7/4 = 1.75 > √3', 2, 1, NOW()),
('20210001-0012-0001-0000-000000000002', '20210001-0012-0000-0000-000000000002', '12', 'Квартиль хоорондын далайцыг олоорой.', 'Эрэмбэлбэл: 51,56,62,62,70,78,83,85,100. Q1=59, Q3=84, IQR=25', 2, 1, NOW()),
('20210001-0013-0001-0000-000000000002', '20210001-0013-0000-0000-000000000002', '13', 'Илэрхийллийг хялбарчлаарай.', '|a+1| + |a−3| = (a+1) + (3−a) = 4', 2, 1, NOW()),
('20210001-0014-0001-0000-000000000002', '20210001-0014-0000-0000-000000000002', '14', 'M⁻¹ матрицыг олоорой.', 'det = 20−18 = 2. M⁻¹ = [[1, −3], [−1.5, 5]]', 2, 1, NOW()),
('20210001-0015-0001-0000-000000000002', '20210001-0015-0000-0000-000000000002', '15', 'x − y-ийг олоорой.', 'x+y = 1, x−1 = 2y → x = 1, y = 0 → x−y = 1', 2, 1, NOW()),
('20210001-0016-0001-0000-000000000002', '20210001-0016-0000-0000-000000000002', '16', 'Функцийн утгын мужийг олоорой.', 'y = (x−3)² − 2. x∈[2,5], y∈[−2, 2]', 2, 1, NOW()),
('20210001-0017-0001-0000-000000000002', '20210001-0017-0000-0000-000000000002', '17', 'Үлдэгдлийг олоорой.', 'P(−2) = −8 + 4 + 6 − 5 = −3', 2, 1, NOW()),
('20210001-0018-0001-0000-000000000002', '20210001-0018-0000-0000-000000000002', '18', '|B|-ийг олоорой.', '|A∪B| = |A| + |B| − |A∩B| → 14 = 8 + |B| − 3 → |B| = 9', 2, 1, NOW()),
('20210001-0019-0001-0000-000000000002', '20210001-0019-0000-0000-000000000002', '19', 'Хэдэн натурал шийдтэй вэ?', 'C(7,2) = 21', 2, 1, NOW()),
('20210001-0020-0001-0000-000000000002', '20210001-0020-0000-0000-000000000002', '20', 'Секторын өнцгийг олоорой.', 'θ = (2πr)/l = (2π·6)/8 · (180/π) = 270°', 2, 1, NOW()),
('20210001-0021-0001-0000-000000000002', '20210001-0021-0000-0000-000000000002', '21', 'Гурван зэргийн олон гишүүнт аль нь вэ?', '(x+2)(x−2)(x−1) = x³ − x² − 4x + 4', 2, 1, NOW()),
('20210001-0022-0001-0000-000000000002', '20210001-0022-0000-0000-000000000002', '22', 'Тэгшитгэлийн шийдийг олоорой.', 'x = −4, x = 2 → {−4, 2}', 2, 1, NOW()),
('20210001-0023-0001-0000-000000000002', '20210001-0023-0000-0000-000000000002', '23', 'Муруйг олоорой.', 'y = 2x² − 3x + c, 1 = 2 + 3 + c → c = −4. y = 2x² − 3x − 4', 2, 1, NOW()),
('20210001-0024-0001-0000-000000000002', '20210001-0024-0000-0000-000000000002', '24', 'Нормаль шулууны тэгшитгэлийг бичээрэй.', 'f′(1) = −2, нормаль налалт = 1/2. y = (1/2)x + 3/2', 2, 1, NOW()),
('20210001-0025-0001-0000-000000000002', '20210001-0025-0000-0000-000000000002', '25', 'OC⃗-ийг илэрхийлээрэй.', 'OC⃗ = (a⃗ + 3b⃗)/4', 2, 1, NOW()),
('20210001-0026-0001-0000-000000000002', '20210001-0026-0000-0000-000000000002', '26', 'n-ийн утгыг олоорой.', 'Σ(x−10) = Σx − 10n = 12.5n − 10n = 2.5n = 35 → n = 14', 2, 1, NOW()),
('20210001-0027-0001-0000-000000000002', '20210001-0027-0000-0000-000000000002', '27', 'Илэрхийллийг хялбарчлаарай.', '= (x−2)/2', 3, 1, NOW()),
('20210001-0028-0001-0000-000000000002', '20210001-0028-0000-0000-000000000002', '28', 'Хэдэн килограмм зэс байсан бэ?', 'x/40 − x/50 = 0.12 → x = 24 кг', 3, 1, NOW()),
('20210001-0029-0001-0000-000000000002', '20210001-0029-0000-0000-000000000002', '29', 'Хувиргалтын матрицыг олоорой.', 'Тусгал матриц', 3, 1, NOW()),
('20210001-0030-0001-0000-000000000002', '20210001-0030-0000-0000-000000000002', '30', 'Нийлбэрийн хамгийн их утгыг олоорой.', 'aₙ = 51 + (n−1)(−4) > 0 → n ≤ 13. S₁₃ = 351', 3, 1, NOW()),
('20210001-0031-0001-0000-000000000002', '20210001-0031-0000-0000-000000000002', '31', 'p, q-ийн утгыг олоорой.', 'p = 3, q = 5', 3, 1, NOW()),
('20210001-0032-0001-0000-000000000002', '20210001-0032-0000-0000-000000000002', '32', 'Интегралыг бодоорой.', '∫₁³(3−x)dx + ∫₃⁴(x−3)dx = 2 + 0.5 = 2.5 = 5/2', 3, 1, NOW()),
('20210001-0033-0001-0000-000000000002', '20210001-0033-0000-0000-000000000002', '33', 'Гурвалжны талбайг олоорой.', 'S = 2', 3, 1, NOW()),
('20210001-0034-0001-0000-000000000002', '20210001-0034-0000-0000-000000000002', '34', 'Эзлэхүүний харьцааг олоорой.', '3 : 7', 3, 1, NOW()),
('20210001-0035-0001-0000-000000000002', '20210001-0035-0000-0000-000000000002', '35', 'Үүсэх цэгийн координатыг олоорой.', '(−3, 5)', 3, 1, NOW()),
('20210001-0036-0001-0000-000000000002', '20210001-0036-0000-0000-000000000002', '36', 'a тооны утгын мужийг олоорой.', 'D < 0 → 4a² − 4(a+2) < 0 → −1 < a < 2', 3, 1, NOW()),
-- Нөхөх даалгаврын асуултууд
('20210002-0001-0001-0000-000000000002', '20210002-0001-0000-0000-000000000002', '2.1', 'a, b, c, d, e, f, g утгуудыг олоорой.', 'B хувилбар: a=7, b=7, c=5, d=e, e=20, f=37 (түлхүүрээс)', 7, 1, NOW()),
('20210002-0002-0001-0000-000000000002', '20210002-0002-0000-0000-000000000002', '2.2', 'a, b, c, d, e, f, g утгуудыг олоорой.', 'B хувилбар: a=5, b=2, c=2, d=6, e=5, f=g, g=2 (түлхүүрээс)', 7, 1, NOW()),
('20210002-0003-0001-0000-000000000002', '20210002-0003-0000-0000-000000000002', '2.3', 'a, b, c, d, e, f, g утгуудыг олоорой.', 'B хувилбар: a=2, b=1, c=2, d=2, e=2, f=5, g=2 (түлхүүрээс)', 7, 1, NOW()),
('20210002-0004-0001-0000-000000000002', '20210002-0004-0000-0000-000000000002', '2.4', 'a, b, c, d, e, f, g утгуудыг олоорой.', 'B хувилбар: a=4, b=4, c=6, d=4, e=3, f=2, g=5 (түлхүүрээс)', 7, 1, NOW());

-- 5. Options - B хувилбар зөв хариултууд: A,D,B,E,D,C,B,D,E,A,D,C,B,E,D,A,C,D,E,A,D,C,B,B,D,E,D,A,D,E,C,B,D,A,E,D

-- Q1: A=7
INSERT INTO mock_test_options (id, question_id, option_text, is_correct, order_index, created_at) VALUES
('20210001-0001-0001-0001-000000000002', '20210001-0001-0001-0000-000000000002', '7', true, 0, NOW()),
('20210001-0001-0001-0002-000000000002', '20210001-0001-0001-0000-000000000002', '8', false, 1, NOW()),
('20210001-0001-0001-0003-000000000002', '20210001-0001-0001-0000-000000000002', '10', false, 2, NOW()),
('20210001-0001-0001-0004-000000000002', '20210001-0001-0001-0000-000000000002', '5', false, 3, NOW()),
('20210001-0001-0001-0005-000000000002', '20210001-0001-0001-0000-000000000002', '0', false, 4, NOW());

-- Q2: D=3.41×10⁵
INSERT INTO mock_test_options (id, question_id, option_text, is_correct, order_index, created_at) VALUES
('20210001-0002-0001-0001-000000000002', '20210001-0002-0001-0000-000000000002', '0.341 × 10⁶', false, 0, NOW()),
('20210001-0002-0001-0002-000000000002', '20210001-0002-0001-0000-000000000002', '341 × 10³', false, 1, NOW()),
('20210001-0002-0001-0003-000000000002', '20210001-0002-0001-0000-000000000002', '34.1 × 10⁴', false, 2, NOW()),
('20210001-0002-0001-0004-000000000002', '20210001-0002-0001-0000-000000000002', '3.41 × 10⁵', true, 3, NOW()),
('20210001-0002-0001-0005-000000000002', '20210001-0002-0001-0000-000000000002', '3.41 × 10⁴', false, 4, NOW());

-- Q3: B=4/15
INSERT INTO mock_test_options (id, question_id, option_text, is_correct, order_index, created_at) VALUES
('20210001-0003-0001-0001-000000000002', '20210001-0003-0001-0000-000000000002', '13/45', false, 0, NOW()),
('20210001-0003-0001-0002-000000000002', '20210001-0003-0001-0000-000000000002', '4/15', true, 1, NOW()),
('20210001-0003-0001-0003-000000000002', '20210001-0003-0001-0000-000000000002', '8/3', false, 2, NOW()),
('20210001-0003-0001-0004-000000000002', '20210001-0003-0001-0000-000000000002', '26/99', false, 3, NOW()),
('20210001-0003-0001-0005-000000000002', '20210001-0003-0001-0000-000000000002', '8/33', false, 4, NOW());

-- Q4: E=1/4
INSERT INTO mock_test_options (id, question_id, option_text, is_correct, order_index, created_at) VALUES
('20210001-0004-0001-0001-000000000002', '20210001-0004-0001-0000-000000000002', '4/3', false, 0, NOW()),
('20210001-0004-0001-0002-000000000002', '20210001-0004-0001-0000-000000000002', '−3/4', false, 1, NOW()),
('20210001-0004-0001-0003-000000000002', '20210001-0004-0001-0000-000000000002', '1', false, 2, NOW()),
('20210001-0004-0001-0004-000000000002', '20210001-0004-0001-0000-000000000002', '0', false, 3, NOW()),
('20210001-0004-0001-0005-000000000002', '20210001-0004-0001-0000-000000000002', '1/4', true, 4, NOW());

-- Q5: D=³√25
INSERT INTO mock_test_options (id, question_id, option_text, is_correct, order_index, created_at) VALUES
('20210001-0005-0001-0001-000000000002', '20210001-0005-0001-0000-000000000002', '√5', false, 0, NOW()),
('20210001-0005-0001-0002-000000000002', '20210001-0005-0001-0000-000000000002', '√125', false, 1, NOW()),
('20210001-0005-0001-0003-000000000002', '20210001-0005-0001-0000-000000000002', '³√5', false, 2, NOW()),
('20210001-0005-0001-0004-000000000002', '20210001-0005-0001-0000-000000000002', '³√25', true, 3, NOW()),
('20210001-0005-0001-0005-000000000002', '20210001-0005-0001-0000-000000000002', '³√125', false, 4, NOW());

-- Q6: C=5
INSERT INTO mock_test_options (id, question_id, option_text, is_correct, order_index, created_at) VALUES
('20210001-0006-0001-0001-000000000002', '20210001-0006-0001-0000-000000000002', '2', false, 0, NOW()),
('20210001-0006-0001-0002-000000000002', '20210001-0006-0001-0000-000000000002', '−7', false, 1, NOW()),
('20210001-0006-0001-0003-000000000002', '20210001-0006-0001-0000-000000000002', '5', true, 2, NOW()),
('20210001-0006-0001-0004-000000000002', '20210001-0006-0001-0000-000000000002', '3', false, 3, NOW()),
('20210001-0006-0001-0005-000000000002', '20210001-0006-0001-0000-000000000002', '1', false, 4, NOW());

-- Q7: B=3√3
INSERT INTO mock_test_options (id, question_id, option_text, is_correct, order_index, created_at) VALUES
('20210001-0007-0001-0001-000000000002', '20210001-0007-0001-0000-000000000002', '3', false, 0, NOW()),
('20210001-0007-0001-0002-000000000002', '20210001-0007-0001-0000-000000000002', '3√3', true, 1, NOW()),
('20210001-0007-0001-0003-000000000002', '20210001-0007-0001-0000-000000000002', '3√2', false, 2, NOW()),
('20210001-0007-0001-0004-000000000002', '20210001-0007-0001-0000-000000000002', '3√5', false, 3, NOW()),
('20210001-0007-0001-0005-000000000002', '20210001-0007-0001-0000-000000000002', '−3 + 3√2', false, 4, NOW());

-- Q8: D=B·A
INSERT INTO mock_test_options (id, question_id, option_text, is_correct, order_index, created_at) VALUES
('20210001-0008-0001-0001-000000000002', '20210001-0008-0001-0000-000000000002', 'B − A', false, 0, NOW()),
('20210001-0008-0001-0002-000000000002', '20210001-0008-0001-0000-000000000002', 'A · B', false, 1, NOW()),
('20210001-0008-0001-0003-000000000002', '20210001-0008-0001-0000-000000000002', 'A + B', false, 2, NOW()),
('20210001-0008-0001-0004-000000000002', '20210001-0008-0001-0000-000000000002', 'B · A', true, 3, NOW()),
('20210001-0008-0001-0005-000000000002', '20210001-0008-0001-0000-000000000002', 'A²', false, 4, NOW());

-- Q9: E=−√7/4
INSERT INTO mock_test_options (id, question_id, option_text, is_correct, order_index, created_at) VALUES
('20210001-0009-0001-0001-000000000002', '20210001-0009-0001-0000-000000000002', '5/4', false, 0, NOW()),
('20210001-0009-0001-0002-000000000002', '20210001-0009-0001-0000-000000000002', '√7/4', false, 1, NOW()),
('20210001-0009-0001-0003-000000000002', '20210001-0009-0001-0000-000000000002', '−1/4', false, 2, NOW()),
('20210001-0009-0001-0004-000000000002', '20210001-0009-0001-0000-000000000002', '3/4', false, 3, NOW()),
('20210001-0009-0001-0005-000000000002', '20210001-0009-0001-0000-000000000002', '−√7/4', true, 4, NOW());

-- Q10: A=−2/27
INSERT INTO mock_test_options (id, question_id, option_text, is_correct, order_index, created_at) VALUES
('20210001-0010-0001-0001-000000000002', '20210001-0010-0001-0000-000000000002', '−2/27', true, 0, NOW()),
('20210001-0010-0001-0002-000000000002', '20210001-0010-0001-0000-000000000002', '−2/9', false, 1, NOW()),
('20210001-0010-0001-0003-000000000002', '20210001-0010-0001-0000-000000000002', '−2/3', false, 2, NOW()),
('20210001-0010-0001-0004-000000000002', '20210001-0010-0001-0000-000000000002', '24', false, 3, NOW()),
('20210001-0010-0001-0005-000000000002', '20210001-0010-0001-0000-000000000002', '6', false, 4, NOW());

-- Q11: D=1.8, 7/4
INSERT INTO mock_test_options (id, question_id, option_text, is_correct, order_index, created_at) VALUES
('20210001-0011-0001-0001-000000000002', '20210001-0011-0001-0000-000000000002', '1.8, π/2', false, 0, NOW()),
('20210001-0011-0001-0002-000000000002', '20210001-0011-0001-0000-000000000002', '7/4', false, 1, NOW()),
('20210001-0011-0001-0003-000000000002', '20210001-0011-0001-0000-000000000002', 'π/2', false, 2, NOW()),
('20210001-0011-0001-0004-000000000002', '20210001-0011-0001-0000-000000000002', '1.8, 7/4', true, 3, NOW()),
('20210001-0011-0001-0005-000000000002', '20210001-0011-0001-0000-000000000002', '7/4, 1', false, 4, NOW());

-- Q12: C=25
INSERT INTO mock_test_options (id, question_id, option_text, is_correct, order_index, created_at) VALUES
('20210001-0012-0001-0001-000000000002', '20210001-0012-0001-0000-000000000002', '21', false, 0, NOW()),
('20210001-0012-0001-0002-000000000002', '20210001-0012-0001-0000-000000000002', '49', false, 1, NOW()),
('20210001-0012-0001-0003-000000000002', '20210001-0012-0001-0000-000000000002', '25', true, 2, NOW()),
('20210001-0012-0001-0004-000000000002', '20210001-0012-0001-0000-000000000002', '62', false, 3, NOW()),
('20210001-0012-0001-0005-000000000002', '20210001-0012-0001-0000-000000000002', '70', false, 4, NOW());

-- Q13: B=4
INSERT INTO mock_test_options (id, question_id, option_text, is_correct, order_index, created_at) VALUES
('20210001-0013-0001-0001-000000000002', '20210001-0013-0001-0000-000000000002', '2a − 2', false, 0, NOW()),
('20210001-0013-0001-0002-000000000002', '20210001-0013-0001-0000-000000000002', '4', true, 1, NOW()),
('20210001-0013-0001-0003-000000000002', '20210001-0013-0001-0000-000000000002', '2 − 2a', false, 2, NOW()),
('20210001-0013-0001-0004-000000000002', '20210001-0013-0001-0000-000000000002', '−4', false, 3, NOW()),
('20210001-0013-0001-0005-000000000002', '20210001-0013-0001-0000-000000000002', '5', false, 4, NOW());

-- Q14: E=[[1, −3], [−1.5, 5]]
INSERT INTO mock_test_options (id, question_id, option_text, is_correct, order_index, created_at) VALUES
('20210001-0014-0001-0001-000000000002', '20210001-0014-0001-0000-000000000002', '[[1, 3], [−1.5, −5]]', false, 0, NOW()),
('20210001-0014-0001-0002-000000000002', '20210001-0014-0001-0000-000000000002', '[[−5, 1.5], [3, −1]]', false, 1, NOW()),
('20210001-0014-0001-0003-000000000002', '20210001-0014-0001-0000-000000000002', '[[10, 3], [6, 2]]', false, 2, NOW()),
('20210001-0014-0001-0004-000000000002', '20210001-0014-0001-0000-000000000002', '[[2, −6], [−3, 10]]', false, 3, NOW()),
('20210001-0014-0001-0005-000000000002', '20210001-0014-0001-0000-000000000002', '[[1, −3], [−1.5, 5]]', true, 4, NOW());

-- Q15: D=1
INSERT INTO mock_test_options (id, question_id, option_text, is_correct, order_index, created_at) VALUES
('20210001-0015-0001-0001-000000000002', '20210001-0015-0001-0000-000000000002', '5', false, 0, NOW()),
('20210001-0015-0001-0002-000000000002', '20210001-0015-0001-0000-000000000002', '1; 3', false, 1, NOW()),
('20210001-0015-0001-0003-000000000002', '20210001-0015-0001-0000-000000000002', '−1', false, 2, NOW()),
('20210001-0015-0001-0004-000000000002', '20210001-0015-0001-0000-000000000002', '1', true, 3, NOW()),
('20210001-0015-0001-0005-000000000002', '20210001-0015-0001-0000-000000000002', '3', false, 4, NOW());

-- Q16: A=−2≤y≤2
INSERT INTO mock_test_options (id, question_id, option_text, is_correct, order_index, created_at) VALUES
('20210001-0016-0001-0001-000000000002', '20210001-0016-0001-0000-000000000002', '−2 ≤ y ≤ 2', true, 0, NOW()),
('20210001-0016-0001-0002-000000000002', '20210001-0016-0001-0000-000000000002', '−1 ≤ y ≤ 2', false, 1, NOW()),
('20210001-0016-0001-0003-000000000002', '20210001-0016-0001-0000-000000000002', '2 ≤ y ≤ 5', false, 2, NOW()),
('20210001-0016-0001-0004-000000000002', '20210001-0016-0001-0000-000000000002', 'y ≥ −2', false, 3, NOW()),
('20210001-0016-0001-0005-000000000002', '20210001-0016-0001-0000-000000000002', '−2 ≤ y ≤ −1', false, 4, NOW());

-- Q17: C=−3
INSERT INTO mock_test_options (id, question_id, option_text, is_correct, order_index, created_at) VALUES
('20210001-0017-0001-0001-000000000002', '20210001-0017-0001-0000-000000000002', '5', false, 0, NOW()),
('20210001-0017-0001-0002-000000000002', '20210001-0017-0001-0000-000000000002', '1', false, 1, NOW()),
('20210001-0017-0001-0003-000000000002', '20210001-0017-0001-0000-000000000002', '−3', true, 2, NOW()),
('20210001-0017-0001-0004-000000000002', '20210001-0017-0001-0000-000000000002', '−7', false, 3, NOW()),
('20210001-0017-0001-0005-000000000002', '20210001-0017-0001-0000-000000000002', '−5', false, 4, NOW());

-- Q18: D=9
INSERT INTO mock_test_options (id, question_id, option_text, is_correct, order_index, created_at) VALUES
('20210001-0018-0001-0001-000000000002', '20210001-0018-0001-0000-000000000002', '8', false, 0, NOW()),
('20210001-0018-0001-0002-000000000002', '20210001-0018-0001-0000-000000000002', '3', false, 1, NOW()),
('20210001-0018-0001-0003-000000000002', '20210001-0018-0001-0000-000000000002', '19', false, 2, NOW()),
('20210001-0018-0001-0004-000000000002', '20210001-0018-0001-0000-000000000002', '9', true, 3, NOW()),
('20210001-0018-0001-0005-000000000002', '20210001-0018-0001-0000-000000000002', '6', false, 4, NOW());

-- Q19: E=21
INSERT INTO mock_test_options (id, question_id, option_text, is_correct, order_index, created_at) VALUES
('20210001-0019-0001-0001-000000000002', '20210001-0019-0001-0000-000000000002', '18', false, 0, NOW()),
('20210001-0019-0001-0002-000000000002', '20210001-0019-0001-0000-000000000002', '45', false, 1, NOW()),
('20210001-0019-0001-0003-000000000002', '20210001-0019-0001-0000-000000000002', '5', false, 2, NOW()),
('20210001-0019-0001-0004-000000000002', '20210001-0019-0001-0000-000000000002', '20', false, 3, NOW()),
('20210001-0019-0001-0005-000000000002', '20210001-0019-0001-0000-000000000002', '21', true, 4, NOW());

-- Q20: A=270°
INSERT INTO mock_test_options (id, question_id, option_text, is_correct, order_index, created_at) VALUES
('20210001-0020-0001-0001-000000000002', '20210001-0020-0001-0000-000000000002', '270°', true, 0, NOW()),
('20210001-0020-0001-0002-000000000002', '20210001-0020-0001-0000-000000000002', '90°', false, 1, NOW()),
('20210001-0020-0001-0003-000000000002', '20210001-0020-0001-0000-000000000002', '480°', false, 2, NOW()),
('20210001-0020-0001-0004-000000000002', '20210001-0020-0001-0000-000000000002', '240°', false, 3, NOW()),
('20210001-0020-0001-0005-000000000002', '20210001-0020-0001-0000-000000000002', 'arccos(−1/8)', false, 4, NOW());

-- Q21: D=x³−x²−4x+4
INSERT INTO mock_test_options (id, question_id, option_text, is_correct, order_index, created_at) VALUES
('20210001-0021-0001-0001-000000000002', '20210001-0021-0001-0000-000000000002', 'x³ − 2x² − x + 2', false, 0, NOW()),
('20210001-0021-0001-0002-000000000002', '20210001-0021-0001-0000-000000000002', 'x³ + x² − 4x + 4', false, 1, NOW()),
('20210001-0021-0001-0003-000000000002', '20210001-0021-0001-0000-000000000002', 'x³ + 3x² − 4x − 12', false, 2, NOW()),
('20210001-0021-0001-0004-000000000002', '20210001-0021-0001-0000-000000000002', 'x³ − x² − 4x + 4', true, 3, NOW()),
('20210001-0021-0001-0005-000000000002', '20210001-0021-0001-0000-000000000002', 'x³ + x² + 4x − 4', false, 4, NOW());

-- Q22: C={−4, 2}
INSERT INTO mock_test_options (id, question_id, option_text, is_correct, order_index, created_at) VALUES
('20210001-0022-0001-0001-000000000002', '20210001-0022-0001-0000-000000000002', '{−4, −14/3}', false, 0, NOW()),
('20210001-0022-0001-0002-000000000002', '20210001-0022-0001-0000-000000000002', '{−4, 2, −14/3}', false, 1, NOW()),
('20210001-0022-0001-0003-000000000002', '20210001-0022-0001-0000-000000000002', '{−4, 2}', true, 2, NOW()),
('20210001-0022-0001-0004-000000000002', '20210001-0022-0001-0000-000000000002', '{2, −14/3}', false, 3, NOW()),
('20210001-0022-0001-0005-000000000002', '20210001-0022-0001-0000-000000000002', '{2}', false, 4, NOW());

-- Q23: B=y=2x²−3x−4
INSERT INTO mock_test_options (id, question_id, option_text, is_correct, order_index, created_at) VALUES
('20210001-0023-0001-0001-000000000002', '20210001-0023-0001-0000-000000000002', 'y = 2x² − 1', false, 0, NOW()),
('20210001-0023-0001-0002-000000000002', '20210001-0023-0001-0000-000000000002', 'y = 2x² − 3x − 4', true, 1, NOW()),
('20210001-0023-0001-0003-000000000002', '20210001-0023-0001-0000-000000000002', 'y = 4x² − 3x − 6', false, 2, NOW()),
('20210001-0023-0001-0004-000000000002', '20210001-0023-0001-0000-000000000002', 'y = 2x² − 3x + 2', false, 3, NOW()),
('20210001-0023-0001-0005-000000000002', '20210001-0023-0001-0000-000000000002', 'y = 4x² − 3x', false, 4, NOW());

-- Q24: B=y=(1/2)x+3/2
INSERT INTO mock_test_options (id, question_id, option_text, is_correct, order_index, created_at) VALUES
('20210001-0024-0001-0001-000000000002', '20210001-0024-0001-0000-000000000002', 'y = −2x + 4', false, 0, NOW()),
('20210001-0024-0001-0002-000000000002', '20210001-0024-0001-0000-000000000002', 'y = (1/2)x + 3/2', true, 1, NOW()),
('20210001-0024-0001-0003-000000000002', '20210001-0024-0001-0000-000000000002', 'y = −(1/2)x + 5/2', false, 2, NOW()),
('20210001-0024-0001-0004-000000000002', '20210001-0024-0001-0000-000000000002', 'y = 2x', false, 3, NOW()),
('20210001-0024-0001-0005-000000000002', '20210001-0024-0001-0000-000000000002', 'y = 2x − 4', false, 4, NOW());

-- Q25: D=(3b⃗+a⃗)/4
INSERT INTO mock_test_options (id, question_id, option_text, is_correct, order_index, created_at) VALUES
('20210001-0025-0001-0001-000000000002', '20210001-0025-0001-0000-000000000002', '(b⃗ + 3a⃗)/4', false, 0, NOW()),
('20210001-0025-0001-0002-000000000002', '20210001-0025-0001-0000-000000000002', '(3b⃗ − a⃗)/4', false, 1, NOW()),
('20210001-0025-0001-0003-000000000002', '20210001-0025-0001-0000-000000000002', '(−b⃗ + 5a⃗)/4', false, 2, NOW()),
('20210001-0025-0001-0004-000000000002', '20210001-0025-0001-0000-000000000002', '(3b⃗ + a⃗)/4', true, 3, NOW()),
('20210001-0025-0001-0005-000000000002', '20210001-0025-0001-0000-000000000002', '(b⃗ − a⃗)/4', false, 4, NOW());

-- Q26: E=14
INSERT INTO mock_test_options (id, question_id, option_text, is_correct, order_index, created_at) VALUES
('20210001-0026-0001-0001-000000000002', '20210001-0026-0001-0000-000000000002', '3', false, 0, NOW()),
('20210001-0026-0001-0002-000000000002', '20210001-0026-0001-0000-000000000002', '4', false, 1, NOW()),
('20210001-0026-0001-0003-000000000002', '20210001-0026-0001-0000-000000000002', '2', false, 2, NOW()),
('20210001-0026-0001-0004-000000000002', '20210001-0026-0001-0000-000000000002', '15', false, 3, NOW()),
('20210001-0026-0001-0005-000000000002', '20210001-0026-0001-0000-000000000002', '14', true, 4, NOW());

-- Q27: D=(x−2)/2
INSERT INTO mock_test_options (id, question_id, option_text, is_correct, order_index, created_at) VALUES
('20210001-0027-0001-0001-000000000002', '20210001-0027-0001-0000-000000000002', '(x+2)/2', false, 0, NOW()),
('20210001-0027-0001-0002-000000000002', '20210001-0027-0001-0000-000000000002', '(x−1)(x+2)/(2(x+1))', false, 1, NOW()),
('20210001-0027-0001-0003-000000000002', '20210001-0027-0001-0000-000000000002', '(x−1)(x−2)/(2(x+1))', false, 2, NOW()),
('20210001-0027-0001-0004-000000000002', '20210001-0027-0001-0000-000000000002', '(x−2)/2', true, 3, NOW()),
('20210001-0027-0001-0005-000000000002', '20210001-0027-0001-0000-000000000002', '(x+1)/2', false, 4, NOW());

-- Q28: A=24 кг
INSERT INTO mock_test_options (id, question_id, option_text, is_correct, order_index, created_at) VALUES
('20210001-0028-0001-0001-000000000002', '20210001-0028-0001-0000-000000000002', '24 кг', true, 0, NOW()),
('20210001-0028-0001-0002-000000000002', '20210001-0028-0001-0000-000000000002', '16 кг', false, 1, NOW()),
('20210001-0028-0001-0003-000000000002', '20210001-0028-0001-0000-000000000002', '25 кг', false, 2, NOW()),
('20210001-0028-0001-0004-000000000002', '20210001-0028-0001-0000-000000000002', '28 кг', false, 3, NOW()),
('20210001-0028-0001-0005-000000000002', '20210001-0028-0001-0000-000000000002', '36 кг', false, 4, NOW());

-- Q29: D=[[0, 1], [−1, 0]]
INSERT INTO mock_test_options (id, question_id, option_text, is_correct, order_index, created_at) VALUES
('20210001-0029-0001-0001-000000000002', '20210001-0029-0001-0000-000000000002', '[[0, −1], [−1, 0]]', false, 0, NOW()),
('20210001-0029-0001-0002-000000000002', '20210001-0029-0001-0000-000000000002', '[[0, −1], [1, 0]]', false, 1, NOW()),
('20210001-0029-0001-0003-000000000002', '20210001-0029-0001-0000-000000000002', '[[1, 0], [0, −1]]', false, 2, NOW()),
('20210001-0029-0001-0004-000000000002', '20210001-0029-0001-0000-000000000002', '[[0, 1], [−1, 0]]', true, 3, NOW()),
('20210001-0029-0001-0005-000000000002', '20210001-0029-0001-0000-000000000002', '[[−1, 0], [0, 1]]', false, 4, NOW());

-- Q30: E=351
INSERT INTO mock_test_options (id, question_id, option_text, is_correct, order_index, created_at) VALUES
('20210001-0030-0001-0001-000000000002', '20210001-0030-0001-0000-000000000002', '344', false, 0, NOW()),
('20210001-0030-0001-0002-000000000002', '20210001-0030-0001-0000-000000000002', '350', false, 1, NOW()),
('20210001-0030-0001-0003-000000000002', '20210001-0030-0001-0000-000000000002', '352', false, 2, NOW()),
('20210001-0030-0001-0004-000000000002', '20210001-0030-0001-0000-000000000002', '348', false, 3, NOW()),
('20210001-0030-0001-0005-000000000002', '20210001-0030-0001-0000-000000000002', '351', true, 4, NOW());

-- Q31: C=p=3, q=5
INSERT INTO mock_test_options (id, question_id, option_text, is_correct, order_index, created_at) VALUES
('20210001-0031-0001-0001-000000000002', '20210001-0031-0001-0000-000000000002', 'p = 3, q = 45', false, 0, NOW()),
('20210001-0031-0001-0002-000000000002', '20210001-0031-0001-0000-000000000002', 'p = 11, q = 135', false, 1, NOW()),
('20210001-0031-0001-0003-000000000002', '20210001-0031-0001-0000-000000000002', 'p = 3, q = 5', true, 2, NOW()),
('20210001-0031-0001-0004-000000000002', '20210001-0031-0001-0000-000000000002', 'p = 3, q = 48', false, 3, NOW()),
('20210001-0031-0001-0005-000000000002', '20210001-0031-0001-0000-000000000002', 'p = 2, q = −1', false, 4, NOW());

-- Q32: B=5/2
INSERT INTO mock_test_options (id, question_id, option_text, is_correct, order_index, created_at) VALUES
('20210001-0032-0001-0001-000000000002', '20210001-0032-0001-0000-000000000002', '3/2', false, 0, NOW()),
('20210001-0032-0001-0002-000000000002', '20210001-0032-0001-0000-000000000002', '5/2', true, 1, NOW()),
('20210001-0032-0001-0003-000000000002', '20210001-0032-0001-0000-000000000002', '−3/2', false, 2, NOW()),
('20210001-0032-0001-0004-000000000002', '20210001-0032-0001-0000-000000000002', '1', false, 3, NOW()),
('20210001-0032-0001-0005-000000000002', '20210001-0032-0001-0000-000000000002', '3', false, 4, NOW());

-- Q33: D=2
INSERT INTO mock_test_options (id, question_id, option_text, is_correct, order_index, created_at) VALUES
('20210001-0033-0001-0001-000000000002', '20210001-0033-0001-0000-000000000002', '4', false, 0, NOW()),
('20210001-0033-0001-0002-000000000002', '20210001-0033-0001-0000-000000000002', '2', false, 1, NOW()),
('20210001-0033-0001-0003-000000000002', '20210001-0033-0001-0000-000000000002', '9', false, 2, NOW()),
('20210001-0033-0001-0004-000000000002', '20210001-0033-0001-0000-000000000002', '1', true, 3, NOW()),
('20210001-0033-0001-0005-000000000002', '20210001-0033-0001-0000-000000000002', '5 + 2√5', false, 4, NOW());

-- Q34: A=3:7
INSERT INTO mock_test_options (id, question_id, option_text, is_correct, order_index, created_at) VALUES
('20210001-0034-0001-0001-000000000002', '20210001-0034-0001-0000-000000000002', '3 : 7', true, 0, NOW()),
('20210001-0034-0001-0002-000000000002', '20210001-0034-0001-0000-000000000002', '2 : 3', false, 1, NOW()),
('20210001-0034-0001-0003-000000000002', '20210001-0034-0001-0000-000000000002', '3 : 10', false, 2, NOW()),
('20210001-0034-0001-0004-000000000002', '20210001-0034-0001-0000-000000000002', '7 : 10', false, 3, NOW()),
('20210001-0034-0001-0005-000000000002', '20210001-0034-0001-0000-000000000002', '1 : 4', false, 4, NOW());

-- Q35: E=(−3, 5)
INSERT INTO mock_test_options (id, question_id, option_text, is_correct, order_index, created_at) VALUES
('20210001-0035-0001-0001-000000000002', '20210001-0035-0001-0000-000000000002', '(2, 6)', false, 0, NOW()),
('20210001-0035-0001-0002-000000000002', '20210001-0035-0001-0000-000000000002', '(−3, 9/2)', false, 1, NOW()),
('20210001-0035-0001-0003-000000000002', '20210001-0035-0001-0000-000000000002', '(−4, 2)', false, 2, NOW()),
('20210001-0035-0001-0004-000000000002', '20210001-0035-0001-0000-000000000002', '(−7/2, 7/2)', false, 3, NOW()),
('20210001-0035-0001-0005-000000000002', '20210001-0035-0001-0000-000000000002', '(−3, 5)', true, 4, NOW());

-- Q36: D=−1<a<2
INSERT INTO mock_test_options (id, question_id, option_text, is_correct, order_index, created_at) VALUES
('20210001-0036-0001-0001-000000000002', '20210001-0036-0001-0000-000000000002', '−2 < a < 1', false, 0, NOW()),
('20210001-0036-0001-0002-000000000002', '20210001-0036-0001-0000-000000000002', 'a < −2, a > 1', false, 1, NOW()),
('20210001-0036-0001-0003-000000000002', '20210001-0036-0001-0000-000000000002', 'a < −1, a > 2', false, 2, NOW()),
('20210001-0036-0001-0004-000000000002', '20210001-0036-0001-0000-000000000002', '−1 < a < 2', true, 3, NOW()),
('20210001-0036-0001-0005-000000000002', '20210001-0036-0001-0000-000000000002', 'a > −2', false, 4, NOW());

-- =====================================================
-- SUMMARY
-- =====================================================
-- ЭЕШ 2021 Математик B хувилбар
-- Нийт: 100 оноо (72 сонгох + 28 нөхөх)
-- 
-- B хувилбар зөв хариултууд (1-36):
-- A, D, B, E, D, C, B, D, E, A, D, C, B, E, D, A, C, D, E, A, D, C, B, B, D, E, D, A, D, E, C, B, D, A, E, D
--
-- Нөхөх даалгаврын хариултууд (түлхүүрээс B хувилбар):
-- 2.1: a=7, b=7, c=5, d=e, e=20 ...
-- 2.2: a=5, b=2, c=2, d=6, e=5, f=g, g=2
-- 2.3: a=2, b=1, c=2, d=2, e=2, f=5, g=2
-- 2.4: a=4, b=4, c=6, d=4, e=3, f=2, g=5
-- =====================================================
