-- =====================================================
-- ЭЕШ 2021 Математик D Хувилбар - Supabase Seed Data
-- =====================================================
-- Нийт: 36 сонгох даалгавар (72 оноо) + 4 нөхөх даалгавар (28 оноо) = 100 оноо
-- D хувилбар зөв хариултууд: D,C,B,B,D,E,D,A,C,B,D,E,A,D,C,B,D,E,A,D,C,B,D,E,A,D,C,B,D,B,D,E,A,D,C,B
-- =====================================================

-- 1. Mock Test
INSERT INTO mock_tests (id, title, description, time_limit_minutes, total_questions, passing_score_percentage, is_published, category, eysh_threshold_500, eysh_threshold_600, eysh_threshold_700, eysh_threshold_800, created_at, updated_at) VALUES
('20210000-0000-0000-0000-000000000004', 'ЭЕШ 2021 Математик Хувилбар D', 'Элсэлтийн ерөнхий шалгалт 2021 оны Математикийн хичээлийн Хувилбар D. Нэгдүгээр хэсэг: 36 сонгох даалгавар (72 оноо). Хоёрдугаар хэсэг: 4 нөхөх даалгавар (28 оноо). Нийт 100 оноо.', 180, 40, 60, true, 'math', 60, 70, 80, 90, NOW(), NOW());

-- 2. Sections
INSERT INTO mock_test_sections (id, mock_test_id, subject, title, order_index, created_at) VALUES 
('20210000-0001-0000-0000-000000000004', '20210000-0000-0000-0000-000000000004', 'math', 'Нэгдүгээр хэсэг - Сонгох даалгавар', 1, NOW()),
('20210000-0002-0000-0000-000000000004', '20210000-0000-0000-0000-000000000004', 'math', 'Хоёрдугаар хэсэг - Нөхөх даалгавар', 2, NOW());

-- 3. Problems (36 сонгох + 4 нөхөх)
INSERT INTO mock_test_problems (id, section_id, problem_number, title, context, order_index, created_at) VALUES
-- 1 оноотой (1-10)
('20210001-0001-0000-0000-000000000004', '20210000-0001-0000-0000-000000000004', 1, 'Асуулт 1', '6.7 тоог бүхлээр тоймлоорой.', 1, NOW()),
('20210001-0002-0000-0000-000000000004', '20210000-0001-0000-0000-000000000004', 2, 'Асуулт 2', '341000 тоог стандарт хэлбэрт бичээрэй.', 2, NOW()),
('20210001-0003-0000-0000-000000000004', '20210000-0001-0000-0000-000000000004', 3, 'Асуулт 3', '0.1(3) үет аравтын бутархайг энгийн бутархайд шилжүүлээрэй.', 3, NOW()),
('20210001-0004-0000-0000-000000000004', '20210000-0001-0000-0000-000000000004', 4, 'Асуулт 4', 'P(A) = 3/4 бол A үзэгдлийн эсрэг үзэгдлийн магадлалыг олоорой.', 4, NOW()),
('20210001-0005-0000-0000-000000000004', '20210000-0001-0000-0000-000000000004', 5, 'Асуулт 5', '2^(2/3) зэргийг язгуур хэрэглэн бичээрэй.', 5, NOW()),
('20210001-0006-0000-0000-000000000004', '20210000-0001-0000-0000-000000000004', 6, 'Асуулт 6', 'f(x) = 2x + a функцийн график дээр M(−1, 3) цэг оршдог бол a тоог олоорой.', 6, NOW()),
('20210001-0007-0000-0000-000000000004', '20210000-0001-0000-0000-000000000004', 7, 'Асуулт 7', 'M(−2, 2√2) цэгээс координатын эх хүртэлх зайг олоорой.', 7, NOW()),
('20210001-0008-0000-0000-000000000004', '20210000-0001-0000-0000-000000000004', 8, 'Асуулт 8', 'A = [[1], [3]], B = [[-2, 1], [4, 6]] матрицуудын хувьд аль үйлдлийг гүйцэтгэж болох вэ?', 8, NOW()),
('20210001-0009-0000-0000-000000000004', '20210000-0001-0000-0000-000000000004', 9, 'Асуулт 9', 'sinα = 2/3, (90° < α < 180°) бол cosα-ийн утгыг олоорой.', 9, NOW()),
('20210001-0010-0000-0000-000000000004', '20210000-0001-0000-0000-000000000004', 10, 'Асуулт 10', 'f(x) = 4/√x функцийн хувьд f′(9)-ийн утгыг олоорой.', 10, NOW()),
-- 2 оноотой (11-27)
('20210001-0011-0000-0000-000000000004', '20210000-0001-0000-0000-000000000004', 11, 'Асуулт 11', '2, 1.3, 7/5, π/2 тоонуудаас √2-оос бага байх бүх тоог ялган бичээрэй.', 11, NOW()),
('20210001-0012-0000-0000-000000000004', '20210000-0001-0000-0000-000000000004', 12, 'Асуулт 12', 'Есөн сурагчийн математикийн шалгалтын оноо 62, 62, 56, 83, 78, 51, 100, 85, 70 байв. Сурагчдын онооны квартиль хоорондын далайцыг олоорой.', 12, NOW()),
('20210001-0013-0000-0000-000000000004', '20210000-0001-0000-0000-000000000004', 13, 'Асуулт 13', '1 < a < 4 үед √((a−1)²) + √(a²−8a+16) илэрхийллийг хялбарчлаарай.', 13, NOW()),
('20210001-0014-0000-0000-000000000004', '20210000-0001-0000-0000-000000000004', 14, 'Асуулт 14', 'M = [[10, 6], [3, 2]] бол M⁻¹ матрицыг олоорой.', 14, NOW()),
('20210001-0015-0000-0000-000000000004', '20210000-0001-0000-0000-000000000004', 15, 'Асуулт 15', '{x − y = −1, 2^(x+1) = 4^y} систем тэгшитгэлээс x + y-ийг олоорой.', 15, NOW()),
('20210001-0016-0000-0000-000000000004', '20210000-0001-0000-0000-000000000004', 16, 'Асуулт 16', 'y = x² − 6x + 7, (2 ≤ x ≤ 5) функцийн утгын мужийг олоорой.', 16, NOW()),
('20210001-0017-0000-0000-000000000004', '20210000-0001-0000-0000-000000000004', 17, 'Асуулт 17', 'P(x) = 2x³ + x² + x − 3 олон гишүүнтийг Q(x) = x + 1 олон гишүүнтэд хуваахад гарах үлдэгдлийг олоорой.', 17, NOW()),
('20210001-0018-0000-0000-000000000004', '20210000-0001-0000-0000-000000000004', 18, 'Асуулт 18', 'A, B олонлогуудын хувьд |A| = 8, |A ∩ B| = 3, |A ∪ B| = 14 бол |B|-ийг олоорой.', 18, NOW()),
('20210001-0019-0000-0000-000000000004', '20210000-0001-0000-0000-000000000004', 19, 'Асуулт 19', 'x + y + z = 7 тэгшитгэл хэдэн натурал шийдтэй вэ?', 19, NOW()),
('20210001-0020-0000-0000-000000000004', '20210000-0001-0000-0000-000000000004', 20, 'Асуулт 20', 'Конусын байгуулагч нь 8 нэгж, суурийн радиус нь 6 нэгж урттай байв. Энэ конусын хажуу гадаргуугийн дэлгээс болох секторын өнцгийг олоорой.', 20, NOW()),
('20210001-0021-0000-0000-000000000004', '20210000-0001-0000-0000-000000000004', 21, 'Асуулт 21', '−1, 1, 3 тоонууд язгуур нь болох гурван зэргийн олон гишүүнт аль нь вэ?', 21, NOW()),
('20210001-0022-0000-0000-000000000004', '20210000-0001-0000-0000-000000000004', 22, 'Асуулт 22', '|2x − 1| + |x + 5| = 10 тэгшитгэлийн шийдийг олоорой.', 22, NOW()),
('20210001-0023-0000-0000-000000000004', '20210000-0001-0000-0000-000000000004', 23, 'Асуулт 23', 'dy/dx = 2x − 3 ба P(−1; 2) цэгийг дайрах муруйг олоорой.', 23, NOW()),
('20210001-0024-0000-0000-000000000004', '20210000-0001-0000-0000-000000000004', 24, 'Асуулт 24', 'f(x) = x² − 4x + 5 функцийн x = 1 цэгт татсан нормаль шулууны тэгшитгэлийг бичээрэй.', 24, NOW()),
('20210001-0025-0000-0000-000000000004', '20210000-0001-0000-0000-000000000004', 25, 'Асуулт 25', 'OAB гурвалжны AB тал дээр AC : CB = 2 : 1 байх C цэг авав. OA⃗ = a⃗, OB⃗ = b⃗ бол OC⃗-ийг a⃗, b⃗-ээр илэрхийлээрэй.', 25, NOW()),
('20210001-0026-0000-0000-000000000004', '20210000-0001-0000-0000-000000000004', 26, 'Асуулт 26', 'n ширхэг элементтэй өгөгдлийн арифметик дундаж 12.5 ба Σ(x − 10) = 35 бол n-ийн утгыг олоорой.', 26, NOW()),
('20210001-0027-0000-0000-000000000004', '20210000-0001-0000-0000-000000000004', 27, 'Асуулт 27', '(2/(x−2) + (x²−6x)/(x²−4)) ÷ (2x−4)/(x²−x−6) илэрхийллийг хялбарчлаарай.', 27, NOW()),
-- 3 оноотой (28-36)
('20210001-0028-0000-0000-000000000004', '20210000-0001-0000-0000-000000000004', 28, 'Асуулт 28', 'Зэс ба төмрийн 40 кг хайлшинд 10 кг төмөр нэмэхэд зэсийн эзлэх хувь нь 12 хувиар багассан бол хайлшинд хэдэн килограмм зэс байсан бэ?', 28, NOW()),
('20210001-0029-0000-0000-000000000004', '20210000-0001-0000-0000-000000000004', 29, 'Асуулт 29', 'Зурагт өгөгдсөн A дүрсийг B дүрсэд хувиргажээ. Хувиргалтын матрицыг олоорой.', 29, NOW()),
('20210001-0030-0000-0000-000000000004', '20210000-0001-0000-0000-000000000004', 30, 'Асуулт 30', 'Арифметик прогрессийн эхний гишүүн нь 51 ба ялгавар нь −4 байв. Эхний n гишүүний нийлбэрийн хамгийн их утгыг олоорой.', 30, NOW()),
('20210001-0031-0000-0000-000000000004', '20210000-0001-0000-0000-000000000004', 31, 'Асуулт 31', 'a⃗ = (3, p, −2p), b⃗ = (6, p+4, 3), c⃗ = (p−1, 2, q) байв. b⃗ − a⃗ вектор c⃗ вектортой параллель бол p, q-ийн утгыг олоорой.', 31, NOW()),
('20210001-0032-0000-0000-000000000004', '20210000-0001-0000-0000-000000000004', 32, 'Асуулт 32', '∫₁⁴ |x − 3| dx тодорхой интегралыг бодоорой.', 32, NOW()),
('20210001-0033-0000-0000-000000000004', '20210000-0001-0000-0000-000000000004', 33, 'Асуулт 33', '1 радиустай тойрогт багтсан тэгш өнцөгт гурвалжны периметр 2 + √6 бол гурвалжны талбайг олоорой.', 33, NOW()),
('20210001-0034-0000-0000-000000000004', '20210000-0001-0000-0000-000000000004', 34, 'Асуулт 34', 'Зурагт өгөгдсөн кубийн A₁B₁ ба D₁C₁ ирмэгүүд дээр харгалзан N, M цэгүүдийг A₁N : NB₁ = 2 : 3, D₁M : MC₁ = 2 : 3 байхаар авчээ. Кубийг MNBC хавтгайгаар огтлоход үүссэн BB₁NCC₁M ба ABNA₁DCMD₁ призмүүдийн эзлэхүүний харьцааг олоорой.', 34, NOW()),
('20210001-0035-0000-0000-000000000004', '20210000-0001-0000-0000-000000000004', 35, 'Асуулт 35', 'A(5, 1) цэгийг y = 3x + 1 шулууны хувьд тэгш хэмээр хувиргахад үүсэх цэгийн координатыг олоорой.', 35, NOW()),
('20210001-0036-0000-0000-000000000004', '20210000-0001-0000-0000-000000000004', 36, 'Асуулт 36', 'x² + 2ax + a + 2 > 0 тэнцэтгэл биш бүх бодит тоо x-ийн хувьд үнэн байх a тооны утгын мужийг олоорой.', 36, NOW()),
-- Нөхөх даалгаврууд (2.1-2.4)
('20210002-0001-0000-0000-000000000004', '20210000-0002-0000-0000-000000000004', 1, 'Даалгавар 2.1', 'Тойрогт багтсан ABCD дөрвөн өнцөгтийн AB = 3, BC = 8, CD = 5, ∠ABC = 60° байв. Тойргийн радиус болон дөрвөн өнцөгтийн талбайг олоорой. (7 оноо)', 37, NOW()),
('20210002-0002-0000-0000-000000000004', '20210000-0002-0000-0000-000000000004', 2, 'Даалгавар 2.2', 'Уутанд 2, 3 дугаартай хөх өнгийн мөн 1, 2, 3 дугаартай улаан өнгийн, нийт таван бөмбөг байв. Тоглогч уутнаас санамсаргүйгээр хоёр бөмбөг авч, дугаарын нийлбэрийг өөрийн оноо гэж тооцно. (7 оноо)', 38, NOW()),
('20210002-0003-0000-0000-000000000004', '20210000-0002-0000-0000-000000000004', 3, 'Даалгавар 2.3', 'y = (1/3)x³ − (5/2)x² + 4x + 7/6 функцийг уламжлал хэрэглэн шинжилье. (7 оноо)', 39, NOW()),
('20210002-0004-0000-0000-000000000004', '20210000-0002-0000-0000-000000000004', 4, 'Даалгавар 2.4', 'f(x) = (3x−10)/(x−4) функц авч үзье. (7 оноо)', 40, NOW());

-- 4. Questions
INSERT INTO mock_test_questions (id, problem_id, question_number, question_text, explanation, points, order_index, created_at) VALUES
('20210001-0001-0001-0000-000000000004', '20210001-0001-0000-0000-000000000004', '1', '6.7 тоог бүхлээр тоймлоорой.', '6.7 ≈ 7', 1, 1, NOW()),
('20210001-0002-0001-0000-000000000004', '20210001-0002-0000-0000-000000000004', '2', '341000 тоог стандарт хэлбэрт бичээрэй.', '341000 = 3.41 × 10⁵', 1, 1, NOW()),
('20210001-0003-0001-0000-000000000004', '20210001-0003-0000-0000-000000000004', '3', '0.1(3) бутархайг энгийн бутархайд шилжүүлээрэй.', '0.1333... = 2/15', 1, 1, NOW()),
('20210001-0004-0001-0000-000000000004', '20210001-0004-0000-0000-000000000004', '4', 'P(A) = 3/4 бол эсрэг үзэгдлийн магадлалыг олоорой.', 'P(Ā) = 1 − 3/4 = 1/4', 1, 1, NOW()),
('20210001-0005-0001-0000-000000000004', '20210001-0005-0000-0000-000000000004', '5', '2^(2/3) зэргийг язгуур хэрэглэн бичээрэй.', '2^(2/3) = ³√4', 1, 1, NOW()),
('20210001-0006-0001-0000-000000000004', '20210001-0006-0000-0000-000000000004', '6', 'a тоог олоорой.', 'f(−1) = 2(−1) + a = 3 → a = 5', 1, 1, NOW()),
('20210001-0007-0001-0000-000000000004', '20210001-0007-0000-0000-000000000004', '7', 'Координатын эх хүртэлх зайг олоорой.', 'd = √(4 + 8) = √12 = 2√3', 1, 1, NOW()),
('20210001-0008-0001-0000-000000000004', '20210001-0008-0000-0000-000000000004', '8', 'Аль үйлдлийг гүйцэтгэж болох вэ?', 'A(2×1), B(2×2) → B·A боломжтой', 1, 1, NOW()),
('20210001-0009-0001-0000-000000000004', '20210001-0009-0000-0000-000000000004', '9', 'cosα-ийн утгыг олоорой.', 'cos²α = 1 − 4/9 = 5/9, cosα = −√5/3 (II улирал)', 1, 1, NOW()),
('20210001-0010-0001-0000-000000000004', '20210001-0010-0000-0000-000000000004', '10', 'f′(9)-ийн утгыг олоорой.', 'f(x) = 4x^(-1/2), f′(x) = −2x^(-3/2), f′(9) = −2/27', 1, 1, NOW()),
('20210001-0011-0001-0000-000000000004', '20210001-0011-0000-0000-000000000004', '11', '√2-оос бага байх бүх тоог ялган бичээрэй.', '√2 ≈ 1.414. 1.3 < √2, 7/5 = 1.4 < √2', 2, 1, NOW()),
('20210001-0012-0001-0000-000000000004', '20210001-0012-0000-0000-000000000004', '12', 'Квартиль хоорондын далайцыг олоорой.', 'Эрэмбэлбэл: 51,56,62,62,70,78,83,85,100. Q1=59, Q3=84, IQR=25', 2, 1, NOW()),
('20210001-0013-0001-0000-000000000004', '20210001-0013-0000-0000-000000000004', '13', 'Илэрхийллийг хялбарчлаарай.', '|a−1| + |a−4| = (a−1) + (4−a) = 3', 2, 1, NOW()),
('20210001-0014-0001-0000-000000000004', '20210001-0014-0000-0000-000000000004', '14', 'M⁻¹ матрицыг олоорой.', 'det = 20−18 = 2. M⁻¹ = [[1, −3], [−1.5, 5]]', 2, 1, NOW()),
('20210001-0015-0001-0000-000000000004', '20210001-0015-0000-0000-000000000004', '15', 'x + y-ийг олоорой.', 'x−y = −1, x+1 = 2y → x = 1, y = 1 → x+y = −1', 2, 1, NOW()),
('20210001-0016-0001-0000-000000000004', '20210001-0016-0000-0000-000000000004', '16', 'Функцийн утгын мужийг олоорой.', 'y = (x−3)² − 2. x∈[2,5], y∈[−2, 2]', 2, 1, NOW()),
('20210001-0017-0001-0000-000000000004', '20210001-0017-0000-0000-000000000004', '17', 'Үлдэгдлийг олоорой.', 'P(−1) = −2 + 1 − 1 − 3 = −5', 2, 1, NOW()),
('20210001-0018-0001-0000-000000000004', '20210001-0018-0000-0000-000000000004', '18', '|B|-ийг олоорой.', '|A∪B| = |A| + |B| − |A∩B| → 14 = 8 + |B| − 3 → |B| = 9', 2, 1, NOW()),
('20210001-0019-0001-0000-000000000004', '20210001-0019-0000-0000-000000000004', '19', 'Хэдэн натурал шийдтэй вэ?', 'C(6,2) = 15', 2, 1, NOW()),
('20210001-0020-0001-0000-000000000004', '20210001-0020-0000-0000-000000000004', '20', 'Секторын өнцгийг олоорой.', 'θ = (2πr)/l = (2π·6)/8 · (180/π) = 270°', 2, 1, NOW()),
('20210001-0021-0001-0000-000000000004', '20210001-0021-0000-0000-000000000004', '21', 'Гурван зэргийн олон гишүүнт аль нь вэ?', '(x+1)(x−1)(x−3) = x³ − 3x² − x + 3', 2, 1, NOW()),
('20210001-0022-0001-0000-000000000004', '20210001-0022-0000-0000-000000000004', '22', 'Тэгшитгэлийн шийдийг олоорой.', 'x = 2, x = −14/3 эсвэл {−4, 2}', 2, 1, NOW()),
('20210001-0023-0001-0000-000000000004', '20210001-0023-0000-0000-000000000004', '23', 'Муруйг олоорой.', 'y = x² − 3x + c, 2 = 1 + 3 + c → c = −2. y = x² − 3x − 2', 2, 1, NOW()),
('20210001-0024-0001-0000-000000000004', '20210001-0024-0000-0000-000000000004', '24', 'Нормаль шулууны тэгшитгэлийг бичээрэй.', 'f′(1) = −2, нормаль налалт = 1/2. y = (1/2)x + 3/2', 2, 1, NOW()),
('20210001-0025-0001-0000-000000000004', '20210001-0025-0000-0000-000000000004', '25', 'OC⃗-ийг илэрхийлээрэй.', 'OC⃗ = (a⃗ + 2b⃗)/3', 2, 1, NOW()),
('20210001-0026-0001-0000-000000000004', '20210001-0026-0000-0000-000000000004', '26', 'n-ийн утгыг олоорой.', 'Σ(x−10) = Σx − 10n = 12.5n − 10n = 2.5n = 35 → n = 14', 2, 1, NOW()),
('20210001-0027-0001-0000-000000000004', '20210001-0027-0000-0000-000000000004', '27', 'Илэрхийллийг хялбарчлаарай.', '= (x+3)/2', 3, 1, NOW()),
('20210001-0028-0001-0000-000000000004', '20210001-0028-0000-0000-000000000004', '28', 'Хэдэн килограмм зэс байсан бэ?', 'x/40 − x/50 = 0.12 → x = 24 кг', 3, 1, NOW()),
('20210001-0029-0001-0000-000000000004', '20210001-0029-0000-0000-000000000004', '29', 'Хувиргалтын матрицыг олоорой.', '[[0, −1], [1, 0]] (90° эргүүлэлт)', 3, 1, NOW()),
('20210001-0030-0001-0000-000000000004', '20210001-0030-0000-0000-000000000004', '30', 'Нийлбэрийн хамгийн их утгыг олоорой.', 'aₙ = 51 + (n−1)(−4) > 0 → n ≤ 13. S₁₃ = 351', 3, 1, NOW()),
('20210001-0031-0001-0000-000000000004', '20210001-0031-0000-0000-000000000004', '31', 'p, q-ийн утгыг олоорой.', 'p = 4, q = 11 эсвэл p = 2.5, q = 16', 3, 1, NOW()),
('20210001-0032-0001-0000-000000000004', '20210001-0032-0000-0000-000000000004', '32', 'Интегралыг бодоорой.', '∫₁³(3−x)dx + ∫₃⁴(x−3)dx = 2 + 0.5 = 2.5 = 5/2', 3, 1, NOW()),
('20210001-0033-0001-0000-000000000004', '20210001-0033-0000-0000-000000000004', '33', 'Гурвалжны талбайг олоорой.', 'S = (√6+3)/2', 3, 1, NOW()),
('20210001-0034-0001-0000-000000000004', '20210001-0034-0000-0000-000000000004', '34', 'Эзлэхүүний харьцааг олоорой.', '3 : 7', 3, 1, NOW()),
('20210001-0035-0001-0000-000000000004', '20210001-0035-0000-0000-000000000004', '35', 'Үүсэх цэгийн координатыг олоорой.', '(−5, 1) эсвэл C', 3, 1, NOW()),
('20210001-0036-0001-0000-000000000004', '20210001-0036-0000-0000-000000000004', '36', 'a тооны утгын мужийг олоорой.', 'D < 0 → 4a² − 4(a+2) < 0 → −1 < a < 2', 3, 1, NOW()),
-- Нөхөх даалгаврын асуултууд
('20210002-0001-0001-0000-000000000004', '20210002-0001-0000-0000-000000000004', '2.1', 'a, b, c, d, e, f утгуудыг олоорой.', 'a=7, b=7, c=7, d=12, e=f, f=37', 7, 1, NOW()),
('20210002-0002-0001-0000-000000000004', '20210002-0002-0000-0000-000000000004', '2.2', 'a, b, c, d, e, f, g утгуудыг олоорой.', 'a=5, b=1, c=1, d=4, e=2, f=1, g=1', 7, 1, NOW()),
('20210002-0003-0001-0000-000000000004', '20210002-0003-0000-0000-000000000004', '2.3', 'a, b, c, d, e, f, g утгуудыг олоорой.', 'a=5, b=1, c=4, d=?, e=5, f=7, g=6', 7, 1, NOW()),
('20210002-0004-0001-0000-000000000004', '20210002-0004-0000-0000-000000000004', '2.4', 'a, b, c, d, e, f, g утгуудыг олоорой.', 'a=4, b=8, c=3, d=3, e=3, f=2, g=7', 7, 1, NOW());

-- 5. Options - D хувилбар зөв хариултууд: D,C,B,B,D,E,D,A,C,B,D,E,A,D,C,B,D,E,A,D,C,B,D,E,A,D,C,B,D,B,D,E,A,D,C,B

-- Q1: D=7
INSERT INTO mock_test_options (id, question_id, option_text, is_correct, order_index, created_at) VALUES
('20210001-0001-0001-0001-000000000004', '20210001-0001-0001-0000-000000000004', '5', false, 0, NOW()),
('20210001-0001-0001-0002-000000000004', '20210001-0001-0001-0000-000000000004', '6', false, 1, NOW()),
('20210001-0001-0001-0003-000000000004', '20210001-0001-0001-0000-000000000004', '10', false, 2, NOW()),
('20210001-0001-0001-0004-000000000004', '20210001-0001-0001-0000-000000000004', '7', true, 3, NOW()),
('20210001-0001-0001-0005-000000000004', '20210001-0001-0001-0000-000000000004', '0', false, 4, NOW());

-- Q2: C=3.41×10⁵
INSERT INTO mock_test_options (id, question_id, option_text, is_correct, order_index, created_at) VALUES
('20210001-0002-0001-0001-000000000004', '20210001-0002-0001-0000-000000000004', '34.1 × 10⁴', false, 0, NOW()),
('20210001-0002-0001-0002-000000000004', '20210001-0002-0001-0000-000000000004', '341 × 10³', false, 1, NOW()),
('20210001-0002-0001-0003-000000000004', '20210001-0002-0001-0000-000000000004', '3.41 × 10⁵', true, 2, NOW()),
('20210001-0002-0001-0004-000000000004', '20210001-0002-0001-0000-000000000004', '0.341 × 10⁶', false, 3, NOW()),
('20210001-0002-0001-0005-000000000004', '20210001-0002-0001-0000-000000000004', '3.41 × 10⁴', false, 4, NOW());

-- Q3: B=2/15
INSERT INTO mock_test_options (id, question_id, option_text, is_correct, order_index, created_at) VALUES
('20210001-0003-0001-0001-000000000004', '20210001-0003-0001-0000-000000000004', '13/90', false, 0, NOW()),
('20210001-0003-0001-0002-000000000004', '20210001-0003-0001-0000-000000000004', '2/15', true, 1, NOW()),
('20210001-0003-0001-0003-000000000004', '20210001-0003-0001-0000-000000000004', '4/3', false, 2, NOW()),
('20210001-0003-0001-0004-000000000004', '20210001-0003-0001-0000-000000000004', '13/99', false, 3, NOW()),
('20210001-0003-0001-0005-000000000004', '20210001-0003-0001-0000-000000000004', '4/33', false, 4, NOW());

-- Q4: B=1/4
INSERT INTO mock_test_options (id, question_id, option_text, is_correct, order_index, created_at) VALUES
('20210001-0004-0001-0001-000000000004', '20210001-0004-0001-0000-000000000004', '−3/4', false, 0, NOW()),
('20210001-0004-0001-0002-000000000004', '20210001-0004-0001-0000-000000000004', '1/4', true, 1, NOW()),
('20210001-0004-0001-0003-000000000004', '20210001-0004-0001-0000-000000000004', '1', false, 2, NOW()),
('20210001-0004-0001-0004-000000000004', '20210001-0004-0001-0000-000000000004', '0', false, 3, NOW()),
('20210001-0004-0001-0005-000000000004', '20210001-0004-0001-0000-000000000004', '4/3', false, 4, NOW());

-- Q5: D=³√4
INSERT INTO mock_test_options (id, question_id, option_text, is_correct, order_index, created_at) VALUES
('20210001-0005-0001-0001-000000000004', '20210001-0005-0001-0000-000000000004', '√2', false, 0, NOW()),
('20210001-0005-0001-0002-000000000004', '20210001-0005-0001-0000-000000000004', '√8', false, 1, NOW()),
('20210001-0005-0001-0003-000000000004', '20210001-0005-0001-0000-000000000004', '³√2', false, 2, NOW()),
('20210001-0005-0001-0004-000000000004', '20210001-0005-0001-0000-000000000004', '³√4', true, 3, NOW()),
('20210001-0005-0001-0005-000000000004', '20210001-0005-0001-0000-000000000004', '³√8', false, 4, NOW());

-- Q6: E=5
INSERT INTO mock_test_options (id, question_id, option_text, is_correct, order_index, created_at) VALUES
('20210001-0006-0001-0001-000000000004', '20210001-0006-0001-0000-000000000004', '1', false, 0, NOW()),
('20210001-0006-0001-0002-000000000004', '20210001-0006-0001-0000-000000000004', '−7', false, 1, NOW()),
('20210001-0006-0001-0003-000000000004', '20210001-0006-0001-0000-000000000004', '2', false, 2, NOW()),
('20210001-0006-0001-0004-000000000004', '20210001-0006-0001-0000-000000000004', '3', false, 3, NOW()),
('20210001-0006-0001-0005-000000000004', '20210001-0006-0001-0000-000000000004', '5', true, 4, NOW());

-- Q7: D=2√3
INSERT INTO mock_test_options (id, question_id, option_text, is_correct, order_index, created_at) VALUES
('20210001-0007-0001-0001-000000000004', '20210001-0007-0001-0000-000000000004', '2√5', false, 0, NOW()),
('20210001-0007-0001-0002-000000000004', '20210001-0007-0001-0000-000000000004', '2', false, 1, NOW()),
('20210001-0007-0001-0003-000000000004', '20210001-0007-0001-0000-000000000004', '2√2', false, 2, NOW()),
('20210001-0007-0001-0004-000000000004', '20210001-0007-0001-0000-000000000004', '2√3', true, 3, NOW()),
('20210001-0007-0001-0005-000000000004', '20210001-0007-0001-0000-000000000004', '−2 + 2√2', false, 4, NOW());

-- Q8: A=B·A
INSERT INTO mock_test_options (id, question_id, option_text, is_correct, order_index, created_at) VALUES
('20210001-0008-0001-0001-000000000004', '20210001-0008-0001-0000-000000000004', 'B · A', true, 0, NOW()),
('20210001-0008-0001-0002-000000000004', '20210001-0008-0001-0000-000000000004', 'A · B', false, 1, NOW()),
('20210001-0008-0001-0003-000000000004', '20210001-0008-0001-0000-000000000004', 'A + B', false, 2, NOW()),
('20210001-0008-0001-0004-000000000004', '20210001-0008-0001-0000-000000000004', 'B − A', false, 3, NOW()),
('20210001-0008-0001-0005-000000000004', '20210001-0008-0001-0000-000000000004', 'A²', false, 4, NOW());

-- Q9: C=−√5/3
INSERT INTO mock_test_options (id, question_id, option_text, is_correct, order_index, created_at) VALUES
('20210001-0009-0001-0001-000000000004', '20210001-0009-0001-0000-000000000004', '1/3', false, 0, NOW()),
('20210001-0009-0001-0002-000000000004', '20210001-0009-0001-0000-000000000004', '√5/3', false, 1, NOW()),
('20210001-0009-0001-0003-000000000004', '20210001-0009-0001-0000-000000000004', '−√5/3', true, 2, NOW()),
('20210001-0009-0001-0004-000000000004', '20210001-0009-0001-0000-000000000004', '−2/3', false, 3, NOW()),
('20210001-0009-0001-0005-000000000004', '20210001-0009-0001-0000-000000000004', '√13/3', false, 4, NOW());

-- Q10: B=−2/27
INSERT INTO mock_test_options (id, question_id, option_text, is_correct, order_index, created_at) VALUES
('20210001-0010-0001-0001-000000000004', '20210001-0010-0001-0000-000000000004', '−2/9', false, 0, NOW()),
('20210001-0010-0001-0002-000000000004', '20210001-0010-0001-0000-000000000004', '−2/27', true, 1, NOW()),
('20210001-0010-0001-0003-000000000004', '20210001-0010-0001-0000-000000000004', '−2/3', false, 2, NOW()),
('20210001-0010-0001-0004-000000000004', '20210001-0010-0001-0000-000000000004', '24', false, 3, NOW()),
('20210001-0010-0001-0005-000000000004', '20210001-0010-0001-0000-000000000004', '6', false, 4, NOW());

-- Q11: D=1.3, 7/5
INSERT INTO mock_test_options (id, question_id, option_text, is_correct, order_index, created_at) VALUES
('20210001-0011-0001-0001-000000000004', '20210001-0011-0001-0000-000000000004', '1.3, π/2', false, 0, NOW()),
('20210001-0011-0001-0002-000000000004', '20210001-0011-0001-0000-000000000004', '7/5', false, 1, NOW()),
('20210001-0011-0001-0003-000000000004', '20210001-0011-0001-0000-000000000004', 'π/2', false, 2, NOW()),
('20210001-0011-0001-0004-000000000004', '20210001-0011-0001-0000-000000000004', '1.3, 7/5', true, 3, NOW()),
('20210001-0011-0001-0005-000000000004', '20210001-0011-0001-0000-000000000004', '7/5, 2', false, 4, NOW());

-- Q12: E=25
INSERT INTO mock_test_options (id, question_id, option_text, is_correct, order_index, created_at) VALUES
('20210001-0012-0001-0001-000000000004', '20210001-0012-0001-0000-000000000004', '70', false, 0, NOW()),
('20210001-0012-0001-0002-000000000004', '20210001-0012-0001-0000-000000000004', '49', false, 1, NOW()),
('20210001-0012-0001-0003-000000000004', '20210001-0012-0001-0000-000000000004', '21', false, 2, NOW()),
('20210001-0012-0001-0004-000000000004', '20210001-0012-0001-0000-000000000004', '62', false, 3, NOW()),
('20210001-0012-0001-0005-000000000004', '20210001-0012-0001-0000-000000000004', '25', true, 4, NOW());

-- Q13: A=3
INSERT INTO mock_test_options (id, question_id, option_text, is_correct, order_index, created_at) VALUES
('20210001-0013-0001-0001-000000000004', '20210001-0013-0001-0000-000000000004', '3', true, 0, NOW()),
('20210001-0013-0001-0002-000000000004', '20210001-0013-0001-0000-000000000004', '2a − 5', false, 1, NOW()),
('20210001-0013-0001-0003-000000000004', '20210001-0013-0001-0000-000000000004', '5 − 2a', false, 2, NOW()),
('20210001-0013-0001-0004-000000000004', '20210001-0013-0001-0000-000000000004', '−5', false, 3, NOW()),
('20210001-0013-0001-0005-000000000004', '20210001-0013-0001-0000-000000000004', '4', false, 4, NOW());

-- Q14: D=[[1, −3], [−1.5, 5]]
INSERT INTO mock_test_options (id, question_id, option_text, is_correct, order_index, created_at) VALUES
('20210001-0014-0001-0001-000000000004', '20210001-0014-0001-0000-000000000004', '[[2, −6], [−3, 10]]', false, 0, NOW()),
('20210001-0014-0001-0002-000000000004', '20210001-0014-0001-0000-000000000004', '[[−5, 1.5], [3, −1]]', false, 1, NOW()),
('20210001-0014-0001-0003-000000000004', '20210001-0014-0001-0000-000000000004', '[[10, 3], [6, 2]]', false, 2, NOW()),
('20210001-0014-0001-0004-000000000004', '20210001-0014-0001-0000-000000000004', '[[1, −3], [−1.5, 5]]', true, 3, NOW()),
('20210001-0014-0001-0005-000000000004', '20210001-0014-0001-0000-000000000004', '[[1, 3], [−1.5, −5]]', false, 4, NOW());

-- Q15: C=−1
INSERT INTO mock_test_options (id, question_id, option_text, is_correct, order_index, created_at) VALUES
('20210001-0015-0001-0001-000000000004', '20210001-0015-0001-0000-000000000004', '1', false, 0, NOW()),
('20210001-0015-0001-0002-000000000004', '20210001-0015-0001-0000-000000000004', '1; −1', false, 1, NOW()),
('20210001-0015-0001-0003-000000000004', '20210001-0015-0001-0000-000000000004', '−1', true, 2, NOW()),
('20210001-0015-0001-0004-000000000004', '20210001-0015-0001-0000-000000000004', '−3', false, 3, NOW()),
('20210001-0015-0001-0005-000000000004', '20210001-0015-0001-0000-000000000004', '3', false, 4, NOW());

-- Q16: B=−2≤y≤2
INSERT INTO mock_test_options (id, question_id, option_text, is_correct, order_index, created_at) VALUES
('20210001-0016-0001-0001-000000000004', '20210001-0016-0001-0000-000000000004', '−1 ≤ y ≤ 2', false, 0, NOW()),
('20210001-0016-0001-0002-000000000004', '20210001-0016-0001-0000-000000000004', '−2 ≤ y ≤ 2', true, 1, NOW()),
('20210001-0016-0001-0003-000000000004', '20210001-0016-0001-0000-000000000004', '2 ≤ y ≤ 5', false, 2, NOW()),
('20210001-0016-0001-0004-000000000004', '20210001-0016-0001-0000-000000000004', 'y ≥ −2', false, 3, NOW()),
('20210001-0016-0001-0005-000000000004', '20210001-0016-0001-0000-000000000004', '−2 ≤ y ≤ −1', false, 4, NOW());

-- Q17: D=−5
INSERT INTO mock_test_options (id, question_id, option_text, is_correct, order_index, created_at) VALUES
('20210001-0017-0001-0001-000000000004', '20210001-0017-0001-0000-000000000004', '−7', false, 0, NOW()),
('20210001-0017-0001-0002-000000000004', '20210001-0017-0001-0000-000000000004', '1', false, 1, NOW()),
('20210001-0017-0001-0003-000000000004', '20210001-0017-0001-0000-000000000004', '−3', false, 2, NOW()),
('20210001-0017-0001-0004-000000000004', '20210001-0017-0001-0000-000000000004', '−5', true, 3, NOW()),
('20210001-0017-0001-0005-000000000004', '20210001-0017-0001-0000-000000000004', '−1', false, 4, NOW());

-- Q18: E=9
INSERT INTO mock_test_options (id, question_id, option_text, is_correct, order_index, created_at) VALUES
('20210001-0018-0001-0001-000000000004', '20210001-0018-0001-0000-000000000004', '6', false, 0, NOW()),
('20210001-0018-0001-0002-000000000004', '20210001-0018-0001-0000-000000000004', '3', false, 1, NOW()),
('20210001-0018-0001-0003-000000000004', '20210001-0018-0001-0000-000000000004', '19', false, 2, NOW()),
('20210001-0018-0001-0004-000000000004', '20210001-0018-0001-0000-000000000004', '8', false, 3, NOW()),
('20210001-0018-0001-0005-000000000004', '20210001-0018-0001-0000-000000000004', '9', true, 4, NOW());

-- Q19: A=15
INSERT INTO mock_test_options (id, question_id, option_text, is_correct, order_index, created_at) VALUES
('20210001-0019-0001-0001-000000000004', '20210001-0019-0001-0000-000000000004', '15', true, 0, NOW()),
('20210001-0019-0001-0002-000000000004', '20210001-0019-0001-0000-000000000004', '36', false, 1, NOW()),
('20210001-0019-0001-0003-000000000004', '20210001-0019-0001-0000-000000000004', '4', false, 2, NOW()),
('20210001-0019-0001-0004-000000000004', '20210001-0019-0001-0000-000000000004', '14', false, 3, NOW()),
('20210001-0019-0001-0005-000000000004', '20210001-0019-0001-0000-000000000004', '12', false, 4, NOW());

-- Q20: D=270°
INSERT INTO mock_test_options (id, question_id, option_text, is_correct, order_index, created_at) VALUES
('20210001-0020-0001-0001-000000000004', '20210001-0020-0001-0000-000000000004', '240°', false, 0, NOW()),
('20210001-0020-0001-0002-000000000004', '20210001-0020-0001-0000-000000000004', '90°', false, 1, NOW()),
('20210001-0020-0001-0003-000000000004', '20210001-0020-0001-0000-000000000004', '480°', false, 2, NOW()),
('20210001-0020-0001-0004-000000000004', '20210001-0020-0001-0000-000000000004', '270°', true, 3, NOW()),
('20210001-0020-0001-0005-000000000004', '20210001-0020-0001-0000-000000000004', 'arccos(−1/8)', false, 4, NOW());

-- Q21: C=x³−3x²−x+3
INSERT INTO mock_test_options (id, question_id, option_text, is_correct, order_index, created_at) VALUES
('20210001-0021-0001-0001-000000000004', '20210001-0021-0001-0000-000000000004', 'x³ − 3x² + x + 3', false, 0, NOW()),
('20210001-0021-0001-0002-000000000004', '20210001-0021-0001-0000-000000000004', 'x³ + 3x² + x − 3', false, 1, NOW()),
('20210001-0021-0001-0003-000000000004', '20210001-0021-0001-0000-000000000004', 'x³ − 3x² − x + 3', true, 2, NOW()),
('20210001-0021-0001-0004-000000000004', '20210001-0021-0001-0000-000000000004', 'x³ − 2x² − x + 2', false, 3, NOW()),
('20210001-0021-0001-0005-000000000004', '20210001-0021-0001-0000-000000000004', 'x³ + 3x² − x − 3', false, 4, NOW());

-- Q22: B={−4, 2}
INSERT INTO mock_test_options (id, question_id, option_text, is_correct, order_index, created_at) VALUES
('20210001-0022-0001-0001-000000000004', '20210001-0022-0001-0000-000000000004', '{−4, 2, −14/3}', false, 0, NOW()),
('20210001-0022-0001-0002-000000000004', '20210001-0022-0001-0000-000000000004', '{−4, 2}', true, 1, NOW()),
('20210001-0022-0001-0003-000000000004', '20210001-0022-0001-0000-000000000004', '{−4, −14/3}', false, 2, NOW()),
('20210001-0022-0001-0004-000000000004', '20210001-0022-0001-0000-000000000004', '{2, −14/3}', false, 3, NOW()),
('20210001-0022-0001-0005-000000000004', '20210001-0022-0001-0000-000000000004', '{2}', false, 4, NOW());

-- Q23: D=y=x²−3x−2
INSERT INTO mock_test_options (id, question_id, option_text, is_correct, order_index, created_at) VALUES
('20210001-0023-0001-0001-000000000004', '20210001-0023-0001-0000-000000000004', 'y = x² + 3x + 4', false, 0, NOW()),
('20210001-0023-0001-0002-000000000004', '20210001-0023-0001-0000-000000000004', 'y = x² − 3x + 2', false, 1, NOW()),
('20210001-0023-0001-0003-000000000004', '20210001-0023-0001-0000-000000000004', 'y = 2x² − 3x − 3', false, 2, NOW()),
('20210001-0023-0001-0004-000000000004', '20210001-0023-0001-0000-000000000004', 'y = x² − 3x − 2', true, 3, NOW()),
('20210001-0023-0001-0005-000000000004', '20210001-0023-0001-0000-000000000004', 'y = 2x² + 3x + 3', false, 4, NOW());

-- Q24: E=y=(1/2)x+3/2
INSERT INTO mock_test_options (id, question_id, option_text, is_correct, order_index, created_at) VALUES
('20210001-0024-0001-0001-000000000004', '20210001-0024-0001-0000-000000000004', 'y = 2x − 4', false, 0, NOW()),
('20210001-0024-0001-0002-000000000004', '20210001-0024-0001-0000-000000000004', 'y = −2x + 4', false, 1, NOW()),
('20210001-0024-0001-0003-000000000004', '20210001-0024-0001-0000-000000000004', 'y = −(1/2)x + 5/2', false, 2, NOW()),
('20210001-0024-0001-0004-000000000004', '20210001-0024-0001-0000-000000000004', 'y = 2x', false, 3, NOW()),
('20210001-0024-0001-0005-000000000004', '20210001-0024-0001-0000-000000000004', 'y = (1/2)x + 3/2', true, 4, NOW());

-- Q25: A=(2b⃗+a⃗)/3
INSERT INTO mock_test_options (id, question_id, option_text, is_correct, order_index, created_at) VALUES
('20210001-0025-0001-0001-000000000004', '20210001-0025-0001-0000-000000000004', '(2b⃗ + a⃗)/3', true, 0, NOW()),
('20210001-0025-0001-0002-000000000004', '20210001-0025-0001-0000-000000000004', '(2b⃗ − a⃗)/3', false, 1, NOW()),
('20210001-0025-0001-0003-000000000004', '20210001-0025-0001-0000-000000000004', '(b⃗ + 2a⃗)/3', false, 2, NOW()),
('20210001-0025-0001-0004-000000000004', '20210001-0025-0001-0000-000000000004', '(b⃗ − 2a⃗)/3', false, 3, NOW()),
('20210001-0025-0001-0005-000000000004', '20210001-0025-0001-0000-000000000004', '(b⃗ − a⃗)/3', false, 4, NOW());

-- Q26: D=14
INSERT INTO mock_test_options (id, question_id, option_text, is_correct, order_index, created_at) VALUES
('20210001-0026-0001-0001-000000000004', '20210001-0026-0001-0000-000000000004', '15', false, 0, NOW()),
('20210001-0026-0001-0002-000000000004', '20210001-0026-0001-0000-000000000004', '4', false, 1, NOW()),
('20210001-0026-0001-0003-000000000004', '20210001-0026-0001-0000-000000000004', '2', false, 2, NOW()),
('20210001-0026-0001-0004-000000000004', '20210001-0026-0001-0000-000000000004', '14', true, 3, NOW()),
('20210001-0026-0001-0005-000000000004', '20210001-0026-0001-0000-000000000004', '3', false, 4, NOW());

-- Q27: C=(x−3)/2
INSERT INTO mock_test_options (id, question_id, option_text, is_correct, order_index, created_at) VALUES
('20210001-0027-0001-0001-000000000004', '20210001-0027-0001-0000-000000000004', '(x−2)(x−3)/(2(x+2))', false, 0, NOW()),
('20210001-0027-0001-0002-000000000004', '20210001-0027-0001-0000-000000000004', '(x−2)(x+3)/(2(x+2))', false, 1, NOW()),
('20210001-0027-0001-0003-000000000004', '20210001-0027-0001-0000-000000000004', '(x−3)/2', true, 2, NOW()),
('20210001-0027-0001-0004-000000000004', '20210001-0027-0001-0000-000000000004', '(x+3)/2', false, 3, NOW()),
('20210001-0027-0001-0005-000000000004', '20210001-0027-0001-0000-000000000004', '(x+2)/2', false, 4, NOW());

-- Q28: B=24 кг
INSERT INTO mock_test_options (id, question_id, option_text, is_correct, order_index, created_at) VALUES
('20210001-0028-0001-0001-000000000004', '20210001-0028-0001-0000-000000000004', '16 кг', false, 0, NOW()),
('20210001-0028-0001-0002-000000000004', '20210001-0028-0001-0000-000000000004', '24 кг', true, 1, NOW()),
('20210001-0028-0001-0003-000000000004', '20210001-0028-0001-0000-000000000004', '25 кг', false, 2, NOW()),
('20210001-0028-0001-0004-000000000004', '20210001-0028-0001-0000-000000000004', '28 кг', false, 3, NOW()),
('20210001-0028-0001-0005-000000000004', '20210001-0028-0001-0000-000000000004', '36 кг', false, 4, NOW());

-- Q29: D=[[0, −1], [1, 0]]
INSERT INTO mock_test_options (id, question_id, option_text, is_correct, order_index, created_at) VALUES
('20210001-0029-0001-0001-000000000004', '20210001-0029-0001-0000-000000000004', '[[−1, 0], [0, 1]]', false, 0, NOW()),
('20210001-0029-0001-0002-000000000004', '20210001-0029-0001-0000-000000000004', '[[0, 1], [1, 0]]', false, 1, NOW()),
('20210001-0029-0001-0003-000000000004', '20210001-0029-0001-0000-000000000004', '[[1, 0], [0, 1]]', false, 2, NOW()),
('20210001-0029-0001-0004-000000000004', '20210001-0029-0001-0000-000000000004', '[[0, −1], [1, 0]]', true, 3, NOW()),
('20210001-0029-0001-0005-000000000004', '20210001-0029-0001-0000-000000000004', '[[0, 1], [−1, 0]]', false, 4, NOW());

-- Q30: B=351
INSERT INTO mock_test_options (id, question_id, option_text, is_correct, order_index, created_at) VALUES
('20210001-0030-0001-0001-000000000004', '20210001-0030-0001-0000-000000000004', '350', false, 0, NOW()),
('20210001-0030-0001-0002-000000000004', '20210001-0030-0001-0000-000000000004', '351', true, 1, NOW()),
('20210001-0030-0001-0003-000000000004', '20210001-0030-0001-0000-000000000004', '352', false, 2, NOW()),
('20210001-0030-0001-0004-000000000004', '20210001-0030-0001-0000-000000000004', '348', false, 3, NOW()),
('20210001-0030-0001-0005-000000000004', '20210001-0030-0001-0000-000000000004', '344', false, 4, NOW());

-- Q31: D=p=2.5, q=16
INSERT INTO mock_test_options (id, question_id, option_text, is_correct, order_index, created_at) VALUES
('20210001-0031-0001-0001-000000000004', '20210001-0031-0001-0000-000000000004', 'p = 4, q = 11', false, 0, NOW()),
('20210001-0031-0001-0002-000000000004', '20210001-0031-0001-0000-000000000004', 'p = 2.5, q = 16', false, 1, NOW()),
('20210001-0031-0001-0003-000000000004', '20210001-0031-0001-0000-000000000004', 'p = 7, q = 8.5', false, 2, NOW()),
('20210001-0031-0001-0004-000000000004', '20210001-0031-0001-0000-000000000004', 'p = 2.5, q = 16', true, 3, NOW()),
('20210001-0031-0001-0005-000000000004', '20210001-0031-0001-0000-000000000004', 'p = 1, q = −1.6', false, 4, NOW());

-- Q32: E=5/2
INSERT INTO mock_test_options (id, question_id, option_text, is_correct, order_index, created_at) VALUES
('20210001-0032-0001-0001-000000000004', '20210001-0032-0001-0000-000000000004', '3', false, 0, NOW()),
('20210001-0032-0001-0002-000000000004', '20210001-0032-0001-0000-000000000004', '3/2', false, 1, NOW()),
('20210001-0032-0001-0003-000000000004', '20210001-0032-0001-0000-000000000004', '−3/2', false, 2, NOW()),
('20210001-0032-0001-0004-000000000004', '20210001-0032-0001-0000-000000000004', '1', false, 3, NOW()),
('20210001-0032-0001-0005-000000000004', '20210001-0032-0001-0000-000000000004', '5/2', true, 4, NOW());

-- Q33: A=(√6+3)/2 эсвэл 1/2
INSERT INTO mock_test_options (id, question_id, option_text, is_correct, order_index, created_at) VALUES
('20210001-0033-0001-0001-000000000004', '20210001-0033-0001-0000-000000000004', '1/2', true, 0, NOW()),
('20210001-0033-0001-0002-000000000004', '20210001-0033-0001-0000-000000000004', '1', false, 1, NOW()),
('20210001-0033-0001-0003-000000000004', '20210001-0033-0001-0000-000000000004', '5', false, 2, NOW()),
('20210001-0033-0001-0004-000000000004', '20210001-0033-0001-0000-000000000004', '2', false, 3, NOW()),
('20210001-0033-0001-0005-000000000004', '20210001-0033-0001-0000-000000000004', '(√6+3)/2', false, 4, NOW());

-- Q34: D=3:7
INSERT INTO mock_test_options (id, question_id, option_text, is_correct, order_index, created_at) VALUES
('20210001-0034-0001-0001-000000000004', '20210001-0034-0001-0000-000000000004', '7 : 10', false, 0, NOW()),
('20210001-0034-0001-0002-000000000004', '20210001-0034-0001-0000-000000000004', '2 : 3', false, 1, NOW()),
('20210001-0034-0001-0003-000000000004', '20210001-0034-0001-0000-000000000004', '3 : 10', false, 2, NOW()),
('20210001-0034-0001-0004-000000000004', '20210001-0034-0001-0000-000000000004', '3 : 7', true, 3, NOW()),
('20210001-0034-0001-0005-000000000004', '20210001-0034-0001-0000-000000000004', '1 : 4', false, 4, NOW());

-- Q35: C=(−4, 4)
INSERT INTO mock_test_options (id, question_id, option_text, is_correct, order_index, created_at) VALUES
('20210001-0035-0001-0001-000000000004', '20210001-0035-0001-0000-000000000004', '(−5, 9/2)', false, 0, NOW()),
('20210001-0035-0001-0002-000000000004', '20210001-0035-0001-0000-000000000004', '(−5, 1)', false, 1, NOW()),
('20210001-0035-0001-0003-000000000004', '20210001-0035-0001-0000-000000000004', '(−4, 4)', true, 2, NOW()),
('20210001-0035-0001-0004-000000000004', '20210001-0035-0001-0000-000000000004', '(−9/2, 5/2)', false, 3, NOW()),
('20210001-0035-0001-0005-000000000004', '20210001-0035-0001-0000-000000000004', '(1, 5)', false, 4, NOW());

-- Q36: B=−1<a<2
INSERT INTO mock_test_options (id, question_id, option_text, is_correct, order_index, created_at) VALUES
('20210001-0036-0001-0001-000000000004', '20210001-0036-0001-0000-000000000004', 'a < −2, a > 1', false, 0, NOW()),
('20210001-0036-0001-0002-000000000004', '20210001-0036-0001-0000-000000000004', '−1 < a < 2', true, 1, NOW()),
('20210001-0036-0001-0003-000000000004', '20210001-0036-0001-0000-000000000004', 'a < −1, a > 2', false, 2, NOW()),
('20210001-0036-0001-0004-000000000004', '20210001-0036-0001-0000-000000000004', '−2 < a < 1', false, 3, NOW()),
('20210001-0036-0001-0005-000000000004', '20210001-0036-0001-0000-000000000004', 'a > −2', false, 4, NOW());

-- =====================================================
-- SUMMARY
-- =====================================================
-- ЭЕШ 2021 Математик D хувилбар
-- Нийт: 100 оноо (72 сонгох + 28 нөхөх)
-- 
-- D хувилбар зөв хариултууд (1-36):
-- D, C, B, B, D, E, D, A, C, B, D, E, A, D, C, B, D, E, A, D, C, B, D, E, A, D, C, B, D, B, D, E, A, D, C, B
--
-- Нөхөх даалгаврын хариултууд (2022 түлхүүрээс D хувилбар):
-- 2.1: a=7, b=7, c=7, d=12, e=f (37), f=37
-- 2.2: a=5, b=1, c=1, d=4, e=2 (41 гэх мэт)
-- 2.3: a=5, b=1, c=4, d=?, e=5, f=7, g=6
-- 2.4: a=4, b=8, c=3, d=3, e=3, f=2, g=7
-- =====================================================
