-- =====================================================
-- ЭЕШ 2021 Математик A Хувилбар - Supabase Seed Data
-- =====================================================
-- Нийт: 36 сонгох даалгавар (72 оноо) + 4 нөхөх даалгавар (28 оноо) = 100 оноо
-- A хувилбар зөв хариултууд: A,C,D,E,D,C,B,D,B,E,D,A,D,E,C,B,D,E,D,C,B,B,D,E,D,A,D,E,C,D,E,A,D,C,B,D
-- =====================================================

-- 1. Mock Test
INSERT INTO mock_tests (
    id,
    title,
    description,
    time_limit_minutes,
    total_questions,
    is_published,
    category
) VALUES (
    '20210000-0000-0000-0000-000000000001',
    'ЭЕШ 2021 Математик Хувилбар A',
    'Элсэлтийн ерөнхий шалгалт 2021 оны Математикийн хичээлийн Хувилбар A. Нэгдүгээр хэсэг: 36 сонгох даалгавар (72 оноо). Хоёрдугаар хэсэг: 4 нөхөх даалгавар (28 оноо). Нийт 100 оноо.',
    180,
    40,
    true,
    'math'
);

-- 2. Sections
INSERT INTO mock_test_sections (id, mock_test_id, subject, title, order_index, created_at) VALUES 
('20210000-0001-0000-0000-000000000001', '20210000-0000-0000-0000-000000000001', 'math', 'Нэгдүгээр хэсэг - Сонгох даалгавар', 1, NOW()),
('20210000-0002-0000-0000-000000000001', '20210000-0000-0000-0000-000000000001', 'math', 'Хоёрдугаар хэсэг - Нөхөх даалгавар', 2, NOW());

-- 3. Problems (36 сонгох + 4 нөхөх)
INSERT INTO mock_test_problems (id, section_id, problem_number, title, context, order_index, created_at) VALUES
-- 1 оноотой (1-10)
('20210001-0001-0000-0000-000000000001', '20210000-0001-0000-0000-000000000001', 1, 'Асуулт 1', '6.7 тоог бүхлээр тоймлоорой.', 1, NOW()),
('20210001-0002-0000-0000-000000000001', '20210000-0001-0000-0000-000000000001', 2, 'Асуулт 2', '54600 тоог стандарт хэлбэрт бичээрэй.', 2, NOW()),
('20210001-0003-0000-0000-000000000001', '20210000-0001-0000-0000-000000000001', 3, 'Асуулт 3', '0.1(3) үет аравтын бутархайг энгийн бутархайд шилжүүлээрэй.', 3, NOW()),
('20210001-0004-0000-0000-000000000001', '20210000-0001-0000-0000-000000000001', 4, 'Асуулт 4', 'P(A) = 2/5 бол A үзэгдлийн эсрэг үзэгдлийн магадлалыг олоорой.', 4, NOW()),
('20210001-0005-0000-0000-000000000001', '20210000-0001-0000-0000-000000000001', 5, 'Асуулт 5', '2^(2/3) зэргийг язгуур хэрэглэн бичээрэй.', 5, NOW()),
('20210001-0006-0000-0000-000000000001', '20210000-0001-0000-0000-000000000001', 6, 'Асуулт 6', 'f(x) = 3x + a функцийн график дээр M(−1, 2) цэг оршдог бол a тоог олоорой.', 6, NOW()),
('20210001-0007-0000-0000-000000000001', '20210000-0001-0000-0000-000000000001', 7, 'Асуулт 7', 'M(−2, 2√2) цэгээс координатын эх хүртэлх зайг олоорой.', 7, NOW()),
('20210001-0008-0000-0000-000000000001', '20210000-0001-0000-0000-000000000001', 8, 'Асуулт 8', 'A = [[5, −2], [3, 4]], B = [[2], [−3]] матрицуудын хувьд аль үйлдлийг гүйцэтгэж болох вэ?', 8, NOW()),
('20210001-0009-0000-0000-000000000001', '20210000-0001-0000-0000-000000000001', 9, 'Асуулт 9', 'sinα = 2/3, (90° < α < 180°) бол cosα-ийн утгыг олоорой.', 9, NOW()),
('20210001-0010-0000-0000-000000000001', '20210000-0001-0000-0000-000000000001', 10, 'Асуулт 10', 'f(x) = 2/√x функцийн хувьд f′(4)-ийн утгыг олоорой.', 10, NOW()),
-- 2 оноотой (11-27)
('20210001-0011-0000-0000-000000000001', '20210000-0001-0000-0000-000000000001', 11, 'Асуулт 11', '2, 1.3, 7/5, π/2 тоонуудаас √2-оос бага байх бүх тоог ялган бичээрэй.', 11, NOW()),
('20210001-0012-0000-0000-000000000001', '20210000-0001-0000-0000-000000000001', 12, 'Асуулт 12', 'Есөн сурагчийн математикийн шалгалтын оноо 70, 70, 58, 41, 43, 74, 100, 60, 45 байв. Сурагчдын онооны квартиль хоорондын далайцыг олоорой.', 12, NOW()),
('20210001-0013-0000-0000-000000000001', '20210000-0001-0000-0000-000000000001', 13, 'Асуулт 13', '1 < a < 4 үед √((a−1)²) + √(a²−8a+16) илэрхийллийг хялбарчлаарай.', 13, NOW()),
('20210001-0014-0000-0000-000000000001', '20210000-0001-0000-0000-000000000001', 14, 'Асуулт 14', 'M = [[−4, −3], [6, 4]] бол M⁻¹ матрицыг олоорой.', 14, NOW()),
('20210001-0015-0000-0000-000000000001', '20210000-0001-0000-0000-000000000001', 15, 'Асуулт 15', '{x − y = −1, 2^(x+1) = 4^y} систем тэгшитгэлээс x + y-ийг олоорой.', 15, NOW()),
('20210001-0016-0000-0000-000000000001', '20210000-0001-0000-0000-000000000001', 16, 'Асуулт 16', 'y = x² − 4x + 3, (1 ≤ x ≤ 4) функцийн утгын мужийг олоорой.', 16, NOW()),
('20210001-0017-0000-0000-000000000001', '20210000-0001-0000-0000-000000000001', 17, 'Асуулт 17', 'P(x) = 2x³ + x² + x − 3 олон гишүүнтийг Q(x) = x + 1 олон гишүүнтэд хуваахад гарах үлдэгдлийг олоорой.', 17, NOW()),
('20210001-0018-0000-0000-000000000001', '20210000-0001-0000-0000-000000000001', 18, 'Асуулт 18', 'A, B олонлогуудын хувьд |A| = 7, |A ∩ B| = 4, |A ∪ B| = 13 бол |B|-ийг олоорой.', 18, NOW()),
('20210001-0019-0000-0000-000000000001', '20210000-0001-0000-0000-000000000001', 19, 'Асуулт 19', 'x + y + z = 7 тэгшитгэл хэдэн натурал шийдтэй вэ?', 19, NOW()),
('20210001-0020-0000-0000-000000000001', '20210000-0001-0000-0000-000000000001', 20, 'Асуулт 20', 'Конусын байгуулагч нь 12 нэгж, суурийн радиус нь 8 нэгж урттай байв. Энэ конусын хажуу гадаргуугийн дэлгээс болох секторын өнцгийг олоорой.', 20, NOW()),
('20210001-0021-0000-0000-000000000001', '20210000-0001-0000-0000-000000000001', 21, 'Асуулт 21', '−1, 1, 3 тоонууд язгуур нь болох гурван зэргийн олон гишүүнт аль нь вэ?', 21, NOW()),
('20210001-0022-0000-0000-000000000001', '20210000-0001-0000-0000-000000000001', 22, 'Асуулт 22', '|2x + 1| + |x − 3| = 5 тэгшитгэлийн шийдийг олоорой.', 22, NOW()),
('20210001-0023-0000-0000-000000000001', '20210000-0001-0000-0000-000000000001', 23, 'Асуулт 23', 'dy/dx = 2x − 3 ба P(−1; 2) цэгийг дайрах муруйг олоорой.', 23, NOW()),
('20210001-0024-0000-0000-000000000001', '20210000-0001-0000-0000-000000000001', 24, 'Асуулт 24', 'f(x) = x² − 6x + 5 функцийн x = 2 цэгт татсан нормаль шулууны тэгшитгэлийг бичээрэй.', 24, NOW()),
('20210001-0025-0000-0000-000000000001', '20210000-0001-0000-0000-000000000001', 25, 'Асуулт 25', 'OAB гурвалжны AB тал дээр AC : CB = 2 : 1 байх C цэг авав. OA⃗ = a⃗, OB⃗ = b⃗ бол OC⃗-ийг a⃗, b⃗-ээр илэрхийлээрэй.', 25, NOW()),
('20210001-0026-0000-0000-000000000001', '20210000-0001-0000-0000-000000000001', 26, 'Асуулт 26', 'n ширхэг элементтэй өгөгдлийн арифметик дундаж 11.5 ба Σ(x − 10) = 27 бол n-ийн утгыг олоорой.', 26, NOW()),
('20210001-0027-0000-0000-000000000001', '20210000-0001-0000-0000-000000000001', 27, 'Асуулт 27', '(2/(x−2) + (x²−6x)/(x²−4)) ÷ (2x−4)/(x²−x−6) илэрхийллийг хялбарчлаарай.', 27, NOW()),
-- 3 оноотой (28-36)
('20210001-0028-0000-0000-000000000001', '20210000-0001-0000-0000-000000000001', 28, 'Асуулт 28', 'Зэс ба төмрийн 60 кг хайлшинд 15 кг төмөр нэмэхэд зэсийн эзлэх хувь нь 12 хувиар багассан бол хайлшинд хэдэн килограмм зэс байсан бэ?', 28, NOW()),
('20210001-0029-0000-0000-000000000001', '20210000-0001-0000-0000-000000000001', 29, 'Асуулт 29', 'Зурагт өгөгдсөн A дүрсийг B дүрсэд хувиргажээ. Хувиргалтын матрицыг олоорой.', 29, NOW()),
('20210001-0030-0000-0000-000000000001', '20210000-0001-0000-0000-000000000001', 30, 'Асуулт 30', 'Арифметик прогрессийн эхний гишүүн нь 41 ба ялгавар нь −3 байв. Эхний n гишүүний нийлбэрийн хамгийн их утгыг олоорой.', 30, NOW()),
('20210001-0031-0000-0000-000000000001', '20210000-0001-0000-0000-000000000001', 31, 'Асуулт 31', 'a⃗ = (3, p, −2p), b⃗ = (6, p+4, 3), c⃗ = (p−1, 2, q) байв. b⃗ − a⃗ вектор c⃗ вектортой параллель бол p, q-ийн утгыг олоорой.', 31, NOW()),
('20210001-0032-0000-0000-000000000001', '20210000-0001-0000-0000-000000000001', 32, 'Асуулт 32', '∫₁⁴ |x − 2| dx тодорхой интегралыг бодоорой.', 32, NOW()),
('20210001-0033-0000-0000-000000000001', '20210000-0001-0000-0000-000000000001', 33, 'Асуулт 33', '1 радиустай тойрогт багтсан тэгш өнцөгт гурвалжны периметр 2 + √6 бол гурвалжны талбайг олоорой.', 33, NOW()),
('20210001-0034-0000-0000-000000000001', '20210000-0001-0000-0000-000000000001', 34, 'Асуулт 34', 'Зурагт өгөгдсөн кубийн A₁B₁ ба D₁C₁ ирмэгүүд дээр харгалзан N, M цэгүүдийг A₁N : NB₁ = 1 : 4, D₁M : MC₁ = 1 : 4 байхаар авчээ. Кубийг MNBC хавтгайгаар огтлоход үүссэн BB₁NCC₁M ба ABNA₁DCMD₁ призмүүдийн эзлэхүүний харьцааг олоорой.', 34, NOW()),
('20210001-0035-0000-0000-000000000001', '20210000-0001-0000-0000-000000000001', 35, 'Асуулт 35', 'A(5, 1) цэгийг y = 3x + 1 шулууны хувьд тэгш хэмээр хувиргахад үүсэх цэгийн координатыг олоорой.', 35, NOW()),
('20210001-0036-0000-0000-000000000001', '20210000-0001-0000-0000-000000000001', 36, 'Асуулт 36', 'x² − 2ax + a + 6 > 0 тэнцэтгэл биш бүх бодит тоо x-ийн хувьд үнэн байх a тооны утгын мужийг олоорой.', 36, NOW()),
-- Нөхөх даалгаврууд (2.1-2.4)
('20210002-0001-0000-0000-000000000001', '20210000-0002-0000-0000-000000000001', 1, 'Даалгавар 2.1', 'Тойрогт багтсан ABCD дөрвөн өнцөгтийн AB = 3, BC = 8, CD = 5, ∠ABC = 60° байв. Тойргийн радиус болон дөрвөн өнцөгтийн талбайг олоорой. (7 оноо)', 37, NOW()),
('20210002-0002-0000-0000-000000000001', '20210000-0002-0000-0000-000000000001', 2, 'Даалгавар 2.2', 'Уутанд 2, 3, 4 дугаартай хөх өнгийн мөн 2, 3 дугаартай улаан өнгийн, нийт таван бөмбөг байв. Тоглогч уутнаас санамсаргүйгээр хоёр бөмбөг авч, дугаарын нийлбэрийг өөрийн оноо гэж тооцно. (7 оноо)', 38, NOW()),
('20210002-0003-0000-0000-000000000001', '20210000-0002-0000-0000-000000000001', 3, 'Даалгавар 2.3', 'y = (1/3)x³ − (5/2)x² + 4x + 7/6 функцийг уламжлал хэрэглэн шинжилье. (7 оноо)', 39, NOW()),
('20210002-0004-0000-0000-000000000001', '20210000-0002-0000-0000-000000000001', 4, 'Даалгавар 2.4', 'f(x) = (2x−4)/(x−3) функц авч үзье. (7 оноо)', 40, NOW());

-- 4. Questions
INSERT INTO mock_test_questions (id, problem_id, question_number, question_text, explanation, points, order_index, created_at) VALUES
('20210001-0001-0001-0000-000000000001', '20210001-0001-0000-0000-000000000001', '1', '6.7 тоог бүхлээр тоймлоорой.', '6.7 ≈ 7', 1, 1, NOW()),
('20210001-0002-0001-0000-000000000001', '20210001-0002-0000-0000-000000000001', '2', '54600 тоог стандарт хэлбэрт бичээрэй.', '54600 = 5.46 × 10⁴', 1, 1, NOW()),
('20210001-0003-0001-0000-000000000001', '20210001-0003-0000-0000-000000000001', '3', '0.1(3) бутархайг энгийн бутархайд шилжүүлээрэй.', '0.1333... = 2/15', 1, 1, NOW()),
('20210001-0004-0001-0000-000000000001', '20210001-0004-0000-0000-000000000001', '4', 'Эсрэг үзэгдлийн магадлалыг олоорой.', 'P(Ā) = 1 − 2/5 = 3/5', 1, 1, NOW()),
('20210001-0005-0001-0000-000000000001', '20210001-0005-0000-0000-000000000001', '5', '2^(2/3) зэргийг язгуур хэрэглэн бичээрэй.', '2^(2/3) = ³√4', 1, 1, NOW()),
('20210001-0006-0001-0000-000000000001', '20210001-0006-0000-0000-000000000001', '6', 'a тоог олоорой.', 'f(−1) = 3(−1) + a = 2 → a = 5', 1, 1, NOW()),
('20210001-0007-0001-0000-000000000001', '20210001-0007-0000-0000-000000000001', '7', 'Координатын эх хүртэлх зайг олоорой.', 'd = √(4 + 8) = √12 = 2√3', 1, 1, NOW()),
('20210001-0008-0001-0000-000000000001', '20210001-0008-0000-0000-000000000001', '8', 'Аль үйлдлийг гүйцэтгэж болох вэ?', 'A(2×2), B(2×1) → A·B боломжтой', 1, 1, NOW()),
('20210001-0009-0001-0000-000000000001', '20210001-0009-0000-0000-000000000001', '9', 'cosα-ийн утгыг олоорой.', 'cos²α = 1 − 4/9 = 5/9, cosα = −√5/3 (II улирал)', 1, 1, NOW()),
('20210001-0010-0001-0000-000000000001', '20210001-0010-0000-0000-000000000001', '10', 'f′(4)-ийн утгыг олоорой.', 'f(x) = 2x^(-1/2), f′(x) = −x^(-3/2), f′(4) = −1/8', 1, 1, NOW()),
('20210001-0011-0001-0000-000000000001', '20210001-0011-0000-0000-000000000001', '11', '√2-оос бага байх бүх тоог ялган бичээрэй.', '√2 ≈ 1.414. 1.3 < √2, 7/5 = 1.4 < √2', 2, 1, NOW()),
('20210001-0012-0001-0000-000000000001', '20210001-0012-0000-0000-000000000001', '12', 'Квартиль хоорондын далайцыг олоорой.', 'Эрэмбэлбэл: 41,43,45,58,60,70,70,74,100. Q1=44, Q3=72, IQR=28', 2, 1, NOW()),
('20210001-0013-0001-0000-000000000001', '20210001-0013-0000-0000-000000000001', '13', 'Илэрхийллийг хялбарчлаарай.', '|a−1| + |a−4| = (a−1) + (4−a) = 3', 2, 1, NOW()),
('20210001-0014-0001-0000-000000000001', '20210001-0014-0000-0000-000000000001', '14', 'M⁻¹ матрицыг олоорой.', 'det = −16+18 = 2. M⁻¹ = [[2, 1.5], [−3, −2]]', 2, 1, NOW()),
('20210001-0015-0001-0000-000000000001', '20210001-0015-0000-0000-000000000001', '15', 'x + y-ийг олоорой.', 'x−y = −1, x+1 = 2y → x = 1, y = 1 → x+y = −1', 2, 1, NOW()),
('20210001-0016-0001-0000-000000000001', '20210001-0016-0000-0000-000000000001', '16', 'Функцийн утгын мужийг олоорой.', 'y = (x−2)² − 1. x∈[1,4], y∈[−1, 3]', 2, 1, NOW()),
('20210001-0017-0001-0000-000000000001', '20210001-0017-0000-0000-000000000001', '17', 'Үлдэгдлийг олоорой.', 'P(−1) = −2 + 1 − 1 − 3 = −5', 2, 1, NOW()),
('20210001-0018-0001-0000-000000000001', '20210001-0018-0000-0000-000000000001', '18', '|B|-ийг олоорой.', '|A∪B| = |A| + |B| − |A∩B| → 13 = 7 + |B| − 4 → |B| = 10', 2, 1, NOW()),
('20210001-0019-0001-0000-000000000001', '20210001-0019-0000-0000-000000000001', '19', 'Хэдэн натурал шийдтэй вэ?', 'C(6,2) = 15', 2, 1, NOW()),
('20210001-0020-0001-0000-000000000001', '20210001-0020-0000-0000-000000000001', '20', 'Секторын өнцгийг олоорой.', 'θ = (2πr)/l = (2π·8)/12 · (180/π) = 240°', 2, 1, NOW()),
('20210001-0021-0001-0000-000000000001', '20210001-0021-0000-0000-000000000001', '21', 'Гурван зэргийн олон гишүүнт аль нь вэ?', '(x+1)(x−1)(x−3) = x³ − 3x² − x + 3', 2, 1, NOW()),
('20210001-0022-0001-0000-000000000001', '20210001-0022-0000-0000-000000000001', '22', 'Тэгшитгэлийн шийдийг олоорой.', 'x = −1, x = 1 → {−1, 1}', 2, 1, NOW()),
('20210001-0023-0001-0000-000000000001', '20210001-0023-0000-0000-000000000001', '23', 'Муруйг олоорой.', 'y = x² − 3x + c, 2 = 1 + 3 + c → c = −2. y = x² − 3x − 2', 2, 1, NOW()),
('20210001-0024-0001-0000-000000000001', '20210001-0024-0000-0000-000000000001', '24', 'Нормаль шулууны тэгшитгэлийг бичээрэй.', 'f′(2) = −2, нормаль налалт = 1/2. y = (1/2)x − 4', 2, 1, NOW()),
('20210001-0025-0001-0000-000000000001', '20210001-0025-0000-0000-000000000001', '25', 'OC⃗-ийг илэрхийлээрэй.', 'OC⃗ = (a⃗ + 2b⃗)/3', 2, 1, NOW()),
('20210001-0026-0001-0000-000000000001', '20210001-0026-0000-0000-000000000001', '26', 'n-ийн утгыг олоорой.', 'Σ(x−10) = Σx − 10n = 11.5n − 10n = 1.5n = 27 → n = 18', 2, 1, NOW()),
('20210001-0027-0001-0000-000000000001', '20210001-0027-0000-0000-000000000001', '27', 'Илэрхийллийг хялбарчлаарай.', '= (x−3)/2', 3, 1, NOW()),
('20210001-0028-0001-0000-000000000001', '20210001-0028-0000-0000-000000000001', '28', 'Хэдэн килограмм зэс байсан бэ?', 'x/60 − x/75 = 0.12 → x = 36 кг', 3, 1, NOW()),
('20210001-0029-0001-0000-000000000001', '20210001-0029-0000-0000-000000000001', '29', 'Хувиргалтын матрицыг олоорой.', 'Тусгал матриц', 3, 1, NOW()),
('20210001-0030-0001-0000-000000000001', '20210001-0030-0000-0000-000000000001', '30', 'Нийлбэрийн хамгийн их утгыг олоорой.', 'aₙ = 41 + (n−1)(−3) > 0 → n ≤ 14. S₁₄ = 301', 3, 1, NOW()),
('20210001-0031-0001-0000-000000000001', '20210001-0031-0000-0000-000000000001', '31', 'p, q-ийн утгыг олоорой.', 'p = 2.5, q = 4', 3, 1, NOW()),
('20210001-0032-0001-0000-000000000001', '20210001-0032-0000-0000-000000000001', '32', 'Интегралыг бодоорой.', '∫₁²(2−x)dx + ∫₂⁴(x−2)dx = 0.5 + 2 = 2.5 = 5/2', 3, 1, NOW()),
('20210001-0033-0001-0000-000000000001', '20210001-0033-0000-0000-000000000001', '33', 'Гурвалжны талбайг олоорой.', 'S = 1/2', 3, 1, NOW()),
('20210001-0034-0001-0000-000000000001', '20210001-0034-0000-0000-000000000001', '34', 'Эзлэхүүний харьцааг олоорой.', '1 : 4', 3, 1, NOW()),
('20210001-0035-0001-0000-000000000001', '20210001-0035-0000-0000-000000000001', '35', 'Үүсэх цэгийн координатыг олоорой.', '(−4, 4)', 3, 1, NOW()),
('20210001-0036-0001-0000-000000000001', '20210001-0036-0000-0000-000000000001', '36', 'a тооны утгын мужийг олоорой.', 'D < 0 → 4a² − 4(a+6) < 0 → −2 < a < 3', 3, 1, NOW()),
-- Нөхөх даалгаврын асуултууд
('20210002-0001-0001-0000-000000000001', '20210002-0001-0000-0000-000000000001', '2.1', 'a, b, c, d, e, f утгуудыг олоорой.', 'A хувилбар: a=7, b=7, c=3, d=6, e=3, f=2 (түлхүүрээс)', 7, 1, NOW()),
('20210002-0002-0001-0000-000000000001', '20210002-0002-0000-0000-000000000001', '2.2', 'a, b, c, d, e, f, g, h утгуудыг олоорой.', 'A хувилбар: a=1, b=0, c=3, d=7, e=5, f=2, g=h (түлхүүрээс)', 7, 1, NOW()),
('20210002-0003-0001-0000-000000000001', '20210002-0003-0000-0000-000000000001', '2.3', 'a, b, c, d, e, f, g утгуудыг олоорой.', 'A хувилбар: a=5, b=1, c=4, d=3, e=4, f=3, g=3 (түлхүүрээс)', 7, 1, NOW()),
('20210002-0004-0001-0000-000000000001', '20210002-0004-0000-0000-000000000001', '2.4', 'a, b, c, d, e, f, g утгуудыг олоорой.', 'A хувилбар: a=3, b=3, c=5, d=3, e=2, f=1, g=4 (түлхүүрээс)', 7, 1, NOW());

-- 5. Options - A хувилбар зөв хариултууд: A,C,D,E,D,C,B,D,B,E,D,A,D,E,C,B,D,E,D,C,B,B,D,E,D,A,D,E,C,D,E,A,D,C,B,D

-- Q1: A=7
INSERT INTO mock_test_options (id, question_id, option_text, is_correct, order_index, created_at) VALUES
('20210001-0001-0001-0001-000000000001', '20210001-0001-0001-0000-000000000001', '7', true, 0, NOW()),
('20210001-0001-0001-0002-000000000001', '20210001-0001-0001-0000-000000000001', '6', false, 1, NOW()),
('20210001-0001-0001-0003-000000000001', '20210001-0001-0001-0000-000000000001', '10', false, 2, NOW()),
('20210001-0001-0001-0004-000000000001', '20210001-0001-0001-0000-000000000001', '5', false, 3, NOW()),
('20210001-0001-0001-0005-000000000001', '20210001-0001-0001-0000-000000000001', '0', false, 4, NOW());

-- Q2: C=5.46×10⁴
INSERT INTO mock_test_options (id, question_id, option_text, is_correct, order_index, created_at) VALUES
('20210001-0002-0001-0001-000000000001', '20210001-0002-0001-0000-000000000001', '54.6 × 10³', false, 0, NOW()),
('20210001-0002-0001-0002-000000000001', '20210001-0002-0001-0000-000000000001', '546 × 10²', false, 1, NOW()),
('20210001-0002-0001-0003-000000000001', '20210001-0002-0001-0000-000000000001', '5.46 × 10⁴', true, 2, NOW()),
('20210001-0002-0001-0004-000000000001', '20210001-0002-0001-0000-000000000001', '0.546 × 10⁵', false, 3, NOW()),
('20210001-0002-0001-0005-000000000001', '20210001-0002-0001-0000-000000000001', '5.46 × 10³', false, 4, NOW());

-- Q3: D=2/15
INSERT INTO mock_test_options (id, question_id, option_text, is_correct, order_index, created_at) VALUES
('20210001-0003-0001-0001-000000000001', '20210001-0003-0001-0000-000000000001', '13/99', false, 0, NOW()),
('20210001-0003-0001-0002-000000000001', '20210001-0003-0001-0000-000000000001', '13/90', false, 1, NOW()),
('20210001-0003-0001-0003-000000000001', '20210001-0003-0001-0000-000000000001', '4/3', false, 2, NOW()),
('20210001-0003-0001-0004-000000000001', '20210001-0003-0001-0000-000000000001', '2/15', true, 3, NOW()),
('20210001-0003-0001-0005-000000000001', '20210001-0003-0001-0000-000000000001', '4/33', false, 4, NOW());

-- Q4: E=3/5
INSERT INTO mock_test_options (id, question_id, option_text, is_correct, order_index, created_at) VALUES
('20210001-0004-0001-0001-000000000001', '20210001-0004-0001-0000-000000000001', '5/2', false, 0, NOW()),
('20210001-0004-0001-0002-000000000001', '20210001-0004-0001-0000-000000000001', '−2/5', false, 1, NOW()),
('20210001-0004-0001-0003-000000000001', '20210001-0004-0001-0000-000000000001', '1', false, 2, NOW()),
('20210001-0004-0001-0004-000000000001', '20210001-0004-0001-0000-000000000001', '0', false, 3, NOW()),
('20210001-0004-0001-0005-000000000001', '20210001-0004-0001-0000-000000000001', '3/5', true, 4, NOW());

-- Q5: D=³√4
INSERT INTO mock_test_options (id, question_id, option_text, is_correct, order_index, created_at) VALUES
('20210001-0005-0001-0001-000000000001', '20210001-0005-0001-0000-000000000001', '√2', false, 0, NOW()),
('20210001-0005-0001-0002-000000000001', '20210001-0005-0001-0000-000000000001', '√8', false, 1, NOW()),
('20210001-0005-0001-0003-000000000001', '20210001-0005-0001-0000-000000000001', '³√2', false, 2, NOW()),
('20210001-0005-0001-0004-000000000001', '20210001-0005-0001-0000-000000000001', '³√4', true, 3, NOW()),
('20210001-0005-0001-0005-000000000001', '20210001-0005-0001-0000-000000000001', '³√8', false, 4, NOW());

-- Q6: C=5
INSERT INTO mock_test_options (id, question_id, option_text, is_correct, order_index, created_at) VALUES
('20210001-0006-0001-0001-000000000001', '20210001-0006-0001-0000-000000000001', '3', false, 0, NOW()),
('20210001-0006-0001-0002-000000000001', '20210001-0006-0001-0000-000000000001', '−7', false, 1, NOW()),
('20210001-0006-0001-0003-000000000001', '20210001-0006-0001-0000-000000000001', '5', true, 2, NOW()),
('20210001-0006-0001-0004-000000000001', '20210001-0006-0001-0000-000000000001', '2', false, 3, NOW()),
('20210001-0006-0001-0005-000000000001', '20210001-0006-0001-0000-000000000001', '−1', false, 4, NOW());

-- Q7: B=2√3
INSERT INTO mock_test_options (id, question_id, option_text, is_correct, order_index, created_at) VALUES
('20210001-0007-0001-0001-000000000001', '20210001-0007-0001-0000-000000000001', '2', false, 0, NOW()),
('20210001-0007-0001-0002-000000000001', '20210001-0007-0001-0000-000000000001', '2√3', true, 1, NOW()),
('20210001-0007-0001-0003-000000000001', '20210001-0007-0001-0000-000000000001', '2√2', false, 2, NOW()),
('20210001-0007-0001-0004-000000000001', '20210001-0007-0001-0000-000000000001', '2√5', false, 3, NOW()),
('20210001-0007-0001-0005-000000000001', '20210001-0007-0001-0000-000000000001', '−2 + 2√2', false, 4, NOW());

-- Q8: D=A·B
INSERT INTO mock_test_options (id, question_id, option_text, is_correct, order_index, created_at) VALUES
('20210001-0008-0001-0001-000000000001', '20210001-0008-0001-0000-000000000001', 'B − A', false, 0, NOW()),
('20210001-0008-0001-0002-000000000001', '20210001-0008-0001-0000-000000000001', 'B · A', false, 1, NOW()),
('20210001-0008-0001-0003-000000000001', '20210001-0008-0001-0000-000000000001', 'A + B', false, 2, NOW()),
('20210001-0008-0001-0004-000000000001', '20210001-0008-0001-0000-000000000001', 'A · B', true, 3, NOW()),
('20210001-0008-0001-0005-000000000001', '20210001-0008-0001-0000-000000000001', 'B²', false, 4, NOW());

-- Q9: B=−√5/3
INSERT INTO mock_test_options (id, question_id, option_text, is_correct, order_index, created_at) VALUES
('20210001-0009-0001-0001-000000000001', '20210001-0009-0001-0000-000000000001', '√5/3', false, 0, NOW()),
('20210001-0009-0001-0002-000000000001', '20210001-0009-0001-0000-000000000001', '−√5/3', true, 1, NOW()),
('20210001-0009-0001-0003-000000000001', '20210001-0009-0001-0000-000000000001', '1/3', false, 2, NOW()),
('20210001-0009-0001-0004-000000000001', '20210001-0009-0001-0000-000000000001', '−2/3', false, 3, NOW()),
('20210001-0009-0001-0005-000000000001', '20210001-0009-0001-0000-000000000001', '√13/3', false, 4, NOW());

-- Q10: E=−1/8
INSERT INTO mock_test_options (id, question_id, option_text, is_correct, order_index, created_at) VALUES
('20210001-0010-0001-0001-000000000001', '20210001-0010-0001-0000-000000000001', '8', false, 0, NOW()),
('20210001-0010-0001-0002-000000000001', '20210001-0010-0001-0000-000000000001', '−1/4', false, 1, NOW()),
('20210001-0010-0001-0003-000000000001', '20210001-0010-0001-0000-000000000001', '−3/8', false, 2, NOW()),
('20210001-0010-0001-0004-000000000001', '20210001-0010-0001-0000-000000000001', '−2', false, 3, NOW()),
('20210001-0010-0001-0005-000000000001', '20210001-0010-0001-0000-000000000001', '−1/8', true, 4, NOW());

-- Q11: D=1.3, 7/5
INSERT INTO mock_test_options (id, question_id, option_text, is_correct, order_index, created_at) VALUES
('20210001-0011-0001-0001-000000000001', '20210001-0011-0001-0000-000000000001', '1.3, π/2', false, 0, NOW()),
('20210001-0011-0001-0002-000000000001', '20210001-0011-0001-0000-000000000001', '7/5', false, 1, NOW()),
('20210001-0011-0001-0003-000000000001', '20210001-0011-0001-0000-000000000001', 'π/2', false, 2, NOW()),
('20210001-0011-0001-0004-000000000001', '20210001-0011-0001-0000-000000000001', '1.3, 7/5', true, 3, NOW()),
('20210001-0011-0001-0005-000000000001', '20210001-0011-0001-0000-000000000001', '7/5, 2', false, 4, NOW());

-- Q12: A=28
INSERT INTO mock_test_options (id, question_id, option_text, is_correct, order_index, created_at) VALUES
('20210001-0012-0001-0001-000000000001', '20210001-0012-0001-0000-000000000001', '28', true, 0, NOW()),
('20210001-0012-0001-0002-000000000001', '20210001-0012-0001-0000-000000000001', '25', false, 1, NOW()),
('20210001-0012-0001-0003-000000000001', '20210001-0012-0001-0000-000000000001', '59', false, 2, NOW()),
('20210001-0012-0001-0004-000000000001', '20210001-0012-0001-0000-000000000001', '26', false, 3, NOW()),
('20210001-0012-0001-0005-000000000001', '20210001-0012-0001-0000-000000000001', '70', false, 4, NOW());

-- Q13: D=3
INSERT INTO mock_test_options (id, question_id, option_text, is_correct, order_index, created_at) VALUES
('20210001-0013-0001-0001-000000000001', '20210001-0013-0001-0000-000000000001', '−5', false, 0, NOW()),
('20210001-0013-0001-0002-000000000001', '20210001-0013-0001-0000-000000000001', '2a − 5', false, 1, NOW()),
('20210001-0013-0001-0003-000000000001', '20210001-0013-0001-0000-000000000001', '5 − 2a', false, 2, NOW()),
('20210001-0013-0001-0004-000000000001', '20210001-0013-0001-0000-000000000001', '3', true, 3, NOW()),
('20210001-0013-0001-0005-000000000001', '20210001-0013-0001-0000-000000000001', '4', false, 4, NOW());

-- Q14: E=[[2, 1.5], [−3, −2]]
INSERT INTO mock_test_options (id, question_id, option_text, is_correct, order_index, created_at) VALUES
('20210001-0014-0001-0001-000000000001', '20210001-0014-0001-0000-000000000001', '[[4, 3], [−6, −4]]', false, 0, NOW()),
('20210001-0014-0001-0002-000000000001', '20210001-0014-0001-0000-000000000001', '[[−4, 6], [−3, 4]]', false, 1, NOW()),
('20210001-0014-0001-0003-000000000001', '20210001-0014-0001-0000-000000000001', '[[2, 3], [−1.5, −2]]', false, 2, NOW()),
('20210001-0014-0001-0004-000000000001', '20210001-0014-0001-0000-000000000001', '[[2, −1.5], [−3, 2]]', false, 3, NOW()),
('20210001-0014-0001-0005-000000000001', '20210001-0014-0001-0000-000000000001', '[[2, 1.5], [−3, −2]]', true, 4, NOW());

-- Q15: C=−1
INSERT INTO mock_test_options (id, question_id, option_text, is_correct, order_index, created_at) VALUES
('20210001-0015-0001-0001-000000000001', '20210001-0015-0001-0000-000000000001', '1', false, 0, NOW()),
('20210001-0015-0001-0002-000000000001', '20210001-0015-0001-0000-000000000001', '1; −1', false, 1, NOW()),
('20210001-0015-0001-0003-000000000001', '20210001-0015-0001-0000-000000000001', '−1', true, 2, NOW()),
('20210001-0015-0001-0004-000000000001', '20210001-0015-0001-0000-000000000001', '−3', false, 3, NOW()),
('20210001-0015-0001-0005-000000000001', '20210001-0015-0001-0000-000000000001', '3', false, 4, NOW());

-- Q16: B=−1≤y≤3
INSERT INTO mock_test_options (id, question_id, option_text, is_correct, order_index, created_at) VALUES
('20210001-0016-0001-0001-000000000001', '20210001-0016-0001-0000-000000000001', '0 ≤ y ≤ 3', false, 0, NOW()),
('20210001-0016-0001-0002-000000000001', '20210001-0016-0001-0000-000000000001', '−1 ≤ y ≤ 3', true, 1, NOW()),
('20210001-0016-0001-0003-000000000001', '20210001-0016-0001-0000-000000000001', '2 ≤ y ≤ 3', false, 2, NOW()),
('20210001-0016-0001-0004-000000000001', '20210001-0016-0001-0000-000000000001', 'y ≥ −1', false, 3, NOW()),
('20210001-0016-0001-0005-000000000001', '20210001-0016-0001-0000-000000000001', '−1 ≤ y ≤ 0', false, 4, NOW());

-- Q17: D=−5
INSERT INTO mock_test_options (id, question_id, option_text, is_correct, order_index, created_at) VALUES
('20210001-0017-0001-0001-000000000001', '20210001-0017-0001-0000-000000000001', '−7', false, 0, NOW()),
('20210001-0017-0001-0002-000000000001', '20210001-0017-0001-0000-000000000001', '1', false, 1, NOW()),
('20210001-0017-0001-0003-000000000001', '20210001-0017-0001-0000-000000000001', '−3', false, 2, NOW()),
('20210001-0017-0001-0004-000000000001', '20210001-0017-0001-0000-000000000001', '−5', true, 3, NOW()),
('20210001-0017-0001-0005-000000000001', '20210001-0017-0001-0000-000000000001', '−1', false, 4, NOW());

-- Q18: E=10
INSERT INTO mock_test_options (id, question_id, option_text, is_correct, order_index, created_at) VALUES
('20210001-0018-0001-0001-000000000001', '20210001-0018-0001-0000-000000000001', '6', false, 0, NOW()),
('20210001-0018-0001-0002-000000000001', '20210001-0018-0001-0000-000000000001', '2', false, 1, NOW()),
('20210001-0018-0001-0003-000000000001', '20210001-0018-0001-0000-000000000001', '16', false, 2, NOW()),
('20210001-0018-0001-0004-000000000001', '20210001-0018-0001-0000-000000000001', '9', false, 3, NOW()),
('20210001-0018-0001-0005-000000000001', '20210001-0018-0001-0000-000000000001', '10', true, 4, NOW());

-- Q19: D=15
INSERT INTO mock_test_options (id, question_id, option_text, is_correct, order_index, created_at) VALUES
('20210001-0019-0001-0001-000000000001', '20210001-0019-0001-0000-000000000001', '14', false, 0, NOW()),
('20210001-0019-0001-0002-000000000001', '20210001-0019-0001-0000-000000000001', '36', false, 1, NOW()),
('20210001-0019-0001-0003-000000000001', '20210001-0019-0001-0000-000000000001', '4', false, 2, NOW()),
('20210001-0019-0001-0004-000000000001', '20210001-0019-0001-0000-000000000001', '15', true, 3, NOW()),
('20210001-0019-0001-0005-000000000001', '20210001-0019-0001-0000-000000000001', '12', false, 4, NOW());

-- Q20: C=240°
INSERT INTO mock_test_options (id, question_id, option_text, is_correct, order_index, created_at) VALUES
('20210001-0020-0001-0001-000000000001', '20210001-0020-0001-0000-000000000001', '540°', false, 0, NOW()),
('20210001-0020-0001-0002-000000000001', '20210001-0020-0001-0000-000000000001', '120°', false, 1, NOW()),
('20210001-0020-0001-0003-000000000001', '20210001-0020-0001-0000-000000000001', '240°', true, 2, NOW()),
('20210001-0020-0001-0004-000000000001', '20210001-0020-0001-0000-000000000001', '270°', false, 3, NOW()),
('20210001-0020-0001-0005-000000000001', '20210001-0020-0001-0000-000000000001', 'arccos(1/9)', false, 4, NOW());

-- Q21: B=x³−3x²−x+3
INSERT INTO mock_test_options (id, question_id, option_text, is_correct, order_index, created_at) VALUES
('20210001-0021-0001-0001-000000000001', '20210001-0021-0001-0000-000000000001', 'x³ + 3x² + x − 3', false, 0, NOW()),
('20210001-0021-0001-0002-000000000001', '20210001-0021-0001-0000-000000000001', 'x³ − 3x² − x + 3', true, 1, NOW()),
('20210001-0021-0001-0003-000000000001', '20210001-0021-0001-0000-000000000001', 'x³ − 3x² + x + 3', false, 2, NOW()),
('20210001-0021-0001-0004-000000000001', '20210001-0021-0001-0000-000000000001', 'x³ − 2x² − x + 2', false, 3, NOW()),
('20210001-0021-0001-0005-000000000001', '20210001-0021-0001-0000-000000000001', 'x³ + 3x² − x − 3', false, 4, NOW());

-- Q22: B={−1, 1}
INSERT INTO mock_test_options (id, question_id, option_text, is_correct, order_index, created_at) VALUES
('20210001-0022-0001-0001-000000000001', '20210001-0022-0001-0000-000000000001', '{−1, 1, 7/3}', false, 0, NOW()),
('20210001-0022-0001-0002-000000000001', '20210001-0022-0001-0000-000000000001', '{−1, 1}', true, 1, NOW()),
('20210001-0022-0001-0003-000000000001', '20210001-0022-0001-0000-000000000001', '{−1, 7/3}', false, 2, NOW()),
('20210001-0022-0001-0004-000000000001', '20210001-0022-0001-0000-000000000001', '{1, 7/3}', false, 3, NOW()),
('20210001-0022-0001-0005-000000000001', '20210001-0022-0001-0000-000000000001', '{1}', false, 4, NOW());

-- Q23: D=y=x²−3x−2
INSERT INTO mock_test_options (id, question_id, option_text, is_correct, order_index, created_at) VALUES
('20210001-0023-0001-0001-000000000001', '20210001-0023-0001-0000-000000000001', 'y = x² + 3x + 4', false, 0, NOW()),
('20210001-0023-0001-0002-000000000001', '20210001-0023-0001-0000-000000000001', 'y = x² − 3x + 2', false, 1, NOW()),
('20210001-0023-0001-0003-000000000001', '20210001-0023-0001-0000-000000000001', 'y = 2x² − 3x − 3', false, 2, NOW()),
('20210001-0023-0001-0004-000000000001', '20210001-0023-0001-0000-000000000001', 'y = x² − 3x − 2', true, 3, NOW()),
('20210001-0023-0001-0005-000000000001', '20210001-0023-0001-0000-000000000001', 'y = 2x² + 3x + 3', false, 4, NOW());

-- Q24: E=y=(1/2)x−4
INSERT INTO mock_test_options (id, question_id, option_text, is_correct, order_index, created_at) VALUES
('20210001-0024-0001-0001-000000000001', '20210001-0024-0001-0000-000000000001', 'y = 2x − 6', false, 0, NOW()),
('20210001-0024-0001-0002-000000000001', '20210001-0024-0001-0000-000000000001', 'y = −2x + 1', false, 1, NOW()),
('20210001-0024-0001-0003-000000000001', '20210001-0024-0001-0000-000000000001', 'y = −(1/2)x − 2', false, 2, NOW()),
('20210001-0024-0001-0004-000000000001', '20210001-0024-0001-0000-000000000001', 'y = 2x − 7', false, 3, NOW()),
('20210001-0024-0001-0005-000000000001', '20210001-0024-0001-0000-000000000001', 'y = (1/2)x − 4', true, 4, NOW());

-- Q25: D=(2b⃗+a⃗)/3
INSERT INTO mock_test_options (id, question_id, option_text, is_correct, order_index, created_at) VALUES
('20210001-0025-0001-0001-000000000001', '20210001-0025-0001-0000-000000000001', '(b⃗ − 2a⃗)/3', false, 0, NOW()),
('20210001-0025-0001-0002-000000000001', '20210001-0025-0001-0000-000000000001', '(2b⃗ − a⃗)/3', false, 1, NOW()),
('20210001-0025-0001-0003-000000000001', '20210001-0025-0001-0000-000000000001', '(b⃗ + 2a⃗)/3', false, 2, NOW()),
('20210001-0025-0001-0004-000000000001', '20210001-0025-0001-0000-000000000001', '(2b⃗ + a⃗)/3', true, 3, NOW()),
('20210001-0025-0001-0005-000000000001', '20210001-0025-0001-0000-000000000001', '(b⃗ − a⃗)/3', false, 4, NOW());

-- Q26: A=18
INSERT INTO mock_test_options (id, question_id, option_text, is_correct, order_index, created_at) VALUES
('20210001-0026-0001-0001-000000000001', '20210001-0026-0001-0000-000000000001', '18', true, 0, NOW()),
('20210001-0026-0001-0002-000000000001', '20210001-0026-0001-0000-000000000001', '3', false, 1, NOW()),
('20210001-0026-0001-0003-000000000001', '20210001-0026-0001-0000-000000000001', '2', false, 2, NOW()),
('20210001-0026-0001-0004-000000000001', '20210001-0026-0001-0000-000000000001', '15', false, 3, NOW()),
('20210001-0026-0001-0005-000000000001', '20210001-0026-0001-0000-000000000001', '17', false, 4, NOW());

-- Q27: D=(x−3)/2
INSERT INTO mock_test_options (id, question_id, option_text, is_correct, order_index, created_at) VALUES
('20210001-0027-0001-0001-000000000001', '20210001-0027-0001-0000-000000000001', '(x+3)/2', false, 0, NOW()),
('20210001-0027-0001-0002-000000000001', '20210001-0027-0001-0000-000000000001', '(x−2)(x+3)/(2(x+2))', false, 1, NOW()),
('20210001-0027-0001-0003-000000000001', '20210001-0027-0001-0000-000000000001', '(x−2)(x−3)/(2(x+2))', false, 2, NOW()),
('20210001-0027-0001-0004-000000000001', '20210001-0027-0001-0000-000000000001', '(x−3)/2', true, 3, NOW()),
('20210001-0027-0001-0005-000000000001', '20210001-0027-0001-0000-000000000001', '(x+2)/2', false, 4, NOW());

-- Q28: E=36 кг
INSERT INTO mock_test_options (id, question_id, option_text, is_correct, order_index, created_at) VALUES
('20210001-0028-0001-0001-000000000001', '20210001-0028-0001-0000-000000000001', '45 кг', false, 0, NOW()),
('20210001-0028-0001-0002-000000000001', '20210001-0028-0001-0000-000000000001', '24 кг', false, 1, NOW()),
('20210001-0028-0001-0003-000000000001', '20210001-0028-0001-0000-000000000001', '33 кг', false, 2, NOW()),
('20210001-0028-0001-0004-000000000001', '20210001-0028-0001-0000-000000000001', '48 кг', false, 3, NOW()),
('20210001-0028-0001-0005-000000000001', '20210001-0028-0001-0000-000000000001', '36 кг', true, 4, NOW());

-- Q29: C=[[0, −1], [1, 0]]
INSERT INTO mock_test_options (id, question_id, option_text, is_correct, order_index, created_at) VALUES
('20210001-0029-0001-0001-000000000001', '20210001-0029-0001-0000-000000000001', '[[1, 0], [0, 1]]', false, 0, NOW()),
('20210001-0029-0001-0002-000000000001', '20210001-0029-0001-0000-000000000001', '[[0, 1], [1, 0]]', false, 1, NOW()),
('20210001-0029-0001-0003-000000000001', '20210001-0029-0001-0000-000000000001', '[[0, −1], [1, 0]]', true, 2, NOW()),
('20210001-0029-0001-0004-000000000001', '20210001-0029-0001-0000-000000000001', '[[−1, 0], [0, 1]]', false, 3, NOW()),
('20210001-0029-0001-0005-000000000001', '20210001-0029-0001-0000-000000000001', '[[0, 1], [−1, 0]]', false, 4, NOW());

-- Q30: D=301
INSERT INTO mock_test_options (id, question_id, option_text, is_correct, order_index, created_at) VALUES
('20210001-0030-0001-0001-000000000001', '20210001-0030-0001-0000-000000000001', '299', false, 0, NOW()),
('20210001-0030-0001-0002-000000000001', '20210001-0030-0001-0000-000000000001', '300', false, 1, NOW()),
('20210001-0030-0001-0003-000000000001', '20210001-0030-0001-0000-000000000001', '302', false, 2, NOW()),
('20210001-0030-0001-0004-000000000001', '20210001-0030-0001-0000-000000000001', '301', true, 3, NOW()),
('20210001-0030-0001-0005-000000000001', '20210001-0030-0001-0000-000000000001', '294', false, 4, NOW());

-- Q31: E=p=2.5, q=4
INSERT INTO mock_test_options (id, question_id, option_text, is_correct, order_index, created_at) VALUES
('20210001-0031-0001-0001-000000000001', '20210001-0031-0001-0000-000000000001', 'p = 1, q = −1.6', false, 0, NOW()),
('20210001-0031-0001-0002-000000000001', '20210001-0031-0001-0000-000000000001', 'p = 2.5, q = 16', false, 1, NOW()),
('20210001-0031-0001-0003-000000000001', '20210001-0031-0001-0000-000000000001', 'p = 7, q = 8.5', false, 2, NOW()),
('20210001-0031-0001-0004-000000000001', '20210001-0031-0001-0000-000000000001', 'p = 4, q = 11', false, 3, NOW()),
('20210001-0031-0001-0005-000000000001', '20210001-0031-0001-0000-000000000001', 'p = 2.5, q = 4', true, 4, NOW());

-- Q32: A=5/2
INSERT INTO mock_test_options (id, question_id, option_text, is_correct, order_index, created_at) VALUES
('20210001-0032-0001-0001-000000000001', '20210001-0032-0001-0000-000000000001', '5/2', true, 0, NOW()),
('20210001-0032-0001-0002-000000000001', '20210001-0032-0001-0000-000000000001', '3/2', false, 1, NOW()),
('20210001-0032-0001-0003-000000000001', '20210001-0032-0001-0000-000000000001', '−3/2', false, 2, NOW()),
('20210001-0032-0001-0004-000000000001', '20210001-0032-0001-0000-000000000001', '1', false, 3, NOW()),
('20210001-0032-0001-0005-000000000001', '20210001-0032-0001-0000-000000000001', '3', false, 4, NOW());

-- Q33: D=1/2
INSERT INTO mock_test_options (id, question_id, option_text, is_correct, order_index, created_at) VALUES
('20210001-0033-0001-0001-000000000001', '20210001-0033-0001-0000-000000000001', '2', false, 0, NOW()),
('20210001-0033-0001-0002-000000000001', '20210001-0033-0001-0000-000000000001', '1', false, 1, NOW()),
('20210001-0033-0001-0003-000000000001', '20210001-0033-0001-0000-000000000001', '5', false, 2, NOW()),
('20210001-0033-0001-0004-000000000001', '20210001-0033-0001-0000-000000000001', '1/2', true, 3, NOW()),
('20210001-0033-0001-0005-000000000001', '20210001-0033-0001-0000-000000000001', '(√6+3)/2', false, 4, NOW());

-- Q34: C=2:3
INSERT INTO mock_test_options (id, question_id, option_text, is_correct, order_index, created_at) VALUES
('20210001-0034-0001-0001-000000000001', '20210001-0034-0001-0000-000000000001', '3 : 5', false, 0, NOW()),
('20210001-0034-0001-0002-000000000001', '20210001-0034-0001-0000-000000000001', '1 : 4', false, 1, NOW()),
('20210001-0034-0001-0003-000000000001', '20210001-0034-0001-0000-000000000001', '2 : 3', true, 2, NOW()),
('20210001-0034-0001-0004-000000000001', '20210001-0034-0001-0000-000000000001', '2 : 5', false, 3, NOW()),
('20210001-0034-0001-0005-000000000001', '20210001-0034-0001-0000-000000000001', '1 : 9', false, 4, NOW());

-- Q35: B=(−4, 4)
INSERT INTO mock_test_options (id, question_id, option_text, is_correct, order_index, created_at) VALUES
('20210001-0035-0001-0001-000000000001', '20210001-0035-0001-0000-000000000001', '(−5, 1)', false, 0, NOW()),
('20210001-0035-0001-0002-000000000001', '20210001-0035-0001-0000-000000000001', '(−4, 4)', true, 1, NOW()),
('20210001-0035-0001-0003-000000000001', '20210001-0035-0001-0000-000000000001', '(−5, 9/2)', false, 2, NOW()),
('20210001-0035-0001-0004-000000000001', '20210001-0035-0001-0000-000000000001', '(−9/2, 5/2)', false, 3, NOW()),
('20210001-0035-0001-0005-000000000001', '20210001-0035-0001-0000-000000000001', '(1, 5)', false, 4, NOW());

-- Q36: D=−2<a<3
INSERT INTO mock_test_options (id, question_id, option_text, is_correct, order_index, created_at) VALUES
('20210001-0036-0001-0001-000000000001', '20210001-0036-0001-0000-000000000001', '−3 < a < 2', false, 0, NOW()),
('20210001-0036-0001-0002-000000000001', '20210001-0036-0001-0000-000000000001', 'a < −3, a > 2', false, 1, NOW()),
('20210001-0036-0001-0003-000000000001', '20210001-0036-0001-0000-000000000001', 'a < −2, a > 3', false, 2, NOW()),
('20210001-0036-0001-0004-000000000001', '20210001-0036-0001-0000-000000000001', '−2 < a < 3', true, 3, NOW()),
('20210001-0036-0001-0005-000000000001', '20210001-0036-0001-0000-000000000001', 'a > −6', false, 4, NOW());

-- =====================================================
-- SUMMARY
-- =====================================================
-- ЭЕШ 2021 Математик A хувилбар
-- Нийт: 100 оноо (72 сонгох + 28 нөхөх)
-- 
-- A хувилбар зөв хариултууд (1-36):
-- A, C, D, E, D, C, B, D, B, E, D, A, D, E, C, B, D, E, D, C, B, B, D, E, D, A, D, E, C, D, E, A, D, C, B, D
--
-- Нөхөх даалгаврын хариултууд (түлхүүрээс A хувилбар):
-- 2.1: a=7, b=7, c=3, d=6, e=3, f=2
-- 2.2: a=1, b=0, c=3, d=7, e=5, f=2, g=h (g,h адил)
-- 2.3: a=5, b=1, c=4, d=3, e=4, f=3, g=3
-- 2.4: a=3, b=3, c=5, d=3, e=2, f=1, g=4
-- =====================================================
