-- =====================================================
-- ЭЕШ 2023 МАТЕМАТИК ХУВИЛБАР C
-- Supabase SQL Insert Statements
-- =====================================================

-- 1. MOCK TEST
INSERT INTO mock_tests (
    id, title, description, time_limit_minutes, total_questions, 
    passing_score_percentage, is_published, category,
    eysh_threshold_500, eysh_threshold_600, eysh_threshold_700, eysh_threshold_800
) VALUES (
    '20230000-0000-0000-0000-000000000003',
    'ЭЕШ 2023 Математик Хувилбар C',
    'Элсэлтийн ерөнхий шалгалт 2023 оны Математикийн хичээлийн Хувилбар C. Нэгдүгээр хэсэг: 36 сонгох даалгавар (72 оноо). Хоёрдугаар хэсэг: 4 нөхөх даалгавар (28 оноо). Нийт 100 оноо.',
    180, 40, 60, true, 'math', 60, 70, 80, 90
);

-- 2. SECTIONS
INSERT INTO mock_test_sections (id, mock_test_id, subject, title, order_index) VALUES
('20230000-0000-0003-0000-000000000001', '20230000-0000-0000-0000-000000000003', 'math', 'Нэгдүгээр хэсэг - Сонгох даалгавар', 1),
('20230000-0000-0003-0000-000000000002', '20230000-0000-0000-0000-000000000003', 'math', 'Хоёрдугаар хэсэг - Нөхөх даалгавар', 2);

-- 3. PROBLEMS (40 бодлого)
INSERT INTO mock_test_problems (id, section_id, problem_number, title, context, order_index) VALUES
('20230000-0003-0001-0000-000000000001', '20230000-0000-0003-0000-000000000001', 1, 'Бодлого 1', 'Утгыг олоорой. √(1 64/225) =', 1),
('20230000-0003-0002-0000-000000000001', '20230000-0000-0003-0000-000000000001', 2, 'Бодлого 2', 'M(3, 4) цэгээс Ox тэнхлэг хүртэлх зайг олоорой.', 2),
('20230000-0003-0003-0000-000000000001', '20230000-0000-0003-0000-000000000001', 3, 'Бодлого 3', 'Зурагт өгсөн векторын эсрэг векторыг олоорой.', 3),
('20230000-0003-0004-0000-000000000001', '20230000-0000-0003-0000-000000000001', 4, 'Бодлого 4', 'A = {4, 5, 6, 7, 8, 9} олонлогийн дэд олонлогийг олоорой.', 4),
('20230000-0003-0005-0000-000000000001', '20230000-0000-0003-0000-000000000001', 5, 'Бодлого 5', 'Хялбарчил. (3 + i)² =', 5),
('20230000-0003-0006-0000-000000000001', '20230000-0000-0003-0000-000000000001', 6, 'Бодлого 6', 'X санамсаргүй хувьсагчийн магадлалын тархалтыг өгөв. a тоог олоорой.', 6),
('20230000-0003-0007-0000-000000000001', '20230000-0000-0003-0000-000000000001', 7, 'Бодлого 7', 'y = 2x − 1 функцийн өсөх завсрыг олоорой.', 7),
('20230000-0003-0008-0000-000000000001', '20230000-0000-0003-0000-000000000001', 8, 'Бодлого 8', 'AB диаметр ба ∠BAC = 35° бол ∠ABC = ?', 8),
('20230000-0003-0009-0000-000000000001', '20230000-0000-0003-0000-000000000001', 9, 'Бодлого 9', '10, 2, 4, 6, 1, 12, 14, 8, 16 өгөгдлийн дээд квартилийг олоорой.', 9),
('20230000-0003-0010-0000-000000000001', '20230000-0000-0003-0000-000000000001', 10, 'Бодлого 10', 'Тэнцэтгэл бишийг бодоорой. log₃(x − 1) < 2', 10),
('20230000-0003-0011-0000-000000000001', '20230000-0000-0003-0000-000000000001', 11, 'Бодлого 11', '200 + 201 + ... + 215 − (185 + 186 + ... + 200) =', 11),
('20230000-0003-0012-0000-000000000001', '20230000-0000-0003-0000-000000000001', 12, 'Бодлого 12', 'α = 15° бол tg3α − cos4α =', 12),
('20230000-0003-0013-0000-000000000001', '20230000-0000-0003-0000-000000000001', 13, 'Бодлого 13', 'A(−1, −1) цэгийг M(2, b) цэгийн хувьд тэгш хэмтэйгээр хувиргахад гарах цэг B(a, 3) бол a тоог олоорой.', 13),
('20230000-0003-0014-0000-000000000001', '20230000-0000-0003-0000-000000000001', 14, 'Бодлого 14', 'x = 5, y = −3 үед илэрхийллийн утгыг олоорой. (5x + 5y)/(x² − 4xy − 5y²) =', 14),
('20230000-0003-0015-0000-000000000001', '20230000-0000-0003-0000-000000000001', 15, 'Бодлого 15', 'y = e^(−3x) функцийн 2-р эрэмбийн уламжлалыг олоорой.', 15),
('20230000-0003-0016-0000-000000000001', '20230000-0000-0003-0000-000000000001', 16, 'Бодлого 16', 'Шоог орхиход сондгой тоогоор эсвэл 2-ийн хуваагч тоогоор буух магадлалыг олоорой.', 16),
('20230000-0003-0017-0000-000000000001', '20230000-0000-0003-0000-000000000001', 17, 'Бодлого 17', 'a⃗ = (x, −1, 2) векторын урт 5 бол x = ?', 17),
('20230000-0003-0018-0000-000000000001', '20230000-0000-0003-0000-000000000001', 18, 'Бодлого 18', 'x² + bx + c = 0 тэгшитгэлийн нэг шийд нь 1 + 3i бол c тоог олоорой.', 18),
('20230000-0003-0019-0000-000000000001', '20230000-0000-0003-0000-000000000001', 19, 'Бодлого 19', 'Тэнцүү хариуг олж харгалзуулаарай. I. 3⁻² = II. 27ˣ = 9 бол x = ? III. log₄8 =', 19),
('20230000-0003-0020-0000-000000000001', '20230000-0000-0003-0000-000000000001', 20, 'Бодлого 20', 'A = ((x, 1), (6, x+1)) матриц урвуугүй байх x тоог олоорой.', 20),
('20230000-0003-0021-0000-000000000001', '20230000-0000-0003-0000-000000000001', 21, 'Бодлого 21', 'ABC гурвалжны хувьд AB = 6, AC = 5, BC = 7 бол cos∠A = ?', 21),
('20230000-0003-0022-0000-000000000001', '20230000-0000-0003-0000-000000000001', 22, 'Бодлого 22', 'A(−1, 2), B(1, 3) цэгүүдийг дайрах шулууны тэгшитгэл бичээрэй.', 22),
('20230000-0003-0023-0000-000000000001', '20230000-0000-0003-0000-000000000001', 23, 'Бодлого 23', 'A(2, 1), B(1, 4) цэгүүдэд төгсгөлтэй AB хэрчмийг ((0, −1), (1, 0)) матрицаар хувиргав. Энэ хувиргалтыг тодорхойл.', 23),
('20230000-0003-0024-0000-000000000001', '20230000-0000-0003-0000-000000000001', 24, 'Бодлого 24', 'C тэгш өнцөг бүхий ABC гурвалжны AB = 10, BC = 8 бол AC катетийг тойруулан эргүүлэхэд үүсэх эргэлтийн биеийн эзлэхүүнийг олоорой.', 24),
('20230000-0003-0025-0000-000000000001', '20230000-0000-0003-0000-000000000001', 25, 'Бодлого 25', '∫ 12(4x + 1)²dx интегралыг бодоорой.', 25),
('20230000-0003-0026-0000-000000000001', '20230000-0000-0003-0000-000000000001', 26, 'Бодлого 26', '3, 7, 12, 13, 20 өгөгдлийн дисперсийг олоорой.', 26),
('20230000-0003-0027-0000-000000000001', '20230000-0000-0003-0000-000000000001', 27, 'Бодлого 27', 'Бат, Болд нар гурван найзтайгаа нэг эгнээнд жагсах болжээ. Бат, Болдын хэн нь ч захад зогсохгүй байх боломжийн тоог ол.', 27),
('20230000-0003-0028-0000-000000000001', '20230000-0000-0003-0000-000000000001', 28, 'Бодлого 28', '∫₀^(π/2) (2 + cosx)dx интегралыг бодоорой.', 28),
('20230000-0003-0029-0000-000000000001', '20230000-0000-0003-0000-000000000001', 29, 'Бодлого 29', 'Хэрэв sinα − cosα = 1/5 бол sin³α − cos³α = ?', 29),
('20230000-0003-0030-0000-000000000001', '20230000-0000-0003-0000-000000000001', 30, 'Бодлого 30', '|3x + 2| > |5 − x| тэнцэтгэл бишийг бодоорой.', 30),
('20230000-0003-0031-0000-000000000001', '20230000-0000-0003-0000-000000000001', 31, 'Бодлого 31', 'Хөл бөмбөгийн дугуйланд 19 сурагч хамрагдсан ба тэдгээрийг нас, насаар нь ангилсныг давтамжийн хүснэгтээр харуулав. Хэрэв тэдгээрийн дундаж нас 11 бол [10; 12[ настай хэдэн сурагч дугуйланд хамрагдсан бэ?', 31),
('20230000-0003-0032-0000-000000000001', '20230000-0000-0003-0000-000000000001', 32, 'Бодлого 32', 'y = x² параболыг шүргэх бөгөөд A(1, 0) цэгийг дайрах эерэг налалттай шулууны тэгшитгэл бичээрэй.', 32),
('20230000-0003-0033-0000-000000000001', '20230000-0000-0003-0000-000000000001', 33, 'Бодлого 33', 'ABC тэгш өнцөгт гурвалжинд CD өндөр татав. Хэрэв AD = 5, BC = 6 бол x = ?', 33),
('20230000-0003-0034-0000-000000000001', '20230000-0000-0003-0000-000000000001', 34, 'Бодлого 34', 'P(x) = x³ + ax² − bx + 6 олон гишүүнт нь (x − 2) олон гишүүнтэд үлдэгдэлгүй хуваагдах бөгөөд (x + 1) ба (x − 1) олон гишүүнтүүдэд хуваахад ижил үлдэгдэл өгдөг бол a, b тоог олоорой.', 34),
('20230000-0003-0035-0000-000000000001', '20230000-0000-0003-0000-000000000001', 35, 'Бодлого 35', 'f(x) = 2x³ + bx² − cx + d функц x = −2, x = 1 цэгүүдэд экстремумтэй ба максимум утга нь 15 бол минимум утгыг ол.', 35),
('20230000-0003-0036-0000-000000000001', '20230000-0000-0003-0000-000000000001', 36, 'Бодлого 36', 'A = ((1, b), (c, −3)) матрицын тодорхойлогч нь 1 бол A³ = pA + qE байх (p, q) тоог олоорой.', 36),
('20230000-0003-0037-0000-000000000001', '20230000-0000-0003-0000-000000000002', 37, 'Бодлого 2.1', 'f(x) = x² − px + q функц өгөв.', 37),
('20230000-0003-0038-0000-000000000001', '20230000-0000-0003-0000-000000000002', 38, 'Бодлого 2.2', 'ABCD параллелограммын DC талын дундаж цэг K, AC диагональ KB хэрчмийн огтлолцлын цэг L байв.', 38),
('20230000-0003-0039-0000-000000000001', '20230000-0000-0003-0000-000000000002', 39, 'Бодлого 2.3', '2 улаан, 3 цагаан бөмбөгтэй уутнаас бөмбөгнүүдийг нэг нэгээр нь буцааж хийхгүйгээр авч байв.', 39),
('20230000-0003-0040-0000-000000000001', '20230000-0000-0003-0000-000000000002', 40, 'Бодлого 2.4', 'y = 4x − x² парабол ба y = kx (k > 0) шулуунаар хүрээлэгдэх дүрсийн талбайг S гэе.', 40);

-- 4. QUESTIONS
INSERT INTO mock_test_questions (id, problem_id, question_number, question_text, explanation, points, order_index) VALUES
('20230000-0006-0001-0000-000000000001', '20230000-0003-0001-0000-000000000001', '1', 'Утгыг олоорой. √(1 64/225) =', '√(289/225) = 17/15 = 1(2/15)', 1, 1),
('20230000-0006-0002-0000-000000000001', '20230000-0003-0002-0000-000000000001', '2', 'M(3, 4) цэгээс Ox тэнхлэг хүртэлх зайг олоорой.', 'Ox тэнхлэг хүртэлх зай = |y| = 4', 1, 1),
('20230000-0006-0003-0000-000000000001', '20230000-0003-0003-0000-000000000001', '3', 'Эсрэг векторыг олоорой.', 'Эсрэг вектор нь урт ижил, чиглэл эсрэг.', 1, 1),
('20230000-0006-0004-0000-000000000001', '20230000-0003-0004-0000-000000000001', '4', 'Дэд олонлогийг олоорой.', '{4, 8, 9} нь A-ийн дэд олонлог.', 1, 1),
('20230000-0006-0005-0000-000000000001', '20230000-0003-0005-0000-000000000001', '5', '(3 + i)² =', '(3+i)² = 9 + 6i + i² = 8 + 6i', 1, 1),
('20230000-0006-0006-0000-000000000001', '20230000-0003-0006-0000-000000000001', '6', 'a тоог олоорой.', '1/3 + 1/2 + a = 1, a = 1/6', 1, 1),
('20230000-0006-0007-0000-000000000001', '20230000-0003-0007-0000-000000000001', '7', 'Өсөх завсрыг олоорой.', '(−∞; +∞)', 1, 1),
('20230000-0006-0008-0000-000000000001', '20230000-0003-0008-0000-000000000001', '8', '∠ABC = ?', '∠ACB = 90°, ∠ABC = 55°', 1, 1),
('20230000-0006-0009-0000-000000000001', '20230000-0003-0009-0000-000000000001', '9', 'Дээд квартилийг олоорой.', 'Q3 = 13', 2, 1),
('20230000-0006-0010-0000-000000000001', '20230000-0003-0010-0000-000000000001', '10', 'log₃(x − 1) < 2', '1 < x < 10', 2, 1),
('20230000-0006-0011-0000-000000000001', '20230000-0003-0011-0000-000000000001', '11', 'Нийлбэрийг ол.', '240', 2, 1),
('20230000-0006-0012-0000-000000000001', '20230000-0003-0012-0000-000000000001', '12', 'tg3α − cos4α =', 'tg45° − cos60° = 1/2', 2, 1),
('20230000-0006-0013-0000-000000000001', '20230000-0003-0013-0000-000000000001', '13', 'a тоог олоорой.', 'a = 5', 2, 1),
('20230000-0006-0014-0000-000000000001', '20230000-0003-0014-0000-000000000001', '14', 'Илэрхийллийн утгыг ол.', '1/4', 2, 1),
('20230000-0006-0015-0000-000000000001', '20230000-0003-0015-0000-000000000001', '15', '2-р эрэмбийн уламжлалыг ол.', '9e^(−3x)', 2, 1),
('20230000-0006-0016-0000-000000000001', '20230000-0003-0016-0000-000000000001', '16', 'Магадлалыг олоорой.', '2/3', 2, 1),
('20230000-0006-0017-0000-000000000001', '20230000-0003-0017-0000-000000000001', '17', 'x = ?', 'x = ±2√5', 2, 1),
('20230000-0006-0018-0000-000000000001', '20230000-0003-0018-0000-000000000001', '18', 'c тоог олоорой.', 'c = 10', 2, 1),
('20230000-0006-0019-0000-000000000001', '20230000-0003-0019-0000-000000000001', '19', 'Харгалзуулаарай.', 'Ic, IIb, IIIa', 2, 1),
('20230000-0006-0020-0000-000000000001', '20230000-0003-0020-0000-000000000001', '20', 'x тоог олоорой.', 'x = 2; −3', 2, 1),
('20230000-0006-0021-0000-000000000001', '20230000-0003-0021-0000-000000000001', '21', 'cos∠A = ?', '1/5', 2, 1),
('20230000-0006-0022-0000-000000000001', '20230000-0003-0022-0000-000000000001', '22', 'Шулууны тэгшитгэл.', 'x − 2y + 5 = 0', 2, 1),
('20230000-0006-0023-0000-000000000001', '20230000-0003-0023-0000-000000000001', '23', 'Хувиргалтыг тодорхойл.', '90° эргүүлэлт', 2, 1),
('20230000-0006-0024-0000-000000000001', '20230000-0003-0024-0000-000000000001', '24', 'Эзлэхүүнийг олоорой.', '128π', 2, 1),
('20230000-0006-0025-0000-000000000001', '20230000-0003-0025-0000-000000000001', '25', 'Интегралыг бод.', '(4x+1)³ + C', 2, 1),
('20230000-0006-0026-0000-000000000001', '20230000-0003-0026-0000-000000000001', '26', 'Дисперсийг ол.', '33.2', 2, 1),
('20230000-0006-0027-0000-000000000001', '20230000-0003-0027-0000-000000000001', '27', 'Боломжийн тоог ол.', '36', 2, 1),
('20230000-0006-0028-0000-000000000001', '20230000-0003-0028-0000-000000000001', '28', 'Интегралыг бод.', 'π + 1', 2, 1),
('20230000-0006-0029-0000-000000000001', '20230000-0003-0029-0000-000000000001', '29', 'sin³α − cos³α = ?', '37/125', 3, 1),
('20230000-0006-0030-0000-000000000001', '20230000-0003-0030-0000-000000000001', '30', 'Тэнцэтгэл биш.', '(−∞; −7/2) ∪ (3/4; +∞)', 3, 1),
('20230000-0006-0031-0000-000000000001', '20230000-0003-0031-0000-000000000001', '31', 'Хэдэн сурагч?', '4', 3, 1),
('20230000-0006-0032-0000-000000000001', '20230000-0003-0032-0000-000000000001', '32', 'Шулууны тэгшитгэл.', 'y = 2x − 1', 3, 1),
('20230000-0006-0033-0000-000000000001', '20230000-0003-0033-0000-000000000001', '33', 'x = ?', '3√5', 3, 1),
('20230000-0006-0034-0000-000000000001', '20230000-0003-0034-0000-000000000001', '34', 'a, b тоог ол.', 'a = −3, b = 1', 3, 1),
('20230000-0006-0035-0000-000000000001', '20230000-0003-0035-0000-000000000001', '35', 'Минимум утгыг ол.', '−18', 3, 1),
('20230000-0006-0036-0000-000000000001', '20230000-0003-0036-0000-000000000001', '36', '(p, q) тоог ол.', 'p = −3, q = 1', 3, 1),
('20230000-0006-0037-0000-000000000001', '20230000-0003-0037-0000-000000000001', '2.1', 'f(x) = x² − px + q', 'a=6, b=8, c=3, d=2, e=5, f=4, g=8', 7, 1),
('20230000-0006-0038-0000-000000000001', '20230000-0003-0038-0000-000000000001', '2.2', 'Параллелограмм.', 'a=1, b=2, c=2, d=1, e=2, f=2, g=4, h=3', 7, 1),
('20230000-0006-0039-0000-000000000001', '20230000-0003-0039-0000-000000000001', '2.3', 'Бөмбөгний туршилт.', 'a=2, b=4, c=5, d=6, e=1, f=0, g=1, h=3', 7, 1),
('20230000-0006-0040-0000-000000000001', '20230000-0003-0040-0000-000000000001', '2.4', 'Талбай.', 'a=3, b=2, c=4, d=4, e=6, f=1, g=2', 7, 1);

-- 5. OPTIONS (Зөв хариу: 1-D, 2-C, 3-E, 4-B, 5-B, 6-B, 7-D, 8-D, 9-A, 10-A, 11-E, 12-E, 13-D, 14-C, 15-B, 16-D, 17-E, 18-D, 19-A, 20-D, 21-C, 22-E, 23-A, 24-D, 25-C, 26-B, 27-D, 28-E, 29-A, 30-C, 31-D, 32-B, 33-A, 34-D, 35-D, 36-C)
INSERT INTO mock_test_options (id, question_id, option_text, is_correct, order_index) VALUES
-- Бодлого 1 (Зөв: D)
('20230000-0007-0001-0001-000000000001', '20230000-0006-0001-0000-000000000001', '1(8/25)', false, 0),
('20230000-0007-0001-0002-000000000001', '20230000-0006-0001-0000-000000000001', '1(8/15)', false, 1),
('20230000-0007-0001-0003-000000000001', '20230000-0006-0001-0000-000000000001', '8/15', false, 2),
('20230000-0007-0001-0004-000000000001', '20230000-0006-0001-0000-000000000001', '1(2/15)', true, 3),
('20230000-0007-0001-0005-000000000001', '20230000-0006-0001-0000-000000000001', '1(4/25)', false, 4),
-- Бодлого 2 (Зөв: C)
('20230000-0007-0002-0001-000000000001', '20230000-0006-0002-0000-000000000001', '5', false, 0),
('20230000-0007-0002-0002-000000000001', '20230000-0006-0002-0000-000000000001', '3', false, 1),
('20230000-0007-0002-0003-000000000001', '20230000-0006-0002-0000-000000000001', '4', true, 2),
('20230000-0007-0002-0004-000000000001', '20230000-0006-0002-0000-000000000001', '7', false, 3),
('20230000-0007-0002-0005-000000000001', '20230000-0006-0002-0000-000000000001', '3.5', false, 4),
-- Бодлого 3 (Зөв: E)
('20230000-0007-0003-0001-000000000001', '20230000-0006-0003-0000-000000000001', 'A', false, 0),
('20230000-0007-0003-0002-000000000001', '20230000-0006-0003-0000-000000000001', 'B', false, 1),
('20230000-0007-0003-0003-000000000001', '20230000-0006-0003-0000-000000000001', 'C', false, 2),
('20230000-0007-0003-0004-000000000001', '20230000-0006-0003-0000-000000000001', 'D', false, 3),
('20230000-0007-0003-0005-000000000001', '20230000-0006-0003-0000-000000000001', 'E', true, 4),
-- Бодлого 4 (Зөв: B)
('20230000-0007-0004-0001-000000000001', '20230000-0006-0004-0000-000000000001', '{3, 5, 7}', false, 0),
('20230000-0007-0004-0002-000000000001', '20230000-0006-0004-0000-000000000001', '{4, 8, 9}', true, 1),
('20230000-0007-0004-0003-000000000001', '20230000-0006-0004-0000-000000000001', '{5, 6, 7, 0}', false, 2),
('20230000-0007-0004-0004-000000000001', '20230000-0006-0004-0000-000000000001', '{4, 10}', false, 3),
('20230000-0007-0004-0005-000000000001', '20230000-0006-0004-0000-000000000001', '{4, 4.5, 5}', false, 4),
-- Бодлого 5 (Зөв: B)
('20230000-0007-0005-0001-000000000001', '20230000-0006-0005-0000-000000000001', '9 + 6i', false, 0),
('20230000-0007-0005-0002-000000000001', '20230000-0006-0005-0000-000000000001', '8 + 6i', true, 1),
('20230000-0007-0005-0003-000000000001', '20230000-0006-0005-0000-000000000001', '10 + 6i', false, 2),
('20230000-0007-0005-0004-000000000001', '20230000-0006-0005-0000-000000000001', '8', false, 3),
('20230000-0007-0005-0005-000000000001', '20230000-0006-0005-0000-000000000001', '10', false, 4),
-- Бодлого 6 (Зөв: B)
('20230000-0007-0006-0001-000000000001', '20230000-0006-0006-0000-000000000001', '2/3', false, 0),
('20230000-0007-0006-0002-000000000001', '20230000-0006-0006-0000-000000000001', '1/6', true, 1),
('20230000-0007-0006-0003-000000000001', '20230000-0006-0006-0000-000000000001', '1/3', false, 2),
('20230000-0007-0006-0004-000000000001', '20230000-0006-0006-0000-000000000001', '5/6', false, 3),
('20230000-0007-0006-0005-000000000001', '20230000-0006-0006-0000-000000000001', '1/4', false, 4),
-- Бодлого 7 (Зөв: D)
('20230000-0007-0007-0001-000000000001', '20230000-0006-0007-0000-000000000001', '(−∞; 1/2)', false, 0),
('20230000-0007-0007-0002-000000000001', '20230000-0006-0007-0000-000000000001', '(2; +∞)', false, 1),
('20230000-0007-0007-0003-000000000001', '20230000-0006-0007-0000-000000000001', '(1/2; +∞)', false, 2),
('20230000-0007-0007-0004-000000000001', '20230000-0006-0007-0000-000000000001', '(−∞; +∞)', true, 3),
('20230000-0007-0007-0005-000000000001', '20230000-0006-0007-0000-000000000001', '(0; 2)', false, 4),
-- Бодлого 8 (Зөв: D)
('20230000-0007-0008-0001-000000000001', '20230000-0006-0008-0000-000000000001', '65°', false, 0),
('20230000-0007-0008-0002-000000000001', '20230000-0006-0008-0000-000000000001', '17.5°', false, 1),
('20230000-0007-0008-0003-000000000001', '20230000-0006-0008-0000-000000000001', '70°', false, 2),
('20230000-0007-0008-0004-000000000001', '20230000-0006-0008-0000-000000000001', '55°', true, 3),
('20230000-0007-0008-0005-000000000001', '20230000-0006-0008-0000-000000000001', '90°', false, 4),
-- Бодлого 9 (Зөв: A)
('20230000-0007-0009-0001-000000000001', '20230000-0006-0009-0000-000000000001', '13', true, 0),
('20230000-0007-0009-0002-000000000001', '20230000-0006-0009-0000-000000000001', '15', false, 1),
('20230000-0007-0009-0003-000000000001', '20230000-0006-0009-0000-000000000001', '8', false, 2),
('20230000-0007-0009-0004-000000000001', '20230000-0006-0009-0000-000000000001', '12', false, 3),
('20230000-0007-0009-0005-000000000001', '20230000-0006-0009-0000-000000000001', '3', false, 4),
-- Бодлого 10 (Зөв: A)
('20230000-0007-0010-0001-000000000001', '20230000-0006-0010-0000-000000000001', '1 < x < 10', true, 0),
('20230000-0007-0010-0002-000000000001', '20230000-0006-0010-0000-000000000001', 'x < 10', false, 1),
('20230000-0007-0010-0003-000000000001', '20230000-0006-0010-0000-000000000001', '1 < x < 9', false, 2),
('20230000-0007-0010-0004-000000000001', '20230000-0006-0010-0000-000000000001', '1 < x < 7', false, 3),
('20230000-0007-0010-0005-000000000001', '20230000-0006-0010-0000-000000000001', 'x < 7', false, 4),
-- Бодлого 11 (Зөв: E)
('20230000-0007-0011-0001-000000000001', '20230000-0006-0011-0000-000000000001', '180', false, 0),
('20230000-0007-0011-0002-000000000001', '20230000-0006-0011-0000-000000000001', '150', false, 1),
('20230000-0007-0011-0003-000000000001', '20230000-0006-0011-0000-000000000001', '450', false, 2),
('20230000-0007-0011-0004-000000000001', '20230000-0006-0011-0000-000000000001', '120', false, 3),
('20230000-0007-0011-0005-000000000001', '20230000-0006-0011-0000-000000000001', '240', true, 4),
-- Бодлого 12 (Зөв: E)
('20230000-0007-0012-0001-000000000001', '20230000-0006-0012-0000-000000000001', '√3/2', false, 0),
('20230000-0007-0012-0002-000000000001', '20230000-0006-0012-0000-000000000001', '(1−√3)/2', false, 1),
('20230000-0007-0012-0003-000000000001', '20230000-0006-0012-0000-000000000001', '3/2', false, 2),
('20230000-0007-0012-0004-000000000001', '20230000-0006-0012-0000-000000000001', '(2√3−1)/2', false, 3),
('20230000-0007-0012-0005-000000000001', '20230000-0006-0012-0000-000000000001', '1/2', true, 4),
-- Бодлого 13 (Зөв: D)
('20230000-0007-0013-0001-000000000001', '20230000-0006-0013-0000-000000000001', '3', false, 0),
('20230000-0007-0013-0002-000000000001', '20230000-0006-0013-0000-000000000001', '6', false, 1),
('20230000-0007-0013-0003-000000000001', '20230000-0006-0013-0000-000000000001', '4', false, 2),
('20230000-0007-0013-0004-000000000001', '20230000-0006-0013-0000-000000000001', '5', true, 3),
('20230000-0007-0013-0005-000000000001', '20230000-0006-0013-0000-000000000001', '7', false, 4),
-- Бодлого 14 (Зөв: C)
('20230000-0007-0014-0001-000000000001', '20230000-0006-0014-0000-000000000001', '1/10', false, 0),
('20230000-0007-0014-0002-000000000001', '20230000-0006-0014-0000-000000000001', '1/5', false, 1),
('20230000-0007-0014-0003-000000000001', '20230000-0006-0014-0000-000000000001', '1/4', true, 2),
('20230000-0007-0014-0004-000000000001', '20230000-0006-0014-0000-000000000001', '1/3', false, 3),
('20230000-0007-0014-0005-000000000001', '20230000-0006-0014-0000-000000000001', '1/2', false, 4),
-- Бодлого 15 (Зөв: B)
('20230000-0007-0015-0001-000000000001', '20230000-0006-0015-0000-000000000001', '−9e^(−3x)', false, 0),
('20230000-0007-0015-0002-000000000001', '20230000-0006-0015-0000-000000000001', '9e^(−3x)', true, 1),
('20230000-0007-0015-0003-000000000001', '20230000-0006-0015-0000-000000000001', 'e^(−3x)', false, 2),
('20230000-0007-0015-0004-000000000001', '20230000-0006-0015-0000-000000000001', '−3e^(−3x)', false, 3),
('20230000-0007-0015-0005-000000000001', '20230000-0006-0015-0000-000000000001', '3e^(−3x)', false, 4),
-- Бодлого 16 (Зөв: D)
('20230000-0007-0016-0001-000000000001', '20230000-0006-0016-0000-000000000001', '1/3', false, 0),
('20230000-0007-0016-0002-000000000001', '20230000-0006-0016-0000-000000000001', '5/6', false, 1),
('20230000-0007-0016-0003-000000000001', '20230000-0006-0016-0000-000000000001', '1/2', false, 2),
('20230000-0007-0016-0004-000000000001', '20230000-0006-0016-0000-000000000001', '2/3', true, 3),
('20230000-0007-0016-0005-000000000001', '20230000-0006-0016-0000-000000000001', '1/6', false, 4),
-- Бодлого 17 (Зөв: E)
('20230000-0007-0017-0001-000000000001', '20230000-0006-0017-0000-000000000001', '±√22', false, 0),
('20230000-0007-0017-0002-000000000001', '20230000-0006-0017-0000-000000000001', '√22', false, 1),
('20230000-0007-0017-0003-000000000001', '20230000-0006-0017-0000-000000000001', '2√5', false, 2),
('20230000-0007-0017-0004-000000000001', '20230000-0006-0017-0000-000000000001', '4', false, 3),
('20230000-0007-0017-0005-000000000001', '20230000-0006-0017-0000-000000000001', '±2√5', true, 4),
-- Бодлого 18 (Зөв: D)
('20230000-0007-0018-0001-000000000001', '20230000-0006-0018-0000-000000000001', '8', false, 0),
('20230000-0007-0018-0002-000000000001', '20230000-0006-0018-0000-000000000001', '−8', false, 1),
('20230000-0007-0018-0003-000000000001', '20230000-0006-0018-0000-000000000001', '−10', false, 2),
('20230000-0007-0018-0004-000000000001', '20230000-0006-0018-0000-000000000001', '10', true, 3),
('20230000-0007-0018-0005-000000000001', '20230000-0006-0018-0000-000000000001', '9', false, 4),
-- Бодлого 19 (Зөв: A)
('20230000-0007-0019-0001-000000000001', '20230000-0006-0019-0000-000000000001', 'Ic, IIb, IIIa', true, 0),
('20230000-0007-0019-0002-000000000001', '20230000-0006-0019-0000-000000000001', 'Ic, IIa, IIIb', false, 1),
('20230000-0007-0019-0003-000000000001', '20230000-0006-0019-0000-000000000001', 'Ib, IIc, IIIa', false, 2),
('20230000-0007-0019-0004-000000000001', '20230000-0006-0019-0000-000000000001', 'Ia, IIb, IIIc', false, 3),
('20230000-0007-0019-0005-000000000001', '20230000-0006-0019-0000-000000000001', 'Ib, IIa, IIIc', false, 4),
-- Бодлого 20 (Зөв: D)
('20230000-0007-0020-0001-000000000001', '20230000-0006-0020-0000-000000000001', '−2; 3', false, 0),
('20230000-0007-0020-0002-000000000001', '20230000-0006-0020-0000-000000000001', '2', false, 1),
('20230000-0007-0020-0003-000000000001', '20230000-0006-0020-0000-000000000001', '−3', false, 2),
('20230000-0007-0020-0004-000000000001', '20230000-0006-0020-0000-000000000001', '2; −3', true, 3),
('20230000-0007-0020-0005-000000000001', '20230000-0006-0020-0000-000000000001', '−2', false, 4),
-- Бодлого 21 (Зөв: C)
('20230000-0007-0021-0001-000000000001', '20230000-0006-0021-0000-000000000001', '11/30', false, 0),
('20230000-0007-0021-0002-000000000001', '20230000-0006-0021-0000-000000000001', '2/5', false, 1),
('20230000-0007-0021-0003-000000000001', '20230000-0006-0021-0000-000000000001', '1/5', true, 2),
('20230000-0007-0021-0004-000000000001', '20230000-0006-0021-0000-000000000001', '1/30', false, 3),
('20230000-0007-0021-0005-000000000001', '20230000-0006-0021-0000-000000000001', '3/5', false, 4),
-- Бодлого 22 (Зөв: E)
('20230000-0007-0022-0001-000000000001', '20230000-0006-0022-0000-000000000001', '2x − 3y + 7 = 0', false, 0),
('20230000-0007-0022-0002-000000000001', '20230000-0006-0022-0000-000000000001', 'x + 2y − 3 = 0', false, 1),
('20230000-0007-0022-0003-000000000001', '20230000-0006-0022-0000-000000000001', '2x + 3y − 4 = 0', false, 2),
('20230000-0007-0022-0004-000000000001', '20230000-0006-0022-0000-000000000001', 'x + 2y − 7 = 0', false, 3),
('20230000-0007-0022-0005-000000000001', '20230000-0006-0022-0000-000000000001', 'x − 2y + 5 = 0', true, 4),
-- Бодлого 23 (Зөв: A)
('20230000-0007-0023-0001-000000000001', '20230000-0006-0023-0000-000000000001', 'O(0,0) цэгт төвтэй 90° өнцгийн эргүүлэлт', true, 0),
('20230000-0007-0023-0002-000000000001', '20230000-0006-0023-0000-000000000001', 'O(0,0) цэгт төвтэй −90° өнцгийн эргүүлэлт', false, 1),
('20230000-0007-0023-0003-000000000001', '20230000-0006-0023-0000-000000000001', 'Ox тэнхлэгийн хувь дахь тэгш хэм', false, 2),
('20230000-0007-0023-0004-000000000001', '20230000-0006-0023-0000-000000000001', 'Oy тэнхлэгийн хувь дахь тэгш хэм', false, 3),
('20230000-0007-0023-0005-000000000001', '20230000-0006-0023-0000-000000000001', 'y = x шулууны хувь дахь тэгш хэм', false, 4),
-- Бодлого 24 (Зөв: D)
('20230000-0007-0024-0001-000000000001', '20230000-0006-0024-0000-000000000001', '288π', false, 0),
('20230000-0007-0024-0002-000000000001', '20230000-0006-0024-0000-000000000001', '96π', false, 1),
('20230000-0007-0024-0003-000000000001', '20230000-0006-0024-0000-000000000001', '384π', false, 2),
('20230000-0007-0024-0004-000000000001', '20230000-0006-0024-0000-000000000001', '128π', true, 3),
('20230000-0007-0024-0005-000000000001', '20230000-0006-0024-0000-000000000001', '192π', false, 4),
-- Бодлого 25 (Зөв: C)
('20230000-0007-0025-0001-000000000001', '20230000-0006-0025-0000-000000000001', '3(4x+1)³ + C', false, 0),
('20230000-0007-0025-0002-000000000001', '20230000-0006-0025-0000-000000000001', '4(4x+1)³ + C', false, 1),
('20230000-0007-0025-0003-000000000001', '20230000-0006-0025-0000-000000000001', '(4x+1)³ + C', true, 2),
('20230000-0007-0025-0004-000000000001', '20230000-0006-0025-0000-000000000001', '(4x+1)³/12 + C', false, 3),
('20230000-0007-0025-0005-000000000001', '20230000-0006-0025-0000-000000000001', '(4x+1)³/3 + C', false, 4),
-- Бодлого 26 (Зөв: B)
('20230000-0007-0026-0001-000000000001', '20230000-0006-0026-0000-000000000001', '33', false, 0),
('20230000-0007-0026-0002-000000000001', '20230000-0006-0026-0000-000000000001', '33.2', true, 1),
('20230000-0007-0026-0003-000000000001', '20230000-0006-0026-0000-000000000001', '37.2', false, 2),
('20230000-0007-0026-0004-000000000001', '20230000-0006-0026-0000-000000000001', '12', false, 3),
('20230000-0007-0026-0005-000000000001', '20230000-0006-0026-0000-000000000001', '37.5', false, 4),
-- Бодлого 27 (Зөв: D)
('20230000-0007-0027-0001-000000000001', '20230000-0006-0027-0000-000000000001', '18', false, 0),
('20230000-0007-0027-0002-000000000001', '20230000-0006-0027-0000-000000000001', '30', false, 1),
('20230000-0007-0027-0003-000000000001', '20230000-0006-0027-0000-000000000001', '24', false, 2),
('20230000-0007-0027-0004-000000000001', '20230000-0006-0027-0000-000000000001', '36', true, 3),
('20230000-0007-0027-0005-000000000001', '20230000-0006-0027-0000-000000000001', '20', false, 4),
-- Бодлого 28 (Зөв: E)
('20230000-0007-0028-0001-000000000001', '20230000-0006-0028-0000-000000000001', 'π/2 + 1', false, 0),
('20230000-0007-0028-0002-000000000001', '20230000-0006-0028-0000-000000000001', 'π − 1', false, 1),
('20230000-0007-0028-0003-000000000001', '20230000-0006-0028-0000-000000000001', 'π', false, 2),
('20230000-0007-0028-0004-000000000001', '20230000-0006-0028-0000-000000000001', 'π/2 − 1', false, 3),
('20230000-0007-0028-0005-000000000001', '20230000-0006-0028-0000-000000000001', 'π + 1', true, 4),
-- Бодлого 29 (Зөв: A)
('20230000-0007-0029-0001-000000000001', '20230000-0006-0029-0000-000000000001', '37/125', true, 0),
('20230000-0007-0029-0002-000000000001', '20230000-0006-0029-0000-000000000001', '13/125', false, 1),
('20230000-0007-0029-0003-000000000001', '20230000-0006-0029-0000-000000000001', '1/125', false, 2),
('20230000-0007-0029-0004-000000000001', '20230000-0006-0029-0000-000000000001', '49/125', false, 3),
('20230000-0007-0029-0005-000000000001', '20230000-0006-0029-0000-000000000001', '51/125', false, 4),
-- Бодлого 30 (Зөв: C)
('20230000-0007-0030-0001-000000000001', '20230000-0006-0030-0000-000000000001', '(−2/7; 4/3)', false, 0),
('20230000-0007-0030-0002-000000000001', '20230000-0006-0030-0000-000000000001', '(−7/2; 3/4)', false, 1),
('20230000-0007-0030-0003-000000000001', '20230000-0006-0030-0000-000000000001', '(−∞; −7/2) ∪ (3/4; +∞)', true, 2),
('20230000-0007-0030-0004-000000000001', '20230000-0006-0030-0000-000000000001', '(−∞; −2/7) ∪ (4/3; +∞)', false, 3),
('20230000-0007-0030-0005-000000000001', '20230000-0006-0030-0000-000000000001', '(−∞; −3/4) ∪ (7/2; +∞)', false, 4),
-- Бодлого 31 (Зөв: D)
('20230000-0007-0031-0001-000000000001', '20230000-0006-0031-0000-000000000001', '8', false, 0),
('20230000-0007-0031-0002-000000000001', '20230000-0006-0031-0000-000000000001', '6', false, 1),
('20230000-0007-0031-0003-000000000001', '20230000-0006-0031-0000-000000000001', '5', false, 2),
('20230000-0007-0031-0004-000000000001', '20230000-0006-0031-0000-000000000001', '4', true, 3),
('20230000-0007-0031-0005-000000000001', '20230000-0006-0031-0000-000000000001', '2', false, 4),
-- Бодлого 32 (Зөв: B)
('20230000-0007-0032-0001-000000000001', '20230000-0006-0032-0000-000000000001', 'y = x − 1', false, 0),
('20230000-0007-0032-0002-000000000001', '20230000-0006-0032-0000-000000000001', 'y = 2x − 1', true, 1),
('20230000-0007-0032-0003-000000000001', '20230000-0006-0032-0000-000000000001', 'y = 2x − 2', false, 2),
('20230000-0007-0032-0004-000000000001', '20230000-0006-0032-0000-000000000001', 'y = 4x − 2', false, 3),
('20230000-0007-0032-0005-000000000001', '20230000-0006-0032-0000-000000000001', 'y = 4x − 4', false, 4),
-- Бодлого 33 (Зөв: A)
('20230000-0007-0033-0001-000000000001', '20230000-0006-0033-0000-000000000001', '3√5', true, 0),
('20230000-0007-0033-0002-000000000001', '20230000-0006-0033-0000-000000000001', '4', false, 1),
('20230000-0007-0033-0003-000000000001', '20230000-0006-0033-0000-000000000001', '10', false, 2),
('20230000-0007-0033-0004-000000000001', '20230000-0006-0033-0000-000000000001', '2√5', false, 3),
('20230000-0007-0033-0005-000000000001', '20230000-0006-0033-0000-000000000001', '6', false, 4),
-- Бодлого 34 (Зөв: D)
('20230000-0007-0034-0001-000000000001', '20230000-0006-0034-0000-000000000001', 'a = −4, b = 1', false, 0),
('20230000-0007-0034-0002-000000000001', '20230000-0006-0034-0000-000000000001', 'a = 3, b = 1', false, 1),
('20230000-0007-0034-0003-000000000001', '20230000-0006-0034-0000-000000000001', 'a = −3, b = −1', false, 2),
('20230000-0007-0034-0004-000000000001', '20230000-0006-0034-0000-000000000001', 'a = −3, b = 1', true, 3),
('20230000-0007-0034-0005-000000000001', '20230000-0006-0034-0000-000000000001', 'a = −4, b = −1', false, 4),
-- Бодлого 35 (Зөв: D)
('20230000-0007-0035-0001-000000000001', '20230000-0006-0035-0000-000000000001', '−15', false, 0),
('20230000-0007-0035-0002-000000000001', '20230000-0006-0035-0000-000000000001', '42', false, 1),
('20230000-0007-0035-0003-000000000001', '20230000-0006-0035-0000-000000000001', '−12', false, 2),
('20230000-0007-0035-0004-000000000001', '20230000-0006-0035-0000-000000000001', '−18', true, 3),
('20230000-0007-0035-0005-000000000001', '20230000-0006-0035-0000-000000000001', '−9', false, 4),
-- Бодлого 36 (Зөв: C)
('20230000-0007-0036-0001-000000000001', '20230000-0006-0036-0000-000000000001', 'p = 3, q = −2', false, 0),
('20230000-0007-0036-0002-000000000001', '20230000-0006-0036-0000-000000000001', 'p = 3, q = 2', false, 1),
('20230000-0007-0036-0003-000000000001', '20230000-0006-0036-0000-000000000001', 'p = −3, q = 1', true, 2),
('20230000-0007-0036-0004-000000000001', '20230000-0006-0036-0000-000000000001', 'p = −3, q = 2', false, 3),
('20230000-0007-0036-0005-000000000001', '20230000-0006-0036-0000-000000000001', 'p = 3, q = 1', false, 4);
