-- =====================================================
-- ЭЕШ 2023 МАТЕМАТИК ХУВИЛБАР D
-- Supabase SQL Insert Statements
-- =====================================================

-- 1. MOCK TEST
INSERT INTO mock_tests (
    id, title, description, time_limit_minutes, total_questions, 
    passing_score_percentage, is_published, category,
    eysh_threshold_500, eysh_threshold_600, eysh_threshold_700, eysh_threshold_800
) VALUES (
    '20230000-0000-0000-0000-000000000004',
    'ЭЕШ 2023 Математик Хувилбар D',
    'Элсэлтийн ерөнхий шалгалт 2023 оны Математикийн хичээлийн Хувилбар D. Нэгдүгээр хэсэг: 36 сонгох даалгавар (72 оноо). Хоёрдугаар хэсэг: 4 нөхөх даалгавар (28 оноо). Нийт 100 оноо.',
    180, 40, 60, true, 'math', 60, 70, 80, 90
);

-- 2. SECTIONS
INSERT INTO mock_test_sections (id, mock_test_id, subject, title, order_index) VALUES
('20230000-0000-0004-0000-000000000001', '20230000-0000-0000-0000-000000000004', 'math', 'Нэгдүгээр хэсэг - Сонгох даалгавар', 1),
('20230000-0000-0004-0000-000000000002', '20230000-0000-0000-0000-000000000004', 'math', 'Хоёрдугаар хэсэг - Нөхөх даалгавар', 2);

-- 3. PROBLEMS
INSERT INTO mock_test_problems (id, section_id, problem_number, title, context, order_index) VALUES
('20230000-0004-0001-0000-000000000001', '20230000-0000-0004-0000-000000000001', 1, 'Бодлого 1', 'Утгыг олоорой. √(1 25/144) =', 1),
('20230000-0004-0002-0000-000000000001', '20230000-0000-0004-0000-000000000001', 2, 'Бодлого 2', 'M(4, 3) цэгээс Ox тэнхлэг хүртэлх зайг олоорой.', 2),
('20230000-0004-0003-0000-000000000001', '20230000-0000-0004-0000-000000000001', 3, 'Бодлого 3', 'Зурагт өгсөн a⃗ векторын эсрэг векторыг олоорой.', 3),
('20230000-0004-0004-0000-000000000001', '20230000-0000-0004-0000-000000000001', 4, 'Бодлого 4', 'A = {1, 2, 3, 4, 5, 6} олонлогийн дэд олонлогийг олоорой.', 4),
('20230000-0004-0005-0000-000000000001', '20230000-0000-0004-0000-000000000001', 5, 'Бодлого 5', 'Хялбарчил. (2 + i)² =', 5),
('20230000-0004-0006-0000-000000000001', '20230000-0000-0004-0000-000000000001', 6, 'Бодлого 6', 'X санамсаргүй хувьсагчийн магадлалын тархалтыг өгөв. a тоог олоорой.', 6),
('20230000-0004-0007-0000-000000000001', '20230000-0000-0004-0000-000000000001', 7, 'Бодлого 7', 'y = 3x − 1 функцийн өсөх завсрыг олоорой.', 7),
('20230000-0004-0008-0000-000000000001', '20230000-0000-0004-0000-000000000001', 8, 'Бодлого 8', 'AB диаметр ба ∠BAC = 58° бол ∠ABC = ?', 8),
('20230000-0004-0009-0000-000000000001', '20230000-0000-0004-0000-000000000001', 9, 'Бодлого 9', '11, 3, 15, 7, 8, 1, 13, 5, 16 өгөгдлийн доод квартилийг олоорой.', 9),
('20230000-0004-0010-0000-000000000001', '20230000-0000-0004-0000-000000000001', 10, 'Бодлого 10', 'Тэнцэтгэл бишийг бодоорой. log₂(x − 1) < 3', 10),
('20230000-0004-0011-0000-000000000001', '20230000-0000-0004-0000-000000000001', 11, 'Бодлого 11', '150 + 151 + ... + 169 − (135 + 136 + ... + 154) =', 11),
('20230000-0004-0012-0000-000000000001', '20230000-0000-0004-0000-000000000001', 12, 'Бодлого 12', 'α = 15° бол tg3α + sin2α =', 12),
('20230000-0004-0013-0000-000000000001', '20230000-0000-0004-0000-000000000001', 13, 'Бодлого 13', 'A(−2, 1) цэгийг M(1, b) цэгийн хувьд тэгш хэмтэйгээр хувиргахад гарах цэг B(a, 2) бол a тоог олоорой.', 13),
('20230000-0004-0014-0000-000000000001', '20230000-0000-0004-0000-000000000001', 14, 'Бодлого 14', 'x = 10, y = 1 үед илэрхийллийн утгыг ол. (5x − 5y)/(x² + 4xy − 5y²) =', 14),
('20230000-0004-0015-0000-000000000001', '20230000-0000-0004-0000-000000000001', 15, 'Бодлого 15', 'y = e^(−2x) функцийн 2-р эрэмбийн уламжлалыг олоорой.', 15),
('20230000-0004-0016-0000-000000000001', '20230000-0000-0004-0000-000000000001', 16, 'Бодлого 16', 'Шоог орхиход тэгш тоогоор эсвэл 4-ийн хуваагч тоогоор буух магадлалыг олоорой.', 16),
('20230000-0004-0017-0000-000000000001', '20230000-0000-0004-0000-000000000001', 17, 'Бодлого 17', 'a⃗ = (x, −1, 1) векторын урт 3 бол x = ?', 17),
('20230000-0004-0018-0000-000000000001', '20230000-0000-0004-0000-000000000001', 18, 'Бодлого 18', 'x² + bx + c = 0 тэгшитгэлийн нэг шийд нь 1 + 2i бол c тоог олоорой.', 18),
('20230000-0004-0019-0000-000000000001', '20230000-0000-0004-0000-000000000001', 19, 'Бодлого 19', 'Тэнцүү тоог олж, харгалзуулаарай. I. 2⁻³ = II. 9ˣ = 27 бол x = ? III. log₈4 =', 19),
('20230000-0004-0020-0000-000000000001', '20230000-0000-0004-0000-000000000001', 20, 'Бодлого 20', 'A = ((x, 2), (6, x+1)) матриц урвуугүй байх x тоог олоорой.', 20),
('20230000-0004-0021-0000-000000000001', '20230000-0000-0004-0000-000000000001', 21, 'Бодлого 21', 'ABC гурвалжны хувьд AB = 4, AC = 5, BC = 6 бол cos∠A = ?', 21),
('20230000-0004-0022-0000-000000000001', '20230000-0000-0004-0000-000000000001', 22, 'Бодлого 22', 'A(−2, 1), B(1, 3) цэгүүдийг дайрах шулууны тэгшитгэл бичээрэй.', 22),
('20230000-0004-0023-0000-000000000001', '20230000-0000-0004-0000-000000000001', 23, 'Бодлого 23', 'A(−2, 1), B(1, 3) цэгүүдэд төгсгөлтэй AB хэрчмийг ((0, 1), (−1, 0)) матрицаар хувиргав. Энэ хувиргалтыг тодорхойл.', 23),
('20230000-0004-0024-0000-000000000001', '20230000-0000-0004-0000-000000000001', 24, 'Бодлого 24', 'C тэгш өнцөг бүхий ABC гурвалжны AB = 13, BC = 12 бол AC катетийг тойруулан эргүүлэхэд үүсэх эргэлтийн биеийн эзлэхүүнийг олоорой.', 24),
('20230000-0004-0025-0000-000000000001', '20230000-0000-0004-0000-000000000001', 25, 'Бодлого 25', '∫ 6(2x − 1)²dx интегралыг бодоорой.', 25),
('20230000-0004-0026-0000-000000000001', '20230000-0000-0004-0000-000000000001', 26, 'Бодлого 26', '4, 6, 15, 11, 24 өгөгдлийн дисперсийг олоорой.', 26),
('20230000-0004-0027-0000-000000000001', '20230000-0000-0004-0000-000000000001', 27, 'Бодлого 27', 'Бат, Болд нар гурван найзтайгаа нэг эгнээнд жагсах болжээ. Бат аль нэг захад нь зогсох ба Болд нөгөө захад нь зогсоогүй байх боломжийн тоог ол.', 27),
('20230000-0004-0028-0000-000000000001', '20230000-0000-0004-0000-000000000001', 28, 'Бодлого 28', '∫₀^(π/2) (2 − sinx)dx интегралыг бодоорой.', 28),
('20230000-0004-0029-0000-000000000001', '20230000-0000-0004-0000-000000000001', 29, 'Бодлого 29', 'Хэрэв sinα + cosα = 1/5 бол sin³α + cos³α = ?', 29),
('20230000-0004-0030-0000-000000000001', '20230000-0000-0004-0000-000000000001', 30, 'Бодлого 30', '|2x + 3| > |4 − x| тэнцэтгэл бишийг бодоорой.', 30),
('20230000-0004-0031-0000-000000000001', '20230000-0000-0004-0000-000000000001', 31, 'Бодлого 31', 'Сагсан бөмбөгийн дугуйланд 18 сурагч хамрагдсан ба тэдгээрийг нас, насаар нь ангилсныг давтамжийн хүснэгтээр харуулав. Хэрэв тэдгээрийн дундаж нас 12 бол [12; 14[ настай хэдэн сурагч дугуйланд хамрагдсан бэ?', 31),
('20230000-0004-0032-0000-000000000001', '20230000-0000-0004-0000-000000000001', 32, 'Бодлого 32', 'y = x² параболыг шүргэх бөгөөд A(2, 0) цэгийг дайрах эерэг налалттай шулууны тэгшитгэл бичээрэй.', 32),
('20230000-0004-0033-0000-000000000001', '20230000-0000-0004-0000-000000000001', 33, 'Бодлого 33', 'ABC тэгш өнцөгт гурвалжинд CD өндөр татав. Хэрэв BD = 6, AC = 4 бол x = ?', 33),
('20230000-0004-0034-0000-000000000001', '20230000-0000-0004-0000-000000000001', 34, 'Бодлого 34', 'P(x) = x³ + ax² − bx + 2 олон гишүүнт нь (x − 1) олон гишүүнтэд үлдэгдэлгүй хуваагдах бөгөөд (x + 2) ба (x − 2) олон гишүүнтүүдэд хуваахад ижил үлдэгдэл өгдөг бол a, b тоог олоорой.', 34),
('20230000-0004-0035-0000-000000000001', '20230000-0000-0004-0000-000000000001', 35, 'Бодлого 35', 'f(x) = 2x³ − bx² − cx + d функц x = −1, x = 2 цэгүүдэд экстремумтэй ба минимум утга нь −15 бол максимум утгыг ол.', 35),
('20230000-0004-0036-0000-000000000001', '20230000-0000-0004-0000-000000000001', 36, 'Бодлого 36', 'A = ((3, b), (c, −1)) матрицын тодорхойлогч нь 1 бол A³ = pA + qE байх (p, q) тоог олоорой.', 36),
('20230000-0004-0037-0000-000000000001', '20230000-0000-0004-0000-000000000002', 37, 'Бодлого 2.1', 'f(x) = x² − px + q функц өгөв.', 37),
('20230000-0004-0038-0000-000000000001', '20230000-0000-0004-0000-000000000002', 38, 'Бодлого 2.2', 'ABCD параллелограммын DC талын дундаж цэг K, AC диагональ KB хэрчмийн огтлолцлын цэг L байв.', 38),
('20230000-0004-0039-0000-000000000001', '20230000-0000-0004-0000-000000000002', 39, 'Бодлого 2.3', '2 улаан, 3 цагаан бөмбөгтэй уутнаас бөмбөгнүүдийг нэг нэгээр нь буцааж хийхгүйгээр авч байв.', 39),
('20230000-0004-0040-0000-000000000001', '20230000-0000-0004-0000-000000000002', 40, 'Бодлого 2.4', 'y = 6x − x² парабол ба y = kx (k > 0) шулуунаар хүрээлэгдэх дүрсийн талбайг S гэе.', 40);

-- 4. QUESTIONS
INSERT INTO mock_test_questions (id, problem_id, question_number, question_text, explanation, points, order_index) VALUES
('20230000-0008-0001-0000-000000000001', '20230000-0004-0001-0000-000000000001', '1', '√(1 25/144) =', '√(169/144) = 13/12 = 1(1/12)', 1, 1),
('20230000-0008-0002-0000-000000000001', '20230000-0004-0002-0000-000000000001', '2', 'Зайг олоорой.', '|y| = 3', 1, 1),
('20230000-0008-0003-0000-000000000001', '20230000-0004-0003-0000-000000000001', '3', 'Эсрэг векторыг олоорой.', 'B', 1, 1),
('20230000-0008-0004-0000-000000000001', '20230000-0004-0004-0000-000000000001', '4', 'Дэд олонлогийг олоорой.', '{1, 4, 6}', 1, 1),
('20230000-0008-0005-0000-000000000001', '20230000-0004-0005-0000-000000000001', '5', '(2 + i)² =', '3 + 4i', 1, 1),
('20230000-0008-0006-0000-000000000001', '20230000-0004-0006-0000-000000000001', '6', 'a тоог олоорой.', '1/2', 1, 1),
('20230000-0008-0007-0000-000000000001', '20230000-0004-0007-0000-000000000001', '7', 'Өсөх завсрыг олоорой.', '(−∞; +∞)', 1, 1),
('20230000-0008-0008-0000-000000000001', '20230000-0004-0008-0000-000000000001', '8', '∠ABC = ?', '32°', 1, 1),
('20230000-0008-0009-0000-000000000001', '20230000-0004-0009-0000-000000000001', '9', 'Доод квартилийг олоорой.', '4', 2, 1),
('20230000-0008-0010-0000-000000000001', '20230000-0004-0010-0000-000000000001', '10', 'log₂(x − 1) < 3', '1 < x < 9', 2, 1),
('20230000-0008-0011-0000-000000000001', '20230000-0004-0011-0000-000000000001', '11', 'Нийлбэрийг ол.', '300', 2, 1),
('20230000-0008-0012-0000-000000000001', '20230000-0004-0012-0000-000000000001', '12', 'tg3α + sin2α =', '3/2', 2, 1),
('20230000-0008-0013-0000-000000000001', '20230000-0004-0013-0000-000000000001', '13', 'a тоог олоорой.', '4', 2, 1),
('20230000-0008-0014-0000-000000000001', '20230000-0004-0014-0000-000000000001', '14', 'Илэрхийллийн утгыг ол.', '1/3', 2, 1),
('20230000-0008-0015-0000-000000000001', '20230000-0004-0015-0000-000000000001', '15', '2-р эрэмбийн уламжлалыг ол.', '4e^(−2x)', 2, 1),
('20230000-0008-0016-0000-000000000001', '20230000-0004-0016-0000-000000000001', '16', 'Магадлалыг олоорой.', '1/2', 2, 1),
('20230000-0008-0017-0000-000000000001', '20230000-0004-0017-0000-000000000001', '17', 'x = ?', '±√7', 2, 1),
('20230000-0008-0018-0000-000000000001', '20230000-0004-0018-0000-000000000001', '18', 'c тоог олоорой.', '5', 2, 1),
('20230000-0008-0019-0000-000000000001', '20230000-0004-0019-0000-000000000001', '19', 'Харгалзуулаарай.', 'Ib, IIa, IIIc', 2, 1),
('20230000-0008-0020-0000-000000000001', '20230000-0004-0020-0000-000000000001', '20', 'x тоог олоорой.', '3; −4', 2, 1),
('20230000-0008-0021-0000-000000000001', '20230000-0004-0021-0000-000000000001', '21', 'cos∠A = ?', '1/8', 2, 1),
('20230000-0008-0022-0000-000000000001', '20230000-0004-0022-0000-000000000001', '22', 'Шулууны тэгшитгэл.', '2x − 3y + 7 = 0', 2, 1),
('20230000-0008-0023-0000-000000000001', '20230000-0004-0023-0000-000000000001', '23', 'Хувиргалтыг тодорхойл.', '−90° эргүүлэлт', 2, 1),
('20230000-0008-0024-0000-000000000001', '20230000-0004-0024-0000-000000000001', '24', 'Эзлэхүүнийг олоорой.', '240π', 2, 1),
('20230000-0008-0025-0000-000000000001', '20230000-0004-0025-0000-000000000001', '25', 'Интегралыг бод.', '(2x−1)³ + C', 2, 1),
('20230000-0008-0026-0000-000000000001', '20230000-0004-0026-0000-000000000001', '26', 'Дисперсийг ол.', '50.8', 2, 1),
('20230000-0008-0027-0000-000000000001', '20230000-0004-0027-0000-000000000001', '27', 'Боломжийн тоог ол.', '36', 2, 1),
('20230000-0008-0028-0000-000000000001', '20230000-0004-0028-0000-000000000001', '28', 'Интегралыг бод.', 'π − 1', 2, 1),
('20230000-0008-0029-0000-000000000001', '20230000-0004-0029-0000-000000000001', '29', 'sin³α + cos³α = ?', '37/125', 3, 1),
('20230000-0008-0030-0000-000000000001', '20230000-0004-0030-0000-000000000001', '30', 'Тэнцэтгэл биш.', '(−∞; −7) ∪ (1/3; +∞)', 3, 1),
('20230000-0008-0031-0000-000000000001', '20230000-0004-0031-0000-000000000001', '31', 'Хэдэн сурагч?', '6', 3, 1),
('20230000-0008-0032-0000-000000000001', '20230000-0004-0032-0000-000000000001', '32', 'Шулууны тэгшитгэл.', 'y = 4x − 8', 3, 1),
('20230000-0008-0033-0000-000000000001', '20230000-0004-0033-0000-000000000001', '33', 'x = ?', '4√3', 3, 1),
('20230000-0008-0034-0000-000000000001', '20230000-0004-0034-0000-000000000001', '34', 'a, b тоог ол.', 'a = −1, b = 2', 3, 1),
('20230000-0008-0035-0000-000000000001', '20230000-0004-0035-0000-000000000001', '35', 'Максимум утгыг ол.', '12', 3, 1),
('20230000-0008-0036-0000-000000000001', '20230000-0004-0036-0000-000000000001', '36', '(p, q) тоог ол.', 'p = 3, q = −2', 3, 1),
('20230000-0008-0037-0000-000000000001', '20230000-0004-0037-0000-000000000001', '2.1', 'f(x) = x² − px + q', 'a=4, b=3, c=3, d=2, e=4, f=4, g=8', 7, 1),
('20230000-0008-0038-0000-000000000001', '20230000-0004-0038-0000-000000000001', '2.2', 'Параллелограмм.', 'a=1, b=2, c=3, d=1, e=8, f=3, g=6, h=2', 7, 1),
('20230000-0008-0039-0000-000000000001', '20230000-0004-0039-0000-000000000001', '2.3', 'Бөмбөгний туршилт.', 'a=2, b=4, c=1, d=0, e=3, f=5, g=2, h=3', 7, 1),
('20230000-0008-0040-0000-000000000001', '20230000-0004-0040-0000-000000000001', '2.4', 'Талбай.', 'a=3, b=6, c=6, d=6, e=6, f=2, g=3', 7, 1);

-- 5. OPTIONS (Зөв хариу: 1-D, 2-C, 3-B, 4-D, 5-A, 6-D, 7-C, 8-B, 9-B, 10-C, 11-B, 12-C, 13-B, 14-E, 15-E, 16-C, 17-A, 18-D, 19-C, 20-E, 21-A, 22-D, 23-C, 24-B, 25-D, 26-E, 27-A, 28-D, 29-C, 30-E, 31-D, 32-D, 33-A, 34-C, 35-C, 36-B)
INSERT INTO mock_test_options (id, question_id, option_text, is_correct, order_index) VALUES
-- Бодлого 1 (Зөв: D)
('20230000-0009-0001-0001-000000000001', '20230000-0008-0001-0000-000000000001', '1(5/6)', false, 0),
('20230000-0009-0001-0002-000000000001', '20230000-0008-0001-0000-000000000001', '1(5/12)', false, 1),
('20230000-0009-0001-0003-000000000001', '20230000-0008-0001-0000-000000000001', '5/12', false, 2),
('20230000-0009-0001-0004-000000000001', '20230000-0008-0001-0000-000000000001', '1(1/12)', true, 3),
('20230000-0009-0001-0005-000000000001', '20230000-0008-0001-0000-000000000001', '1(1/6)', false, 4),
-- Бодлого 2 (Зөв: C)
('20230000-0009-0002-0001-000000000001', '20230000-0008-0002-0000-000000000001', '5', false, 0),
('20230000-0009-0002-0002-000000000001', '20230000-0008-0002-0000-000000000001', '4', false, 1),
('20230000-0009-0002-0003-000000000001', '20230000-0008-0002-0000-000000000001', '3', true, 2),
('20230000-0009-0002-0004-000000000001', '20230000-0008-0002-0000-000000000001', '7', false, 3),
('20230000-0009-0002-0005-000000000001', '20230000-0008-0002-0000-000000000001', '4.5', false, 4),
-- Бодлого 3 (Зөв: B)
('20230000-0009-0003-0001-000000000001', '20230000-0008-0003-0000-000000000001', 'A', false, 0),
('20230000-0009-0003-0002-000000000001', '20230000-0008-0003-0000-000000000001', 'B', true, 1),
('20230000-0009-0003-0003-000000000001', '20230000-0008-0003-0000-000000000001', 'C', false, 2),
('20230000-0009-0003-0004-000000000001', '20230000-0008-0003-0000-000000000001', 'D', false, 3),
('20230000-0009-0003-0005-000000000001', '20230000-0008-0003-0000-000000000001', 'E', false, 4),
-- Бодлого 4 (Зөв: D)
('20230000-0009-0004-0001-000000000001', '20230000-0008-0004-0000-000000000001', '{6, 7}', false, 0),
('20230000-0009-0004-0002-000000000001', '20230000-0008-0004-0000-000000000001', '{2, 4, 7}', false, 1),
('20230000-0009-0004-0003-000000000001', '20230000-0008-0004-0000-000000000001', '{4, 6, 0}', false, 2),
('20230000-0009-0004-0004-000000000001', '20230000-0008-0004-0000-000000000001', '{1, 4, 6}', true, 3),
('20230000-0009-0004-0005-000000000001', '20230000-0008-0004-0000-000000000001', '{1, 2, 1.5}', false, 4),
-- Бодлого 5 (Зөв: A)
('20230000-0009-0005-0001-000000000001', '20230000-0008-0005-0000-000000000001', '3 + 4i', true, 0),
('20230000-0009-0005-0002-000000000001', '20230000-0008-0005-0000-000000000001', '4 + 4i', false, 1),
('20230000-0009-0005-0003-000000000001', '20230000-0008-0005-0000-000000000001', '5 + 4i', false, 2),
('20230000-0009-0005-0004-000000000001', '20230000-0008-0005-0000-000000000001', '3', false, 3),
('20230000-0009-0005-0005-000000000001', '20230000-0008-0005-0000-000000000001', '4', false, 4),
-- Бодлого 6 (Зөв: D)
('20230000-0009-0006-0001-000000000001', '20230000-0008-0006-0000-000000000001', '5/6', false, 0),
('20230000-0009-0006-0002-000000000001', '20230000-0008-0006-0000-000000000001', '2/3', false, 1),
('20230000-0009-0006-0003-000000000001', '20230000-0008-0006-0000-000000000001', '1/6', false, 2),
('20230000-0009-0006-0004-000000000001', '20230000-0008-0006-0000-000000000001', '1/2', true, 3),
('20230000-0009-0006-0005-000000000001', '20230000-0008-0006-0000-000000000001', '1/3', false, 4),
-- Бодлого 7 (Зөв: C)
('20230000-0009-0007-0001-000000000001', '20230000-0008-0007-0000-000000000001', '(1/3; +∞)', false, 0),
('20230000-0009-0007-0002-000000000001', '20230000-0008-0007-0000-000000000001', '(3; +∞)', false, 1),
('20230000-0009-0007-0003-000000000001', '20230000-0008-0007-0000-000000000001', '(−∞; +∞)', true, 2),
('20230000-0009-0007-0004-000000000001', '20230000-0008-0007-0000-000000000001', '(−∞; 1/3)', false, 3),
('20230000-0009-0007-0005-000000000001', '20230000-0008-0007-0000-000000000001', '(0; 3)', false, 4),
-- Бодлого 8 (Зөв: B)
('20230000-0009-0008-0001-000000000001', '20230000-0008-0008-0000-000000000001', '29°', false, 0),
('20230000-0009-0008-0002-000000000001', '20230000-0008-0008-0000-000000000001', '32°', true, 1),
('20230000-0009-0008-0003-000000000001', '20230000-0008-0008-0000-000000000001', '58°', false, 2),
('20230000-0009-0008-0004-000000000001', '20230000-0008-0008-0000-000000000001', '42°', false, 3),
('20230000-0009-0008-0005-000000000001', '20230000-0008-0008-0000-000000000001', '90°', false, 4),
-- Бодлого 9 (Зөв: B)
('20230000-0009-0009-0001-000000000001', '20230000-0008-0009-0000-000000000001', '5', false, 0),
('20230000-0009-0009-0002-000000000001', '20230000-0008-0009-0000-000000000001', '4', true, 1),
('20230000-0009-0009-0003-000000000001', '20230000-0008-0009-0000-000000000001', '9', false, 2),
('20230000-0009-0009-0004-000000000001', '20230000-0008-0009-0000-000000000001', '13', false, 3),
('20230000-0009-0009-0005-000000000001', '20230000-0008-0009-0000-000000000001', '14', false, 4),
-- Бодлого 10 (Зөв: C)
('20230000-0009-0010-0001-000000000001', '20230000-0008-0010-0000-000000000001', '1 < x < 10', false, 0),
('20230000-0009-0010-0002-000000000001', '20230000-0008-0010-0000-000000000001', 'x < 9', false, 1),
('20230000-0009-0010-0003-000000000001', '20230000-0008-0010-0000-000000000001', '1 < x < 9', true, 2),
('20230000-0009-0010-0004-000000000001', '20230000-0008-0010-0000-000000000001', '1 < x < 7', false, 3),
('20230000-0009-0010-0005-000000000001', '20230000-0008-0010-0000-000000000001', 'x < 7', false, 4),
-- Бодлого 11 (Зөв: B)
('20230000-0009-0011-0001-000000000001', '20230000-0008-0011-0000-000000000001', '180', false, 0),
('20230000-0009-0011-0002-000000000001', '20230000-0008-0011-0000-000000000001', '300', true, 1),
('20230000-0009-0011-0003-000000000001', '20230000-0008-0011-0000-000000000001', '450', false, 2),
('20230000-0009-0011-0004-000000000001', '20230000-0008-0011-0000-000000000001', '225', false, 3),
('20230000-0009-0011-0005-000000000001', '20230000-0008-0011-0000-000000000001', '150', false, 4),
-- Бодлого 12 (Зөв: C)
('20230000-0009-0012-0001-000000000001', '20230000-0008-0012-0000-000000000001', '1/2', false, 0),
('20230000-0009-0012-0002-000000000001', '20230000-0008-0012-0000-000000000001', '(1+√3)/2', false, 1),
('20230000-0009-0012-0003-000000000001', '20230000-0008-0012-0000-000000000001', '3/2', true, 2),
('20230000-0009-0012-0004-000000000001', '20230000-0008-0012-0000-000000000001', '(2√3+1)/2', false, 3),
('20230000-0009-0012-0005-000000000001', '20230000-0008-0012-0000-000000000001', '3√3/2', false, 4),
-- Бодлого 13 (Зөв: B)
('20230000-0009-0013-0001-000000000001', '20230000-0008-0013-0000-000000000001', '5', false, 0),
('20230000-0009-0013-0002-000000000001', '20230000-0008-0013-0000-000000000001', '4', true, 1),
('20230000-0009-0013-0003-000000000001', '20230000-0008-0013-0000-000000000001', '3', false, 2),
('20230000-0009-0013-0004-000000000001', '20230000-0008-0013-0000-000000000001', '6', false, 3),
('20230000-0009-0013-0005-000000000001', '20230000-0008-0013-0000-000000000001', '2', false, 4),
-- Бодлого 14 (Зөв: E)
('20230000-0009-0014-0001-000000000001', '20230000-0008-0014-0000-000000000001', '1/2', false, 0),
('20230000-0009-0014-0002-000000000001', '20230000-0008-0014-0000-000000000001', '1/5', false, 1),
('20230000-0009-0014-0003-000000000001', '20230000-0008-0014-0000-000000000001', '1/10', false, 2),
('20230000-0009-0014-0004-000000000001', '20230000-0008-0014-0000-000000000001', '1', false, 3),
('20230000-0009-0014-0005-000000000001', '20230000-0008-0014-0000-000000000001', '1/3', true, 4),
-- Бодлого 15 (Зөв: E)
('20230000-0009-0015-0001-000000000001', '20230000-0008-0015-0000-000000000001', 'e^(−2x)', false, 0),
('20230000-0009-0015-0002-000000000001', '20230000-0008-0015-0000-000000000001', '−4e^(−2x)', false, 1),
('20230000-0009-0015-0003-000000000001', '20230000-0008-0015-0000-000000000001', '−2e^(−2x)', false, 2),
('20230000-0009-0015-0004-000000000001', '20230000-0008-0015-0000-000000000001', '2e^(−2x)', false, 3),
('20230000-0009-0015-0005-000000000001', '20230000-0008-0015-0000-000000000001', '4e^(−2x)', true, 4),
-- Бодлого 16 (Зөв: C)
('20230000-0009-0016-0001-000000000001', '20230000-0008-0016-0000-000000000001', '2/3', false, 0),
('20230000-0009-0016-0002-000000000001', '20230000-0008-0016-0000-000000000001', '5/6', false, 1),
('20230000-0009-0016-0003-000000000001', '20230000-0008-0016-0000-000000000001', '1/2', true, 2),
('20230000-0009-0016-0004-000000000001', '20230000-0008-0016-0000-000000000001', '1/3', false, 3),
('20230000-0009-0016-0005-000000000001', '20230000-0008-0016-0000-000000000001', '1/6', false, 4),
-- Бодлого 17 (Зөв: A)
('20230000-0009-0017-0001-000000000001', '20230000-0008-0017-0000-000000000001', '±√7', true, 0),
('20230000-0009-0017-0002-000000000001', '20230000-0008-0017-0000-000000000001', '±1', false, 1),
('20230000-0009-0017-0003-000000000001', '20230000-0008-0017-0000-000000000001', '3', false, 2),
('20230000-0009-0017-0004-000000000001', '20230000-0008-0017-0000-000000000001', '2√2', false, 3),
('20230000-0009-0017-0005-000000000001', '20230000-0008-0017-0000-000000000001', '±√3', false, 4),
-- Бодлого 18 (Зөв: D)
('20230000-0009-0018-0001-000000000001', '20230000-0008-0018-0000-000000000001', '3', false, 0),
('20230000-0009-0018-0002-000000000001', '20230000-0008-0018-0000-000000000001', '−3', false, 1),
('20230000-0009-0018-0003-000000000001', '20230000-0008-0018-0000-000000000001', '−5', false, 2),
('20230000-0009-0018-0004-000000000001', '20230000-0008-0018-0000-000000000001', '5', true, 3),
('20230000-0009-0018-0005-000000000001', '20230000-0008-0018-0000-000000000001', '4', false, 4),
-- Бодлого 19 (Зөв: C)
('20230000-0009-0019-0001-000000000001', '20230000-0008-0019-0000-000000000001', 'Ib, IIc, IIIa', false, 0),
('20230000-0009-0019-0002-000000000001', '20230000-0008-0019-0000-000000000001', 'Ic, IIa, IIIb', false, 1),
('20230000-0009-0019-0003-000000000001', '20230000-0008-0019-0000-000000000001', 'Ib, IIa, IIIc', true, 2),
('20230000-0009-0019-0004-000000000001', '20230000-0008-0019-0000-000000000001', 'Ia, IIb, IIIc', false, 3),
('20230000-0009-0019-0005-000000000001', '20230000-0008-0019-0000-000000000001', 'Ic, IIb, IIIa', false, 4),
-- Бодлого 20 (Зөв: E)
('20230000-0009-0020-0001-000000000001', '20230000-0008-0020-0000-000000000001', '−3', false, 0),
('20230000-0009-0020-0002-000000000001', '20230000-0008-0020-0000-000000000001', '3', false, 1),
('20230000-0009-0020-0003-000000000001', '20230000-0008-0020-0000-000000000001', '−4', false, 2),
('20230000-0009-0020-0004-000000000001', '20230000-0008-0020-0000-000000000001', '−3; 4', false, 3),
('20230000-0009-0020-0005-000000000001', '20230000-0008-0020-0000-000000000001', '3; −4', true, 4),
-- Бодлого 21 (Зөв: A)
('20230000-0009-0021-0001-000000000001', '20230000-0008-0021-0000-000000000001', '1/8', true, 0),
('20230000-0009-0021-0002-000000000001', '20230000-0008-0021-0000-000000000001', '1/4', false, 1),
('20230000-0009-0021-0003-000000000001', '20230000-0008-0021-0000-000000000001', '9/10', false, 2),
('20230000-0009-0021-0004-000000000001', '20230000-0008-0021-0000-000000000001', '10/41', false, 3),
('20230000-0009-0021-0005-000000000001', '20230000-0008-0021-0000-000000000001', '2/5', false, 4),
-- Бодлого 22 (Зөв: D)
('20230000-0009-0022-0001-000000000001', '20230000-0008-0022-0000-000000000001', 'x − y + 2 = 0', false, 0),
('20230000-0009-0022-0002-000000000001', '20230000-0008-0022-0000-000000000001', 'x − 3y + 5 = 0', false, 1),
('20230000-0009-0022-0003-000000000001', '20230000-0008-0022-0000-000000000001', '2x + 3y + 1 = 0', false, 2),
('20230000-0009-0022-0004-000000000001', '20230000-0008-0022-0000-000000000001', '2x − 3y + 7 = 0', true, 3),
('20230000-0009-0022-0005-000000000001', '20230000-0008-0022-0000-000000000001', '2x + 3y − 11 = 0', false, 4),
-- Бодлого 23 (Зөв: C)
('20230000-0009-0023-0001-000000000001', '20230000-0008-0023-0000-000000000001', 'Ox тэнхлэгийн хувь дахь тэгш хэм', false, 0),
('20230000-0009-0023-0002-000000000001', '20230000-0008-0023-0000-000000000001', 'O(0,0) цэгт төвтэй 90° өнцгийн эргүүлэлт', false, 1),
('20230000-0009-0023-0003-000000000001', '20230000-0008-0023-0000-000000000001', 'O(0,0) цэгт төвтэй −90° өнцгийн эргүүлэлт', true, 2),
('20230000-0009-0023-0004-000000000001', '20230000-0008-0023-0000-000000000001', 'Oy тэнхлэгийн хувь дахь тэгш хэм', false, 3),
('20230000-0009-0023-0005-000000000001', '20230000-0008-0023-0000-000000000001', 'y = x шулууны хувь дахь тэгш хэм', false, 4),
-- Бодлого 24 (Зөв: B)
('20230000-0009-0024-0001-000000000001', '20230000-0008-0024-0000-000000000001', '100π', false, 0),
('20230000-0009-0024-0002-000000000001', '20230000-0008-0024-0000-000000000001', '240π', true, 1),
('20230000-0009-0024-0003-000000000001', '20230000-0008-0024-0000-000000000001', '300π', false, 2),
('20230000-0009-0024-0004-000000000001', '20230000-0008-0024-0000-000000000001', '720π', false, 3),
('20230000-0009-0024-0005-000000000001', '20230000-0008-0024-0000-000000000001', '360π', false, 4),
-- Бодлого 25 (Зөв: D)
('20230000-0009-0025-0001-000000000001', '20230000-0008-0025-0000-000000000001', '(2x−1)³/6 + C', false, 0),
('20230000-0009-0025-0002-000000000001', '20230000-0008-0025-0000-000000000001', '3(2x−1)³ + C', false, 1),
('20230000-0009-0025-0003-000000000001', '20230000-0008-0025-0000-000000000001', '2(2x−1)³ + C', false, 2),
('20230000-0009-0025-0004-000000000001', '20230000-0008-0025-0000-000000000001', '(2x−1)³ + C', true, 3),
('20230000-0009-0025-0005-000000000001', '20230000-0008-0025-0000-000000000001', '(2x−1)³/3 + C', false, 4),
-- Бодлого 26 (Зөв: E)
('20230000-0009-0026-0001-000000000001', '20230000-0008-0026-0000-000000000001', '20', false, 0),
('20230000-0009-0026-0002-000000000001', '20230000-0008-0026-0000-000000000001', '12', false, 1),
('20230000-0009-0026-0003-000000000001', '20230000-0008-0026-0000-000000000001', '254', false, 2),
('20230000-0009-0026-0004-000000000001', '20230000-0008-0026-0000-000000000001', '15.8', false, 3),
('20230000-0009-0026-0005-000000000001', '20230000-0008-0026-0000-000000000001', '50.8', true, 4),
-- Бодлого 27 (Зөв: A)
('20230000-0009-0027-0001-000000000001', '20230000-0008-0027-0000-000000000001', '36', true, 0),
('20230000-0009-0027-0002-000000000001', '20230000-0008-0027-0000-000000000001', '30', false, 1),
('20230000-0009-0027-0003-000000000001', '20230000-0008-0027-0000-000000000001', '24', false, 2),
('20230000-0009-0027-0004-000000000001', '20230000-0008-0027-0000-000000000001', '18', false, 3),
('20230000-0009-0027-0005-000000000001', '20230000-0008-0027-0000-000000000001', '20', false, 4),
-- Бодлого 28 (Зөв: D)
('20230000-0009-0028-0001-000000000001', '20230000-0008-0028-0000-000000000001', 'π/2 − 1', false, 0),
('20230000-0009-0028-0002-000000000001', '20230000-0008-0028-0000-000000000001', 'π', false, 1),
('20230000-0009-0028-0003-000000000001', '20230000-0008-0028-0000-000000000001', 'π + 1', false, 2),
('20230000-0009-0028-0004-000000000001', '20230000-0008-0028-0000-000000000001', 'π − 1', true, 3),
('20230000-0009-0028-0005-000000000001', '20230000-0008-0028-0000-000000000001', 'π/2 + 1', false, 4),
-- Бодлого 29 (Зөв: C)
('20230000-0009-0029-0001-000000000001', '20230000-0008-0029-0000-000000000001', '1/125', false, 0),
('20230000-0009-0029-0002-000000000001', '20230000-0008-0029-0000-000000000001', '13/125', false, 1),
('20230000-0009-0029-0003-000000000001', '20230000-0008-0029-0000-000000000001', '37/125', true, 2),
('20230000-0009-0029-0004-000000000001', '20230000-0008-0029-0000-000000000001', '49/125', false, 3),
('20230000-0009-0029-0005-000000000001', '20230000-0008-0029-0000-000000000001', '51/125', false, 4),
-- Бодлого 30 (Зөв: E)
('20230000-0009-0030-0001-000000000001', '20230000-0008-0030-0000-000000000001', '(−∞; 1/3) ∪ (7; +∞)', false, 0),
('20230000-0009-0030-0002-000000000001', '20230000-0008-0030-0000-000000000001', '(−∞; −7) ∪ (3; +∞)', false, 1),
('20230000-0009-0030-0003-000000000001', '20230000-0008-0030-0000-000000000001', '(1/3; +∞)', false, 2),
('20230000-0009-0030-0004-000000000001', '20230000-0008-0030-0000-000000000001', '(−7; 1/3)', false, 3),
('20230000-0009-0030-0005-000000000001', '20230000-0008-0030-0000-000000000001', '(−∞; −7) ∪ (1/3; +∞)', true, 4),
-- Бодлого 31 (Зөв: D)
('20230000-0009-0031-0001-000000000001', '20230000-0008-0031-0000-000000000001', '7', false, 0),
('20230000-0009-0031-0002-000000000001', '20230000-0008-0031-0000-000000000001', '3', false, 1),
('20230000-0009-0031-0003-000000000001', '20230000-0008-0031-0000-000000000001', '5', false, 2),
('20230000-0009-0031-0004-000000000001', '20230000-0008-0031-0000-000000000001', '6', true, 3),
('20230000-0009-0031-0005-000000000001', '20230000-0008-0031-0000-000000000001', '2', false, 4),
-- Бодлого 32 (Зөв: D)
('20230000-0009-0032-0001-000000000001', '20230000-0008-0032-0000-000000000001', 'y = 8x − 16', false, 0),
('20230000-0009-0032-0002-000000000001', '20230000-0008-0032-0000-000000000001', 'y = 2x − 4', false, 1),
('20230000-0009-0032-0003-000000000001', '20230000-0008-0032-0000-000000000001', 'y = 4x − 4', false, 2),
('20230000-0009-0032-0004-000000000001', '20230000-0008-0032-0000-000000000001', 'y = 4x − 8', true, 3),
('20230000-0009-0032-0005-000000000001', '20230000-0008-0032-0000-000000000001', 'y = 8x − 8', false, 4),
-- Бодлого 33 (Зөв: A)
('20230000-0009-0033-0001-000000000001', '20230000-0008-0033-0000-000000000001', '4√3', true, 0),
('20230000-0009-0033-0002-000000000001', '20230000-0008-0033-0000-000000000001', '9', false, 1),
('20230000-0009-0033-0003-000000000001', '20230000-0008-0033-0000-000000000001', '8', false, 2),
('20230000-0009-0033-0004-000000000001', '20230000-0008-0033-0000-000000000001', '2√3', false, 3),
('20230000-0009-0033-0005-000000000001', '20230000-0008-0033-0000-000000000001', '3√5', false, 4),
-- Бодлого 34 (Зөв: C)
('20230000-0009-0034-0001-000000000001', '20230000-0008-0034-0000-000000000001', 'a = −7, b = 4', false, 0),
('20230000-0009-0034-0002-000000000001', '20230000-0008-0034-0000-000000000001', 'a = −1, b = 4', false, 1),
('20230000-0009-0034-0003-000000000001', '20230000-0008-0034-0000-000000000001', 'a = −1, b = 2', true, 2),
('20230000-0009-0034-0004-000000000001', '20230000-0008-0034-0000-000000000001', 'a = 1, b = 4', false, 3),
('20230000-0009-0034-0005-000000000001', '20230000-0008-0034-0000-000000000001', 'a = −7, b = −4', false, 4),
-- Бодлого 35 (Зөв: C)
('20230000-0009-0035-0001-000000000001', '20230000-0008-0035-0000-000000000001', '15', false, 0),
('20230000-0009-0035-0002-000000000001', '20230000-0008-0035-0000-000000000001', '−42', false, 1),
('20230000-0009-0035-0003-000000000001', '20230000-0008-0035-0000-000000000001', '12', true, 2),
('20230000-0009-0035-0004-000000000001', '20230000-0008-0035-0000-000000000001', '18', false, 3),
('20230000-0009-0035-0005-000000000001', '20230000-0008-0035-0000-000000000001', '9', false, 4),
-- Бодлого 36 (Зөв: B)
('20230000-0009-0036-0001-000000000001', '20230000-0008-0036-0000-000000000001', 'p = 3, q = −1', false, 0),
('20230000-0009-0036-0002-000000000001', '20230000-0008-0036-0000-000000000001', 'p = 3, q = −2', true, 1),
('20230000-0009-0036-0003-000000000001', '20230000-0008-0036-0000-000000000001', 'p = −3, q = 1', false, 2),
('20230000-0009-0036-0004-000000000001', '20230000-0008-0036-0000-000000000001', 'p = −3, q = 2', false, 3),
('20230000-0009-0036-0005-000000000001', '20230000-0008-0036-0000-000000000001', 'p = 3, q = 1', false, 4);
